date,temperature_2m,dew_point_2m,precipitation,rain,evapotranspiration,wind_speed_10m,wind_speed_80m,wind_speed_120m,wind_direction_10m,wind_direction_80m,wind_direction_120m,wind_gusts_10m,soil_temperature_0cm,soil_temperature_6cm,soil_temperature_18cm,soil_moisture_0_to_1cm,soil_moisture_1_to_3cm,soil_moisture_3_to_9cm,soil_moisture_9_to_27cm,temperature_80m,cloud_cover,surface_pressure,showers
2026-05-15 04:00:00+07:00,24.3405,21.0405,0.3,0.20000002,0.01,0.6489992,5.450023,5.707259,213.6901,213.17853,213.17853,15.119999,22.7905,24.047998,25.297998,0.312,0.314,0.322,0.348,25.348,79.0,951.91614,0.1
2026-05-15 05:00:00+07:00,24.2905,21.9405,0.1,0.1,0.01,0.8049845,4.5749793,4.790914,116.56499,184.39862,184.39862,10.799999,23.5905,23.948,25.198,0.312,0.315,0.322,0.348,25.248,95.0,952.286,0.0
2026-05-15 06:00:00+07:00,24.1905,22.240501,0.0,0.0,0.01,0.9,3.1579642,3.307017,53.13002,180.0,180.0,10.440001,23.7905,23.897999,25.098,0.312,0.315,0.322,0.347,24.848,88.0,952.7417,0.0
2026-05-15 07:00:00+07:00,25.240501,24.1905,0.0,0.0,0.02,2.9522195,4.9249043,5.1573553,127.568665,175.91446,175.91446,10.440001,25.490501,24.147999,24.998,0.319,0.321,0.326,0.347,24.647999,39.0,953.49335,0.0
2026-05-15 08:00:00+07:00,26.640501,24.1905,0.0,0.0,0.050000004,2.9301877,4.0351763,4.225633,169.3804,180.0,180.0,13.32,28.0905,24.547998,24.948,0.319,0.321,0.326,0.346,24.547998,37.0,954.1154,0.0
2026-05-15 09:00:00+07:00,27.9405,24.140501,0.0,0.0,0.20000002,6.297428,8.36991,8.764963,210.96368,213.02386,213.02386,20.16,30.490501,25.547998,24.948,0.344,0.326,0.326,0.346,25.047998,99.0,954.43384,0.0
2026-05-15 10:00:00+07:00,28.4405,23.6905,0.0,0.0,0.39000002,9.178235,12.034125,12.602125,221.82008,224.40942,224.40942,26.28,30.390501,26.647999,24.998,0.331,0.331,0.327,0.345,25.647999,86.0,954.70917,0.0
2026-05-15 11:00:00+07:00,29.390501,23.7905,0.2,0.1,0.44,9.7565975,12.950696,13.561957,232.49579,234.372,234.372,27.359999,32.2405,27.448,25.147999,0.335,0.331,0.327,0.344,26.147999,100.0,954.39746,0.1
2026-05-15 12:00:00+07:00,29.640501,24.0905,0.4,0.2,0.46,9.044888,11.685047,12.23657,227.41954,228.65231,228.65231,28.44,32.7405,28.198,25.348,0.339,0.334,0.328,0.344,26.748,65.0,953.87146,0.2
2026-05-15 13:00:00+07:00,29.240501,23.640501,0.1,0.0,0.44,10.897063,13.819922,14.472209,210.80138,213.08485,213.08485,33.839996,32.2905,28.198,25.598,0.397,0.386,0.348,0.344,26.448,77.0,953.2354,0.1
2026-05-15 14:00:00+07:00,28.6905,24.0905,1.2,0.8000001,0.43,9.9,12.772406,13.37525,216.86998,217.18478,217.18478,32.039997,31.140501,28.647999,25.748,0.374,0.376,0.357,0.344,27.248,63.0,952.0997,0.4
2026-05-15 15:00:00+07:00,28.0905,24.390501,0.7,0.5,0.3,11.854062,16.026838,16.783289,221.92245,221.89389,221.89389,32.399998,30.8405,28.297998,25.948,0.42,0.416,0.375,0.345,26.147999,75.0,951.42896,0.2
2026-05-15 16:00:00+07:00,28.240501,24.5405,0.5,0.4,0.25,8.461915,11.371324,11.90804,218.08882,218.10762,218.10762,29.88,29.890501,27.848,26.047998,0.394,0.397,0.396,0.348,25.848,16.0,950.50775,0.1
2026-05-15 17:00:00+07:00,28.0905,23.990501,0.2,0.1,0.21000002,7.0038276,9.4234,9.8681755,205.90645,208.9509,208.9509,25.56,28.8405,27.598,26.147999,0.375,0.382,0.394,0.352,26.047998,20.0,950.3872,0.1
2026-05-15 18:00:00+07:00,27.490501,24.0905,0.1,0.1,0.14000002,5.0816135,9.905898,10.373447,202.93213,202.93213,202.93213,19.44,27.0405,27.248,26.198,0.392,0.391,0.39,0.356,25.848,81.0,950.66345,0.0
2026-05-15 19:00:00+07:00,26.990501,23.9405,0.0,0.0,0.06,3.6179552,11.233799,11.764024,185.7105,194.47034,194.47034,15.119999,25.5405,26.948,26.297998,0.371,0.379,0.389,0.36,27.047998,20.0,950.767,0.0
2026-05-15 20:00:00+07:00,26.740501,23.5905,0.0,0.0,0.03,2.907989,10.05394,10.528476,201.80147,209.24873,209.24873,14.4,25.140501,26.248,26.297998,0.375,0.373,0.384,0.362,26.647999,48.0,951.76544,0.0
2026-05-15 21:00:00+07:00,26.240501,23.240501,0.0,0.0,0.02,2.226477,9.270271,9.707819,194.03627,209.4758,209.4758,14.4,24.5405,25.698,26.198,0.385,0.383,0.383,0.364,26.147999,80.0,952.24713,0.0
2026-05-15 22:00:00+07:00,26.0405,22.9405,0.0,0.0,0.01,0.8049845,7.061423,7.3947153,153.43501,206.56499,206.56499,13.32,23.990501,25.297998,26.147999,0.379,0.378,0.383,0.366,26.248,95.0,952.6858,0.0
2026-05-15 23:00:00+07:00,25.740501,22.7905,0.0,0.0,0.01,0.40249225,5.9753547,6.2573857,116.56499,220.23628,220.23628,11.5199995,23.640501,24.998,25.998,0.391,0.388,0.384,0.368,26.147999,98.0,953.20197,0.0
2026-05-16 00:00:00+07:00,25.4405,22.740501,0.0,0.0,0.01,0.54,5.954715,6.2357717,180.0,224.9999,224.9999,11.159999,23.5905,24.748,25.897999,0.396,0.394,0.388,0.37,25.647999,98.0,953.1497,0.0
2026-05-16 01:00:00+07:00,24.640501,22.740501,1.8,0.19999993,0.01,2.1674871,4.7401943,4.9639273,355.23645,272.12103,272.12103,20.880001,23.890501,24.547998,25.797998,0.401,0.401,0.398,0.374,25.147999,98.0,952.8207,1.6
2026-05-16 02:00:00+07:00,23.1905,22.5405,5.0,1.0,0.01,3.9477081,9.617384,10.071315,204.22774,218.33337,218.33337,18.72,23.0405,24.397999,25.647999,0.396,0.397,0.399,0.378,24.848,100.0,953.2279,4.0
2026-05-16 03:00:00+07:00,22.990501,22.4405,2.2,2.0,-0.0,1.3104197,2.7739887,2.9049184,105.945465,145.30478,145.30478,19.44,22.8405,24.198,25.547998,0.397,0.397,0.399,0.381,24.748,96.0,952.43567,0.2
2026-05-16 04:00:00+07:00,22.640501,22.0405,0.1,0.1,-0.0,2.4482648,3.6884665,3.8625586,53.972538,64.65388,64.65388,9.0,22.390501,24.098,25.397999,0.389,0.392,0.399,0.385,24.647999,100.0,952.1844,0.0
2026-05-16 05:00:00+07:00,22.8405,22.2905,0.0,0.0,0.01,3.0547013,5.2103744,5.4563,44.999897,44.999897,44.999897,9.36,22.640501,24.047998,25.297998,0.381,0.388,0.395,0.387,24.248,100.0,952.693,0.0
2026-05-16 06:00:00+07:00,22.990501,22.4405,0.1,0.1,0.01,1.6299692,3.3518236,3.5100265,83.659904,83.99109,83.99109,8.64,22.9405,23.948,25.198,0.368,0.375,0.389,0.389,24.248,100.0,952.90875,0.0
2026-05-16 07:00:00+07:00,24.4405,23.640501,0.1,0.1,0.03,3.494968,5.8319774,6.107241,145.49142,158.83867,158.83867,7.92,24.5405,24.198,25.098,0.364,0.371,0.385,0.39,24.348,82.0,953.164,0.0
2026-05-16 08:00:00+07:00,25.8405,24.0905,0.2,0.1,0.13,1.484318,2.5119536,2.6305158,165.96373,167.90526,167.90526,11.5199995,27.140501,24.998,25.047998,0.358,0.365,0.379,0.39,24.448,40.0,953.69244,0.1
2026-05-16 09:00:00+07:00,27.390501,24.2905,0.1,0.0,0.27,5.48631,7.1995564,7.539368,221.00899,223.02507,223.02507,17.28,30.7905,25.897999,25.098,0.361,0.364,0.374,0.389,24.748,41.0,953.8659,0.1
2026-05-16 10:00:00+07:00,28.740501,23.990501,0.1,0.0,0.40000004,7.344794,9.586931,10.039425,233.97253,235.43741,235.43741,21.599998,32.2405,26.748,25.147999,0.36,0.363,0.371,0.388,25.147999,98.0,953.8133,0.1
2026-05-16 11:00:00+07:00,29.740501,23.8405,0.1,0.1,0.49000004,7.7900705,10.001759,10.473833,229.68597,232.12495,232.12495,23.039999,33.4405,27.547998,25.297998,0.359,0.361,0.369,0.386,25.647999,100.0,953.7938,0.0
2026-05-16 12:00:00+07:00,29.490501,23.5405,0.1,0.1,0.53,6.9153743,8.815874,9.231976,218.65984,222.58046,222.58046,22.68,31.7905,28.448,25.498,0.349,0.357,0.366,0.385,26.448,95.0,952.9934,0.0
2026-05-16 13:00:00+07:00,30.6905,23.6905,0.1,0.0,0.49000004,6.698806,8.386443,8.782275,210.69965,217.34943,217.34943,21.96,34.3405,29.198,25.748,0.357,0.358,0.365,0.383,27.448,92.0,952.3433,0.1
2026-05-16 14:00:00+07:00,31.0905,24.140501,0.2,0.1,0.44,6.9270773,8.555407,8.959214,204.56715,208.14151,208.14151,21.599998,34.5405,29.498,25.948,0.361,0.362,0.364,0.382,27.647999,95.0,951.1787,0.1
2026-05-16 15:00:00+07:00,30.9405,23.5905,0.1,0.1,0.37000003,9.793059,12.667141,13.265018,216.02747,216.55257,216.55257,25.56,33.5905,29.498,26.198,0.38,0.367,0.364,0.381,27.948,98.0,950.68,0.0
2026-05-16 16:00:00+07:00,30.240501,23.2905,0.2,0.1,0.34,10.152064,13.617997,14.260754,217.07317,218.19873,218.19873,27.359999,31.5905,29.248,26.397999,0.394,0.402,0.379,0.38,27.748,66.0,950.0886,0.1
2026-05-16 17:00:00+07:00,29.0905,23.990501,0.2,0.1,0.27,9.648067,13.382017,14.013636,216.6562,214.31514,214.31514,26.64,29.1905,28.948,26.547998,0.384,0.381,0.383,0.381,27.748,84.0,950.55743,0.1
2026-05-16 18:00:00+07:00,28.240501,24.390501,0.0,0.0,0.13,8.528657,15.837507,16.585024,224.14499,219.15543,219.15543,23.4,27.7905,28.348,26.647999,0.379,0.386,0.385,0.381,27.248,90.0,950.79193,0.0
2026-05-16 19:00:00+07:00,28.140501,24.3405,0.0,0.0,0.06,3.381893,11.240646,11.771195,244.7989,235.81383,235.81383,22.68,26.3405,27.598,26.698,0.399,0.397,0.385,0.381,26.647999,80.0,950.86945,0.0
2026-05-16 20:00:00+07:00,27.5405,23.640501,0.0,0.0,0.03,4.510787,12.5168085,13.107591,208.61037,211.23915,211.23915,14.759999,25.5905,26.848,26.647999,0.391,0.394,0.393,0.382,26.147999,73.0,951.4297,0.0
2026-05-16 21:00:00+07:00,26.6905,23.640501,0.0,0.0,0.02,3.96,10.770795,11.279166,180.0,192.22511,192.22511,14.759999,24.890501,26.297998,26.598,0.371,0.377,0.389,0.384,26.147999,66.0,952.1358,0.0
2026-05-16 22:00:00+07:00,26.240501,23.740501,0.0,0.0,0.01,1.08,6.491371,6.7977576,180.0,198.92474,198.92474,13.679999,24.640501,25.948,26.547998,0.367,0.371,0.383,0.385,25.948,46.0,952.5311,0.0
2026-05-16 23:00:00+07:00,25.4405,23.5905,0.0,0.0,0.01,1.2727921,3.1038938,3.2503948,98.13002,137.29063,137.29063,8.64,23.990501,25.647999,26.448,0.363,0.368,0.378,0.385,25.748,41.0,953.1497,0.0
2026-05-17 00:00:00+07:00,24.740501,23.490501,0.0,0.0,0.01,2.5959969,5.1149826,5.356405,123.690094,149.03632,149.03632,9.36,23.5905,25.448,26.297998,0.362,0.365,0.375,0.385,25.448,40.0,952.93286,0.0
2026-05-17 01:00:00+07:00,24.8405,23.7905,0.0,0.0,0.01,1.9386592,6.029199,6.313772,111.801476,188.3658,188.3658,9.72,23.7905,25.297998,26.248,0.359,0.364,0.373,0.385,25.448,21.0,952.3825,0.0
2026-05-17 02:00:00+07:00,24.390501,23.490501,0.0,0.0,0.01,1.9881649,4.5749793,4.790914,95.19434,184.39862,184.39862,10.440001,23.240501,25.098,26.098,0.357,0.361,0.37,0.384,25.248,21.0,951.7356,0.0
2026-05-17 03:00:00+07:00,24.0905,23.3405,0.0,0.0,0.01,1.835647,3.8756504,4.0585775,101.3099,185.19434,185.19434,10.08,23.0905,24.948,25.998,0.361,0.363,0.369,0.384,24.848,39.0,951.3046,0.0
2026-05-17 04:00:00+07:00,23.7905,23.240501,0.0,0.0,-0.0,2.226477,3.3883567,3.5482838,75.96373,158.74942,158.74942,10.08,23.0405,24.748,25.897999,0.357,0.361,0.368,0.383,24.848,52.0,951.44116,0.0
2026-05-17 05:00:00+07:00,23.3405,22.9405,0.1,0.1,-0.0,2.8856194,4.740194,4.963927,93.57626,141.009,141.009,9.72,22.740501,24.598,25.748,0.365,0.364,0.367,0.382,24.448,73.0,952.0243,0.0
2026-05-17 06:00:00+07:00,23.390501,22.990501,0.1,0.1,-0.0,3.4949677,3.9775558,4.1652927,78.11137,138.57643,138.57643,9.72,23.4405,24.397999,25.647999,0.36,0.363,0.367,0.381,24.348,51.0,952.317,0.0
2026-05-17 07:00:00+07:00,25.640501,23.5905,0.4,0.3,0.03,0.9,0.8772123,0.9186159,36.86999,180.0,180.0,13.679999,26.9405,24.598,25.498,0.362,0.367,0.373,0.381,24.547998,29.0,953.3737,0.1
2026-05-17 08:00:00+07:00,27.3405,23.2905,0.0,0.0,0.16,4.3573384,5.839889,6.115526,218.2902,212.73521,212.73521,14.759999,29.640501,25.498,25.448,0.359,0.361,0.37,0.381,24.647999,16.0,954.1414,0.0
2026-05-17 09:00:00+07:00,27.8405,23.7905,0.2,0.0,0.33,5.6262593,7.7194686,8.083819,277.3523,270.0,270.0,23.759998,31.0405,26.598,25.498,0.357,0.359,0.368,0.38,25.547998,88.0,954.70105,0.2
2026-05-17 10:00:00+07:00,29.3405,24.0905,0.2,0.1,0.46,1.5273507,2.2807522,2.3884015,315.0001,292.6199,292.6199,21.96,33.5405,27.598,25.598,0.354,0.358,0.365,0.379,25.848,94.0,954.2944,0.1
2026-05-17 11:00:00+07:00,30.2905,23.8405,0.1,0.0,0.54,4.4274144,5.7361903,6.006933,243.43501,246.57129,246.57129,19.44,34.190502,28.647999,25.748,0.348,0.354,0.363,0.378,26.848,32.0,953.98157,0.1
2026-05-17 12:00:00+07:00,31.1905,24.0905,0.2,0.1,0.56000006,5.5450516,7.011116,7.3420343,234.24602,238.29861,238.29861,22.319998,35.4905,29.598,25.998,0.339,0.348,0.36,0.376,27.848,16.0,953.18555,0.1
2026-05-17 13:00:00+07:00,31.640501,23.490501,0.1,0.0,0.55,2.968636,3.3883567,3.5482838,194.03627,201.25058,201.25058,21.599998,36.7905,30.647999,26.248,0.334,0.343,0.357,0.375,28.647999,21.0,952.59735,0.1
2026-05-17 14:00:00+07:00,31.9405,23.3405,0.0,0.0,0.51000005,2.995797,3.7299578,3.9060087,212.73521,221.18582,221.18582,19.08,36.190502,31.098,26.547998,0.328,0.338,0.354,0.374,29.147999,11.0,950.84705,0.0
2026-05-17 15:00:00+07:00,32.2405,23.240501,0.0,0.0,0.42000005,5.2416787,6.4509406,6.7554193,195.94547,202.38017,202.38017,18.72,35.0905,31.098,26.848,0.327,0.335,0.351,0.372,29.348,91.0,949.75934,0.0
2026-05-17 16:00:00+07:00,32.0405,23.0905,0.0,0.0,0.33,5.896202,7.6634426,8.025149,192.33908,195.94547,195.94547,18.0,33.3405,30.797998,27.098,0.329,0.335,0.349,0.371,29.348,96.0,949.0629,0.0
2026-05-17 17:00:00+07:00,31.5405,23.240501,0.0,0.0,0.27,5.414979,7.435118,7.7860494,201.4478,199.29015,199.29015,17.28,31.390501,30.448,27.297998,0.327,0.334,0.347,0.37,29.448,99.0,949.07446,0.0
2026-05-17 18:00:00+07:00,30.6905,24.3405,0.0,0.0,0.15,2.7238941,5.1240015,5.365849,262.40546,231.95291,231.95291,14.759999,30.2905,29.797998,27.448,0.344,0.339,0.346,0.369,27.948,98.0,949.40607,0.0
2026-05-17 19:00:00+07:00,30.140501,24.990501,0.0,0.0,0.06,0.40249225,3.7546325,3.9318476,116.56499,217.40543,217.40543,10.08,27.7905,29.198,27.547998,0.344,0.337,0.345,0.368,27.848,68.0,949.50336,0.0
2026-05-17 20:00:00+07:00,28.640501,24.740501,0.0,0.0,0.03,2.3469126,6.8803873,7.205135,175.60138,199.35909,199.35909,8.64,26.8405,28.147999,27.598,0.37,0.352,0.346,0.367,27.147999,89.0,950.19684,0.0
2026-05-17 21:00:00+07:00,27.390501,24.390501,0.0,0.0,0.01,2.7475805,6.7494063,7.067972,121.60746,152.10283,152.10283,9.0,25.990501,27.348,27.547998,0.355,0.358,0.35,0.367,27.348,98.0,950.83563,0.0
2026-05-17 22:00:00+07:00,26.7905,24.0405,0.0,0.0,0.01,3.536439,9.577294,10.029334,104.743614,118.442825,118.442825,11.5199995,25.5905,26.797998,27.448,0.348,0.352,0.352,0.366,27.448,93.0,951.7743,0.0
2026-05-17 23:00:00+07:00,26.2905,23.9405,0.0,0.0,0.01,2.5455842,6.724277,7.041657,98.13002,105.12406,105.12406,11.159999,25.0405,26.348,27.297998,0.352,0.352,0.352,0.366,27.047998,86.0,952.2558,0.0
2026-05-18 00:00:00+07:00,25.890501,23.5405,0.0,0.0,0.01,4.5536795,10.719233,11.22517,108.43504,111.10492,111.10492,12.599999,24.740501,25.998,27.147999,0.349,0.35,0.353,0.365,26.448,91.0,952.1865,0.0
2026-05-18 01:00:00+07:00,25.5905,24.6905,0.0,0.0,0.01,1.9881649,4.551371,4.766192,84.805664,117.552734,117.552734,12.24,25.140501,25.848,27.047998,0.354,0.359,0.367,0.369,27.047998,88.0,951.47174,0.0
2026-05-18 02:00:00+07:00,25.490501,24.4405,0.0,0.0,-0.0,2.3400002,4.4000745,4.6077538,67.3801,94.57384,94.57384,8.28,24.7905,25.547998,26.897999,0.35,0.355,0.365,0.369,26.647999,83.0,950.79193,0.0
2026-05-18 03:00:00+07:00,25.240501,24.240501,0.0,0.0,0.01,2.4149535,6.325668,6.6242332,116.56499,123.6901,123.6901,9.0,24.490501,25.297998,26.698,0.353,0.354,0.362,0.369,25.748,83.0,950.4643,0.0
2026-05-18 04:00:00+07:00,25.140501,24.0405,0.0,0.0,0.01,1.659518,5.5090046,5.7690244,130.60121,142.76509,142.76509,9.0,24.2905,25.098,26.547998,0.37,0.362,0.362,0.369,24.448,95.0,950.4468,0.0
2026-05-18 05:00:00+07:00,24.6905,23.890501,0.0,0.0,0.02,2.657668,5.2162795,5.462483,118.30067,137.72638,137.72638,9.72,24.0405,24.897999,26.397999,0.392,0.38,0.365,0.368,23.748,84.0,951.0312,0.0
2026-05-18 06:00:00+07:00,22.8405,22.490501,4.0,0.20000005,0.01,5.2694216,8.275604,8.666205,352.14676,338.8752,338.8752,19.8,23.0905,24.748,26.248,0.398,0.395,0.377,0.369,23.547998,100.0,953.0715,3.8
2026-05-18 07:00:00+07:00,26.7905,23.740501,1.9,1.0999999,0.04,3.2399998,9.123009,9.553606,180.0,202.6199,202.6199,15.4800005,27.7905,24.998,26.147999,0.412,0.409,0.39,0.368,23.748,41.0,952.7211,0.8
2026-05-18 08:00:00+07:00,25.990501,23.8405,1.0,0.8,0.09,4.143911,5.547978,5.809837,304.3804,288.43503,288.43503,16.919998,26.890501,25.397999,26.047998,0.399,0.402,0.399,0.371,23.647999,77.0,953.7187,0.2
2026-05-18 09:00:00+07:00,26.8405,24.0905,0.4,0.4,0.17,2.7943513,3.3380203,3.4955719,75.068535,86.98728,86.98728,14.04,29.0905,25.948,25.948,0.382,0.388,0.398,0.375,24.147999,69.0,953.771,0.0
2026-05-18 10:00:00+07:00,29.3405,24.2905,0.1,0.0,0.23,1.98,2.8125565,2.9453068,180.0,183.57626,183.57626,15.4800005,34.0405,26.448,25.948,0.384,0.386,0.393,0.378,24.448,72.0,953.9154,0.1
2026-05-18 11:00:00+07:00,30.4405,24.490501,0.2,0.0,0.36,5.720489,7.269757,7.612882,257.27563,250.25307,250.25307,20.16,35.0405,27.098,25.998,0.376,0.383,0.39,0.38,24.948,67.0,953.72266,0.2
2026-05-18 12:00:00+07:00,31.640501,23.9405,0.1,0.0,0.48,6.452441,8.1783285,8.564339,247.01126,247.28555,247.28555,21.24,35.690502,27.948,26.098,0.365,0.372,0.384,0.381,25.948,80.0,952.59735,0.1
2026-05-18 13:00:00+07:00,30.990501,23.240501,0.0,0.0,0.54,4.0249224,5.4188724,5.674638,243.43501,240.94548,240.94548,22.68,34.8405,29.598,26.397999,0.366,0.368,0.378,0.381,27.647999,92.0,952.5832,0.0
2026-05-18 14:00:00+07:00,30.890501,23.390501,0.0,0.0,0.39000002,10.564942,13.325544,13.954498,261.1797,260.9098,260.9098,27.0,34.4905,29.998,26.598,0.365,0.367,0.375,0.381,28.147999,88.0,951.0506,0.0
2026-05-18 15:00:00+07:00,29.9405,24.2905,0.9,0.39999998,0.41,4.752136,6.281722,6.5782137,232.69597,234.09018,234.09018,26.28,32.7405,30.498,26.848,0.374,0.368,0.372,0.381,28.647999,88.0,950.60657,0.5
2026-05-18 16:00:00+07:00,30.5905,24.0905,0.1,0.1,0.35000002,5.8409934,7.689505,8.052442,213.6901,214.77791,214.77791,18.72,32.3405,30.397999,27.047998,0.402,0.393,0.38,0.38,27.948,55.0,949.9577,0.0
2026-05-18 17:00:00+07:00,30.4405,23.8405,0.0,0.0,0.22,5.896202,7.885158,8.25733,211.26367,212.27562,212.27562,18.72,30.9405,29.797998,27.248,0.392,0.388,0.387,0.381,27.647999,9.0,949.64856,0.0
2026-05-18 18:00:00+07:00,29.3405,24.7905,0.2,0.1,0.11,3.244996,8.40111,8.797635,213.6901,208.70586,208.70586,16.56,28.890501,29.047998,27.348,0.374,0.381,0.388,0.383,27.448,41.0,950.03156,0.1
2026-05-18 19:00:00+07:00,27.6905,25.9405,0.0,0.0,0.04,2.5772078,7.227292,7.5684133,167.90526,185.5721,185.5721,10.799999,27.3405,28.448,27.348,0.38,0.386,0.393,0.383,27.248,68.0,950.31885,0.0
2026-05-18 20:00:00+07:00,27.390501,25.890501,0.0,0.0,0.01,1.4399999,5.3358746,5.587723,180.0,207.40749,207.40749,10.440001,26.390501,27.647999,27.348,0.371,0.376,0.387,0.385,26.948,67.0,951.025,0.0
2026-05-18 21:00:00+07:00,26.890501,25.8405,0.0,0.0,0.01,0.6489992,4.1591334,4.3554406,146.3099,207.64589,207.64589,8.64,25.8405,27.047998,27.297998,0.378,0.373,0.382,0.386,27.047998,48.0,951.8861,0.0
2026-05-18 22:00:00+07:00,26.2905,25.740501,0.0,0.0,-0.0,0.8049845,3.5307114,3.6973577,153.43501,206.56499,206.56499,7.5599995,25.390501,26.598,27.198,0.39,0.388,0.383,0.386,26.848,92.0,952.7292,0.0
2026-05-18 23:00:00+07:00,25.8405,25.4405,0.0,0.0,-0.0,2.3051248,5.1955857,5.440812,128.65984,168.31065,168.31065,9.36,25.0905,26.248,27.098,0.394,0.391,0.387,0.386,26.647999,84.0,953.0297,0.0
2026-05-19 00:00:00+07:00,25.0405,24.740501,0.0,0.0,0.01,7.8149853,10.420749,10.9126,38.453735,44.999897,44.999897,10.799999,24.890501,25.897999,26.998,0.399,0.397,0.392,0.388,26.248,88.0,953.08,0.0
2026-05-19 01:00:00+07:00,25.8405,24.740501,0.7,0.29999998,0.01,3.381893,5.207421,5.453206,64.79892,57.380775,57.380775,27.0,25.140501,25.797998,26.848,0.413,0.413,0.411,0.395,26.147999,97.0,951.98834,0.4
2026-05-19 02:00:00+07:00,24.7905,23.8405,0.0,0.0,0.01,4.3349743,6.357218,6.657273,85.23644,117.979385,117.979385,11.5199995,24.140501,25.647999,26.748,0.412,0.414,0.416,0.4,25.547998,93.0,951.5218,0.0
2026-05-19 03:00:00+07:00,24.1905,23.2905,0.1,0.1,-0.0,7.029225,10.280989,10.766242,92.935616,115.25313,115.25313,15.84,23.9405,25.498,26.647999,0.416,0.416,0.418,0.405,24.948,97.0,950.7542,0.0
2026-05-19 04:00:00+07:00,23.5905,22.7905,0.5,0.19999999,0.01,3.381893,3.4602664,3.6235874,25.201094,59.53454,59.53454,15.84,23.490501,25.348,26.498,0.406,0.408,0.417,0.41,24.647999,100.0,951.5006,0.3
2026-05-19 05:00:00+07:00,23.0905,22.490501,3.3,0.70000005,-0.0,3.7585104,6.3572173,6.657272,73.300674,50.59937,50.59937,20.880001,23.0905,25.198,26.397999,0.405,0.407,0.412,0.413,24.448,94.0,952.3586,2.6
2026-05-19 06:00:00+07:00,23.1905,22.640501,0.8,0.8,0.01,3.2846913,4.4000745,4.6077538,80.53775,85.42616,85.42616,10.08,23.1905,24.998,26.248,0.41,0.411,0.412,0.415,24.147999,81.0,952.4709,0.0
2026-05-19 07:00:00+07:00,24.890501,23.5405,0.2,0.2,0.03,0.9693296,1.1769038,1.2324526,21.801476,26.564985,26.564985,8.64,26.8405,25.147999,26.147999,0.405,0.404,0.405,0.412,24.448,91.0,953.24304,0.0
2026-05-19 08:00:00+07:00,26.140501,23.9405,0.2,0.2,0.13,0.9,1.6551208,1.7332411,126.86999,122.00535,122.00535,10.440001,28.990501,25.748,26.098,0.392,0.396,0.403,0.413,24.547998,83.0,953.17664,0.0
2026-05-19 09:00:00+07:00,28.0405,23.3405,0.1,0.1,0.24,3.8183763,4.987012,5.222394,224.9999,219.28938,219.28938,15.119999,31.8405,26.547998,26.047998,0.383,0.387,0.396,0.412,25.248,59.0,953.3146,0.0
2026-05-19 10:00:00+07:00,29.490501,23.8405,0.1,0.0,0.43,5.7431,7.347668,7.6944714,237.80429,236.68936,236.68936,20.16,33.690502,27.498,26.098,0.37,0.378,0.39,0.41,25.748,45.0,953.2776,0.1
2026-05-19 11:00:00+07:00,30.5905,24.0405,0.1,0.0,0.48,7.6409945,9.936922,10.405935,226.90913,227.86247,227.86247,23.039999,34.690502,28.248,26.248,0.363,0.369,0.383,0.407,26.348,49.0,953.2739,0.1
2026-05-19 12:00:00+07:00,31.140501,23.740501,0.1,0.0,0.46,9.387651,12.018769,12.586043,212.47118,213.6901,213.6901,25.919998,34.8405,28.748,26.348,0.362,0.366,0.377,0.403,26.848,49.0,952.2296,0.1
2026-05-19 13:00:00+07:00,29.9405,23.8405,0.1,0.1,0.39000002,7.970972,10.15295,10.63216,263.51703,251.87805,251.87805,26.64,32.7905,29.547998,26.547998,0.363,0.366,0.373,0.4,27.848,73.0,951.45917,0.0
2026-05-19 14:00:00+07:00,29.8405,24.5905,0.4,0.2,0.45,4.724786,5.7922587,6.065648,310.36444,305.13428,305.13428,22.68,33.2405,30.297998,26.748,0.357,0.362,0.371,0.396,28.348,33.0,950.3054,0.2
2026-05-19 15:00:00+07:00,31.0405,24.140501,0.1,0.0,0.37000003,3.2048087,4.3579,4.563589,231.84273,229.89915,229.89915,17.64,34.690502,30.598,26.998,0.35,0.357,0.368,0.394,28.748,48.0,949.65424,0.1
2026-05-19 16:00:00+07:00,30.8405,24.0405,0.1,0.1,0.36,5.5829024,7.1437616,7.480941,249.22766,245.32315,245.32315,17.28,32.7905,30.948,27.198,0.344,0.352,0.365,0.391,29.047998,45.0,948.67334,0.0
2026-05-19 17:00:00+07:00,30.140501,23.8405,0.1,0.0,0.26,5.6060677,7.320388,7.6659036,222.39738,224.02907,224.02907,17.64,30.7905,30.647999,27.397999,0.346,0.348,0.362,0.389,28.948,58.0,948.65063,0.1
2026-05-19 18:00:00+07:00,28.740501,24.490501,0.3,0.10000001,0.14000002,4.1046314,6.724277,7.041657,254.74483,254.87593,254.87593,18.0,28.640501,29.948,27.547998,0.349,0.35,0.36,0.386,28.248,91.0,949.0774,0.2
2026-05-19 19:00:00+07:00,28.390501,24.640501,0.1,0.1,0.06,2.4482646,7.73739,8.102588,197.10281,212.9694,212.9694,10.440001,27.0405,28.848,27.547998,0.362,0.362,0.364,0.385,27.547998,98.0,949.20734,0.0
2026-05-19 20:00:00+07:00,27.5905,24.490501,0.0,0.0,0.03,3.0652895,8.155716,8.540659,183.3664,198.8248,198.8248,11.159999,26.1905,27.998,27.547998,0.376,0.37,0.365,0.384,27.047998,96.0,950.11237,0.0
2026-05-19 21:00:00+07:00,26.890501,24.3405,0.0,0.0,0.01,2.0124612,6.142992,6.4329357,153.43501,181.63654,181.63654,11.159999,25.490501,27.297998,27.498,0.378,0.376,0.369,0.383,26.848,85.0,950.8446,0.0
2026-05-19 22:00:00+07:00,26.390501,24.2905,0.0,0.0,0.01,2.8460495,6.77217,7.09181,145.30478,163.44286,163.44286,11.5199995,25.0905,26.797998,27.397999,0.403,0.395,0.376,0.382,26.547998,48.0,951.42126,0.0
2026-05-19 23:00:00+07:00,25.6905,24.0405,0.0,0.0,0.01,2.9301877,5.8845186,6.1622624,100.619606,116.56499,116.56499,10.08,24.5905,26.397999,27.297998,0.409,0.409,0.393,0.383,25.948,34.0,951.5838,0.0
2026-05-20 00:00:00+07:00,25.0905,23.890501,0.0,0.0,0.01,2.34,5.4188724,5.674638,90.0,119.05451,119.05451,9.0,24.140501,26.098,27.198,0.393,0.396,0.4,0.386,25.748,29.0,951.29004,0.0
2026-05-20 01:00:00+07:00,24.9405,24.0905,0.0,0.0,0.01,2.0124612,4.0806875,4.273292,100.30479,154.5367,154.5367,8.64,24.3405,27.348,28.748,0.368,0.37,0.355,0.331,27.647999,24.0,950.41223,0.0
2026-05-20 02:00:00+07:00,24.5905,23.8405,0.0,0.0,0.01,3.244996,6.9205327,7.2471747,109.440125,149.53453,149.53453,9.72,23.890501,27.098,28.598,0.36,0.362,0.357,0.332,27.448,13.0,949.9726,0.0
2026-05-20 03:00:00+07:00,24.1905,23.5905,0.0,0.0,0.01,4.2021422,9.158364,9.590631,99.865746,126.430954,126.430954,10.799999,23.640501,26.797998,28.448,0.391,0.379,0.359,0.333,26.948,11.0,949.90247,0.0
2026-05-20 04:00:00+07:00,23.240501,22.640501,0.1,0.0,0.01,7.7879906,10.2974415,10.783471,56.3099,66.929565,66.929565,16.199999,23.240501,26.598,28.297998,0.398,0.391,0.368,0.333,26.448,66.0,950.398,0.1
2026-05-20 05:00:00+07:00,22.390501,22.0905,1.1,0.6,0.01,5.8048253,10.122588,10.600366,60.255207,64.32324,64.32324,28.08,22.490501,26.397999,28.147999,0.387,0.389,0.376,0.335,26.147999,94.0,951.2885,0.5
2026-05-20 06:00:00+07:00,22.740501,22.4405,1.0,1.0,0.01,1.9881649,1.984905,2.0785906,264.80566,224.9999,224.9999,11.159999,22.890501,26.198,27.998,0.373,0.377,0.377,0.336,26.147999,59.0,951.729,0.0
2026-05-20 07:00:00+07:00,24.3405,22.7905,1.0,1.0,0.03,3.219938,4.49352,4.7056093,296.56497,308.65982,308.65982,11.5199995,24.4405,26.297998,27.848,0.362,0.365,0.368,0.339,26.248,100.0,952.76794,0.0
2026-05-20 08:00:00+07:00,24.990501,23.2905,0.8,0.5,0.14000002,2.6999998,3.162834,3.3121166,270.0,273.17978,273.17978,17.64,26.0405,27.098,27.748,0.357,0.361,0.365,0.34,26.348,61.0,953.0713,0.3
2026-05-20 09:00:00+07:00,26.5405,23.2905,0.3,0.3,0.31,0.35999998,0.3923013,0.41081756,270.0,333.43503,333.43503,12.24,29.6905,28.098,27.748,0.36,0.362,0.363,0.34,26.948,30.0,953.5301,0.0
2026-05-20 10:00:00+07:00,28.240501,23.5905,0.0,0.0,0.42000005,2.0124612,2.5119536,2.6305158,206.56499,192.09474,192.09474,16.199999,33.3405,29.198,27.797998,0.355,0.358,0.361,0.34,27.647999,41.0,953.34906,0.0
2026-05-20 11:00:00+07:00,29.5405,23.5905,0.0,0.0,0.47000006,2.8001428,3.5088491,3.6744635,224.9999,216.86998,216.86998,16.919998,35.2905,30.248,27.897999,0.35,0.354,0.359,0.34,28.348,24.0,952.7177,0.0
2026-05-20 12:00:00+07:00,30.6905,23.390501,0.2,0.1,0.48,3.8647635,4.9653625,5.1997232,242.24155,237.99466,237.99466,17.28,35.8905,31.147999,28.047998,0.345,0.35,0.356,0.34,28.948,26.0,951.5853,0.1
2026-05-20 13:00:00+07:00,31.390501,23.490501,0.3,0.10000001,0.45,2.8174455,3.650721,3.823032,206.56499,215.21768,215.21768,18.359999,36.3905,31.848,28.248,0.343,0.348,0.354,0.34,29.748,37.0,950.9447,0.2
2026-05-20 14:00:00+07:00,31.990501,23.8405,0.0,0.0,0.39000002,4.060985,4.99318,5.2288537,192.80426,198.43504,198.43504,17.64,36.3405,31.998,28.448,0.34,0.345,0.352,0.34,29.848,38.0,949.5283,0.0
2026-05-20 15:00:00+07:00,31.7905,23.390501,0.0,0.0,0.42000005,6.452441,8.034039,8.413238,210.1413,211.60745,211.60745,19.8,34.4905,32.448,28.647999,0.335,0.341,0.349,0.34,30.248,36.0,948.92664,0.0
2026-05-20 16:00:00+07:00,31.5905,23.240501,0.0,0.0,0.33,7.6388745,9.930725,10.3994465,214.43904,212.00534,212.00534,20.880001,33.0905,32.498,28.848,0.342,0.34,0.347,0.34,29.948,49.0,948.2299,0.0
2026-05-20 17:00:00+07:00,31.240501,22.740501,0.0,0.0,0.24,7.928177,10.987238,11.505825,219.47243,218.51695,218.51695,20.880001,30.890501,32.198,29.047998,0.362,0.349,0.346,0.339,29.348,43.0,948.36096,0.0
2026-05-20 18:00:00+07:00,29.390501,24.390501,0.1,0.1,0.11,4.445672,10.946542,11.463208,201.37068,201.63095,201.63095,20.16,28.890501,31.547998,29.198,0.348,0.351,0.347,0.339,29.448,31.0,948.9032,0.0
2026-05-20 19:00:00+07:00,28.140501,23.7905,0.0,0.0,0.02,5.223103,14.105399,14.771161,178.02512,185.7105,185.7105,16.56,26.8405,30.147999,29.198,0.359,0.361,0.359,0.34,28.748,62.0,949.7329,0.0
2026-05-20 20:00:00+07:00,27.5405,24.3405,0.0,0.0,0.01,3.319036,9.4885025,9.936351,167.4712,176.82024,176.82024,16.919998,26.2905,29.348,29.198,0.355,0.357,0.359,0.341,28.647999,96.0,950.7668,0.0
2026-05-20 21:00:00+07:00,27.490501,24.640501,0.0,0.0,0.02,2.0991426,7.2782197,7.621744,149.03632,164.62369,164.62369,12.24,26.390501,28.698,29.147999,0.376,0.366,0.358,0.341,28.248,90.0,951.3263,0.0
2026-05-20 22:00:00+07:00,27.0405,24.4405,0.0,0.0,0.01,1.4512063,5.649683,5.9163427,150.2552,154.23073,154.23073,10.08,25.7905,28.147999,29.047998,0.397,0.388,0.363,0.342,27.748,15.0,952.1014,0.0
2026-05-20 23:00:00+07:00,26.3405,24.0405,0.0,0.0,0.01,0.6489992,3.851751,4.0335503,146.3099,149.9315,149.9315,8.28,24.490501,27.748,28.897999,0.394,0.393,0.374,0.343,27.348,26.0,952.5485,0.0
2026-05-21 00:00:00+07:00,25.740501,23.9405,0.0,0.0,0.01,0.9,2.982522,3.123294,90.0,90.0,90.0,6.4799995,24.0905,27.448,28.797998,0.385,0.385,0.378,0.344,26.948,64.0,952.72864,0.0
2026-05-21 01:00:00+07:00,25.990501,23.390501,0.0,0.0,0.01,1.3104197,1.9615062,2.0540876,74.054535,100.30479,100.30479,6.4799995,24.9405,27.198,28.647999,0.375,0.379,0.378,0.346,26.647999,93.0,952.2039,0.0
2026-05-21 02:00:00+07:00,25.490501,23.740501,0.0,0.0,0.01,2.3469126,4.2433867,4.4436703,85.60138,119.74479,119.74479,8.28,24.640501,26.948,28.498,0.398,0.392,0.38,0.347,26.248,64.0,951.26526,0.0
2026-05-21 03:00:00+07:00,24.740501,23.140501,0.1,0.1,0.01,4.3349743,7.5908017,7.9490805,311.63345,303.6901,303.6901,11.159999,24.0405,26.647999,28.348,0.401,0.398,0.385,0.349,26.047998,98.0,951.7024,0.0
2026-05-21 04:00:00+07:00,23.640501,23.140501,0.8,0.8,0.01,4.724786,8.04935,8.429271,229.63554,249.59003,249.59003,12.959999,23.5405,26.448,28.198,0.403,0.4,0.391,0.351,25.748,100.0,952.36096,0.0
2026-05-21 05:00:00+07:00,23.7905,22.9405,0.6,0.6,0.01,1.4512063,1.2772403,1.3375249,277.1249,285.94547,285.94547,11.879999,23.890501,26.248,28.047998,0.403,0.403,0.396,0.353,25.547998,100.0,952.95526,0.0
2026-05-21 06:00:00+07:00,23.640501,23.1905,0.1,0.1,0.01,0.742159,2.3406944,2.4511728,255.96373,12.99463,12.99463,5.7599998,23.740501,26.098,27.897999,0.412,0.408,0.399,0.356,25.348,100.0,953.87506,0.0
2026-05-21 07:00:00+07:00,25.140501,24.140501,0.6,0.6,0.04,0.9178235,0.6325668,0.6624234,281.3099,326.3099,326.3099,11.5199995,25.640501,26.348,27.797998,0.378,0.382,0.388,0.356,25.748,78.0,954.32776,0.0
2026-05-21 08:00:00+07:00,26.140501,23.8405,0.6,0.20000002,0.13,2.0523157,2.493506,2.611197,307.87503,320.7106,320.7106,16.199999,26.890501,26.998,27.698,0.37,0.375,0.384,0.357,26.047998,99.0,955.0701,0.4
2026-05-21 09:00:00+07:00,26.390501,24.0905,0.2,0.1,0.3,2.5959969,2.7461088,2.8757226,236.3099,243.43501,243.43501,16.199999,27.990501,27.848,27.698,0.372,0.375,0.38,0.358,26.748,80.0,955.30304,0.1
2026-05-21 10:00:00+07:00,27.140501,24.3405,0.1,0.0,0.37000003,4.8466477,5.547978,5.809837,164.93146,161.56496,161.56496,19.44,29.890501,28.598,27.698,0.373,0.374,0.377,0.359,27.348,27.0,955.054,0.1
2026-05-21 11:00:00+07:00,28.9405,23.5905,0.1,0.0,0.39000002,3.4152596,4.1070027,4.3008494,161.56496,160.0168,160.0168,21.96,33.8905,29.348,27.797998,0.391,0.38,0.375,0.359,27.948,47.0,954.69965,0.1
2026-05-21 12:00:00+07:00,30.140501,23.1905,0.0,0.0,0.38,2.36753,2.8125565,2.9453068,81.25392,86.423744,86.423744,18.359999,34.9905,29.948,27.897999,0.385,0.388,0.379,0.36,28.547998,83.0,954.1456,0.0
2026-05-21 13:00:00+07:00,29.990501,22.9405,1.5,0.0,0.37000003,5.154415,6.1027756,6.3908205,204.77512,198.43504,198.43504,23.4,34.0905,30.848,28.098,0.368,0.371,0.372,0.359,29.248,100.0,953.7414,1.5
2026-05-21 14:00:00+07:00,27.140501,24.240501,1.3,0.6999999,0.39000002,6.28713,7.855827,8.226615,156.3706,156.29735,156.29735,20.880001,28.7905,31.198,28.297998,0.357,0.362,0.369,0.36,29.748,88.0,952.8761,0.6
2026-05-21 15:00:00+07:00,29.0405,24.140501,0.2,0.2,0.3,3.4623692,4.5615044,4.776803,117.89718,112.61991,112.61991,19.44,32.7905,30.948,28.448,0.421,0.414,0.375,0.36,28.547998,98.0,952.4435,0.0
2026-05-21 16:00:00+07:00,29.640501,24.2905,0.0,0.0,0.26,2.7059932,3.5132325,3.6790538,93.814,92.86235,92.86235,15.119999,31.990501,30.547998,28.547998,0.383,0.388,0.385,0.361,29.147999,99.0,951.59784,0.0
2026-05-21 17:00:00+07:00,29.5905,23.890501,0.0,0.0,0.28000003,8.553314,10.470843,10.965057,188.47105,188.6731,188.6731,23.039999,30.390501,30.547998,28.647999,0.371,0.376,0.383,0.362,29.647999,100.0,951.684,0.0
2026-05-21 18:00:00+07:00,25.4405,24.7905,3.1,0.5999999,0.17,2.0523157,0.8772123,0.9186159,15.255177,306.86996,306.86996,24.84,25.6905,30.047998,28.748,0.365,0.37,0.379,0.363,29.248,100.0,952.5817,2.5
2026-05-21 19:00:00+07:00,26.0905,25.3405,0.1,0.1,0.06,2.5772078,6.555071,6.8644643,102.09474,105.52418,105.52418,10.799999,25.6905,29.297998,28.748,0.362,0.366,0.373,0.363,29.248,54.0,952.2211,0.0
2026-05-21 20:00:00+07:00,25.5905,24.8405,0.0,0.0,0.03,2.6758924,6.862469,7.186372,109.653915,122.471176,122.471176,10.440001,24.7905,28.547998,28.748,0.361,0.364,0.37,0.363,28.948,17.0,953.1757,0.0
2026-05-21 21:00:00+07:00,25.2905,24.490501,0.0,0.0,0.02,2.8460495,7.370671,7.7185597,124.69522,141.76614,141.76614,12.24,24.490501,27.897999,28.647999,0.359,0.362,0.368,0.364,28.748,12.0,953.786,0.0
2026-05-21 22:00:00+07:00,25.240501,24.1905,0.0,0.0,0.01,1.5379207,4.788647,5.014667,110.55613,151.55717,151.55717,12.24,24.0905,27.348,28.547998,0.358,0.361,0.367,0.364,28.547998,8.0,954.9132,0.0
2026-05-21 23:00:00+07:00,24.990501,23.890501,0.0,0.0,0.01,1.08,2.5119536,2.6305156,90.0,155.22488,155.22488,10.440001,23.740501,26.948,28.448,0.357,0.36,0.365,0.364,28.147999,9.0,955.34296,0.0
2026-05-22 00:00:00+07:00,24.740501,23.6905,0.0,0.0,0.01,0.56920993,1.6174996,1.6938441,108.43504,192.5288,192.5288,9.36,23.490501,26.598,28.297998,0.356,0.358,0.364,0.364,27.748,20.0,955.20447,0.0
2026-05-22 01:00:00+07:00,25.140501,24.2905,0.0,0.0,0.01,0.25455844,3.4602664,3.6235874,135.0001,239.53453,239.53453,10.08,24.240501,26.348,28.147999,0.355,0.357,0.363,0.364,27.448,44.0,954.5171,0.0
2026-05-22 02:00:00+07:00,24.0405,23.5905,0.0,0.0,-0.0,4.186693,6.6691217,6.9838977,115.46331,153.43501,153.43501,14.04,23.6905,26.147999,27.998,0.354,0.356,0.362,0.364,27.047998,40.0,954.04034,0.0
2026-05-22 03:00:00+07:00,23.640501,23.1905,0.0,0.0,-0.0,2.6208394,5.6578493,5.9248943,105.945465,172.87508,172.87508,14.04,23.2905,25.948,27.848,0.353,0.356,0.361,0.364,26.748,34.0,954.06433,0.0
2026-05-22 04:00:00+07:00,23.7905,22.890501,0.0,0.0,-0.0,1.4058449,6.862469,7.186372,140.19447,212.47118,212.47118,12.959999,23.1905,25.848,27.698,0.353,0.355,0.36,0.364,26.448,47.0,954.28015,0.0
2026-05-22 05:00:00+07:00,23.9405,22.640501,0.1,0.1,-0.0,0.40249225,5.7469125,6.018161,116.56499,211.26367,211.26367,12.599999,23.240501,25.748,27.598,0.352,0.354,0.359,0.364,26.248,69.0,954.8743,0.0
2026-05-22 06:00:00+07:00,24.140501,23.140501,0.4,0.4,-0.0,3.148714,6.7174077,7.0344634,210.96368,220.76352,220.76352,11.879999,23.990501,25.547998,27.448,0.351,0.353,0.358,0.364,26.147999,100.0,955.6668,0.0
2026-05-22 07:00:00+07:00,24.390501,22.6905,0.3,0.3,0.03,2.0124612,3.6884665,3.8625586,153.43501,182.72626,182.72626,12.599999,24.9405,25.848,27.348,0.343,0.345,0.35,0.367,26.147999,98.0,955.99457,0.0
2026-05-22 08:00:00+07:00,25.5905,23.240501,0.1,0.1,0.14000002,3.4576871,5.0177774,5.2546115,218.65984,216.46933,216.46933,14.759999,27.0905,26.797998,27.248,0.34,0.343,0.35,0.366,26.448,96.0,956.6783,0.0
2026-05-22 09:00:00+07:00,27.140501,23.640501,0.2,0.2,0.26,4.8433046,6.5761676,6.8865566,228.01286,226.08084,226.08084,20.16,30.240501,27.848,27.248,0.337,0.341,0.349,0.365,26.948,94.0,957.1372,0.0
2026-05-22 10:00:00+07:00,28.9405,23.9405,0.1,0.0,0.39000002,8.281956,10.6947975,11.199581,227.6426,228.99101,228.99101,28.08,32.8405,28.948,27.348,0.333,0.338,0.347,0.364,27.647999,100.0,956.9729,0.1
2026-05-22 11:00:00+07:00,29.8405,23.640501,0.1,0.0,0.5,8.967541,11.931377,12.494528,231.51978,233.97253,233.97253,28.8,32.8905,30.098,27.498,0.327,0.335,0.346,0.363,28.547998,100.0,956.5581,0.1
2026-05-22 12:00:00+07:00,27.2905,24.0905,1.1,0.8,0.5,9.741642,13.209547,13.833025,207.51192,210.31113,210.31113,27.0,27.6905,30.797998,27.698,0.324,0.331,0.344,0.362,29.047998,66.0,956.0266,0.3
2026-05-22 13:00:00+07:00,30.890501,23.6905,0.5,0.4,0.5,9.059205,11.791247,12.347783,220.97165,223.19128,223.19128,25.919998,34.1405,31.498,27.948,0.324,0.33,0.342,0.36,29.547998,100.0,955.3145,0.1
2026-05-22 14:00:00+07:00,30.390501,23.740501,0.2,0.1,0.45,8.65873,11.306174,11.839815,226.68465,228.14505,228.14505,28.08,32.7405,31.698,28.147999,0.323,0.329,0.34,0.359,29.848,16.0,953.80896,0.1
2026-05-22 15:00:00+07:00,31.0405,23.890501,0.1,0.1,0.41,9.636307,12.651336,13.2484665,212.79953,213.6901,213.6901,27.0,33.5405,31.698,28.397999,0.33,0.327,0.339,0.358,29.948,17.0,952.876,0.0
2026-05-22 16:00:00+07:00,30.740501,23.8405,0.1,0.0,0.33,10.63372,14.403388,15.083214,213.95909,214.07724,214.07724,28.08,32.1905,31.297998,28.547998,0.327,0.33,0.338,0.357,30.047998,34.0,952.4466,0.1
2026-05-22 17:00:00+07:00,30.0405,23.8405,0.3,0.20000002,0.27,11.364259,16.342539,17.11389,209.40709,209.5922,209.5922,27.359999,29.9405,31.047998,28.698,0.324,0.328,0.337,0.356,30.348,19.0,952.23395,0.1
2026-05-22 18:00:00+07:00,28.4405,24.390501,0.1,0.1,0.14000002,7.8480825,13.869945,14.524593,216.60716,214.69522,214.69522,29.16,27.890501,30.498,28.797998,0.327,0.33,0.337,0.355,29.748,24.0,952.7202,0.0
2026-05-22 19:00:00+07:00,27.990501,24.240501,0.0,0.0,0.050000004,4.379589,12.151211,12.724736,189.46225,197.6502,197.6502,21.599998,26.390501,29.797998,28.897999,0.325,0.327,0.335,0.355,29.448,15.0,952.738,0.0
2026-05-22 20:00:00+07:00,27.490501,23.640501,0.0,0.0,0.01,4.1046314,12.559769,13.152578,195.25517,204.77512,204.77512,18.0,25.490501,28.948,28.848,0.325,0.327,0.335,0.354,29.547998,17.0,953.4096,0.0
2026-05-22 21:00:00+07:00,27.240501,22.9405,0.0,0.0,0.02,4.198285,13.040698,13.656207,210.96368,213.4763,213.4763,19.44,24.9405,28.297998,28.797998,0.326,0.328,0.335,0.354,29.348,25.0,954.1243,0.0
2026-05-22 22:00:00+07:00,26.9405,22.0405,0.0,0.0,0.02,5.5887027,16.08435,16.843517,194.93147,206.56499,206.56499,22.68,24.5405,27.797998,28.748,0.327,0.329,0.335,0.353,28.647999,53.0,955.1142,0.0
2026-05-22 23:00:00+07:00,26.1905,21.990501,0.2,0.2,-0.0,5.95906,16.956314,17.756636,205.01686,208.42111,208.42111,26.64,24.3405,27.397999,28.598,0.328,0.329,0.335,0.353,28.448,65.0,955.647,0.0
2026-05-23 00:00:00+07:00,25.9405,22.2905,0.1,0.1,-0.0,5.072041,15.943077,16.695576,207.47435,204.0265,204.0265,23.4,24.0905,27.047998,28.498,0.328,0.33,0.335,0.352,28.047998,43.0,955.31934,0.0
2026-05-23 01:00:00+07:00,25.390501,22.390501,1.3,0.59999996,0.01,4.942631,14.3927,15.0720215,236.88864,224.01233,224.01233,24.119999,24.2905,26.948,28.397999,0.328,0.33,0.335,0.352,27.547998,95.0,955.3182,0.7
2026-05-23 02:00:00+07:00,24.8405,22.7905,0.2,0.2,0.01,1.8532133,7.552182,7.9086375,299.0545,239.26459,239.26459,21.96,24.140501,26.748,28.248,0.329,0.33,0.335,0.352,27.248,99.0,954.9381,0.0
2026-05-23 03:00:00+07:00,23.9405,23.0405,3.1,0.6999998,-0.0,1.609969,2.6081398,2.7312415,26.564985,312.27362,312.27362,24.48,23.740501,26.498,28.147999,0.329,0.33,0.335,0.351,26.948,100.0,955.34753,2.4
2026-05-23 04:00:00+07:00,23.3405,22.740501,1.2,0.40000004,0.01,1.8,7.0983768,7.433414,233.13002,219.98683,219.98683,19.8,23.1905,26.297998,27.998,0.329,0.33,0.335,0.351,26.547998,100.0,955.7147,0.8
2026-05-23 05:00:00+07:00,23.1905,22.6905,0.7,0.7,-0.0,1.0182338,1.4144623,1.4812236,44.999897,209.7448,209.7448,14.4,23.0405,26.147999,27.848,0.329,0.331,0.335,0.35,26.348,94.0,955.7827,0.0
2026-05-23 06:00:00+07:00,23.3405,22.5905,0.1,0.1,0.01,0.9,4.772551,4.9978104,90.0,197.10281,197.10281,12.24,23.3405,25.998,27.698,0.329,0.331,0.335,0.35,26.147999,99.0,956.2825,0.0
2026-05-23 07:00:00+07:00,24.0905,23.5405,0.1,0.1,0.04,2.907989,5.051403,5.289824,201.80147,200.32323,200.32323,15.84,24.4405,26.147999,27.598,0.329,0.331,0.336,0.351,26.248,94.0,957.0775,0.0
2026-05-23 08:00:00+07:00,24.9405,23.5905,0.1,0.0,0.07000001,4.8433046,6.7174077,7.0344634,221.98714,220.76352,220.76352,20.880001,26.3405,26.797998,27.498,0.33,0.331,0.336,0.351,26.248,95.0,957.32196,0.1
2026-05-23 09:00:00+07:00,25.9405,23.3405,0.2,0.1,0.17,7.127636,9.676412,10.13313,224.9999,224.9999,224.9999,23.039999,28.4405,27.498,27.498,0.326,0.33,0.335,0.35,26.948,98.0,957.30743,0.1
2026-05-23 10:00:00+07:00,27.9405,24.240501,0.1,0.0,0.34,9.178235,12.049462,12.618185,228.17992,227.95085,227.95085,29.88,31.6905,28.547998,27.498,0.322,0.327,0.334,0.349,27.547998,99.0,957.1803,0.1
2026-05-23 11:00:00+07:00,28.9405,23.990501,0.0,0.0,0.41,10.486448,13.973857,14.6334095,230.57222,231.1155,231.1155,33.48,32.3905,29.448,27.598,0.318,0.324,0.333,0.348,28.047998,100.0,956.9729,0.0
2026-05-23 12:00:00+07:00,29.5405,23.740501,0.1,0.1,0.47000006,12.74954,17.213041,18.025482,239.4525,240.0379,240.0379,37.079998,32.2905,30.198,27.748,0.313,0.321,0.332,0.347,28.948,100.0,956.3175,0.0
2026-05-23 13:00:00+07:00,30.240501,23.490501,0.1,0.0,0.48,11.19189,14.907448,15.611066,242.19862,243.43501,243.43501,37.44,32.4405,30.698,27.897999,0.311,0.319,0.33,0.346,29.448,100.0,955.77325,0.1
2026-05-23 14:00:00+07:00,29.890501,23.1905,0.1,0.1,0.51000005,10.908951,14.317652,14.993431,232.3737,233.97253,233.97253,34.92,31.640501,31.448,28.098,0.307,0.316,0.329,0.345,30.448,99.0,954.2929,0.0
2026-05-23 15:00:00+07:00,29.5405,23.390501,0.2,0.1,0.41,10.783486,14.317652,14.993431,213.42484,216.02747,216.02747,34.56,31.3405,31.498,28.348,0.312,0.315,0.327,0.344,30.348,89.0,953.75977,0.1
2026-05-23 16:00:00+07:00,29.0905,23.490501,0.2,0.2,0.29000002,8.39078,11.095955,11.619674,215.39488,214.69522,214.69522,32.399998,30.0905,31.147999,28.498,0.322,0.319,0.326,0.344,30.047998,64.0,953.115,0.0
2026-05-23 17:00:00+07:00,27.740501,24.0905,0.6,0.40000004,0.23,9.485504,13.382017,14.013636,213.38853,214.31514,214.31514,28.8,28.0405,30.848,28.647999,0.332,0.325,0.326,0.343,29.248,47.0,952.97925,0.2
2026-05-23 18:00:00+07:00,27.2905,24.2905,0.0,0.0,0.11,5.195113,9.377559,9.820171,194.03627,197.41806,197.41806,23.759998,27.0405,30.297998,28.748,0.343,0.339,0.327,0.343,28.647999,38.0,953.2805,0.0
2026-05-23 19:00:00+07:00,26.140501,25.0905,0.0,0.0,0.04,2.6758924,7.3035493,7.64827,289.6539,245.89777,245.89777,17.28,25.9405,29.297998,28.698,0.338,0.339,0.332,0.342,28.848,77.0,954.1234,0.0
2026-05-23 20:00:00+07:00,25.4405,24.9405,0.9,0.59999996,0.02,2.0364676,1.8649789,1.9530044,44.999897,221.18582,221.18582,15.84,25.2905,28.598,28.698,0.333,0.334,0.333,0.342,28.647999,84.0,954.56964,0.3
2026-05-23 21:00:00+07:00,25.5405,24.740501,0.1,0.1,0.02,0.40249225,4.6318145,4.8504314,63.435013,204.62355,204.62355,12.599999,25.0405,27.998,28.598,0.332,0.333,0.333,0.342,28.547998,90.0,954.7761,0.0
2026-05-23 22:00:00+07:00,25.7905,24.240501,0.0,0.0,0.01,0.56920993,4.8174853,5.044866,108.43504,190.49142,190.49142,12.24,24.490501,27.498,28.498,0.33,0.332,0.333,0.342,28.448,96.0,955.38806,0.0
2026-05-23 23:00:00+07:00,25.490501,24.140501,0.0,0.0,0.01,1.4512063,7.3790193,7.7273026,172.87508,198.00426,198.00426,14.04,24.2905,27.147999,28.397999,0.33,0.331,0.333,0.342,28.047998,100.0,955.5251,0.0
2026-05-24 00:00:00+07:00,25.0405,23.9405,0.0,0.0,0.01,2.5264204,10.207375,10.689154,184.08554,204.36244,204.36244,16.56,24.0405,26.948,28.297998,0.329,0.331,0.333,0.341,27.748,100.0,955.4464,0.0
2026-05-24 01:00:00+07:00,25.1905,24.1905,0.1,0.0,0.01,5.5216303,15.223109,15.941626,199.0257,207.45091,207.45091,18.359999,24.6905,26.797998,28.198,0.329,0.33,0.333,0.341,27.448,100.0,954.9992,0.1
2026-05-24 02:00:00+07:00,23.990501,23.0905,0.6,0.100000024,0.01,6.9480934,14.672278,15.364795,233.42688,221.12137,221.12137,29.519999,23.5905,26.598,28.047998,0.328,0.33,0.333,0.341,27.248,99.0,955.0727,0.5
2026-05-24 03:00:00+07:00,22.8405,22.5905,5.0,0.0,0.01,2.5071096,4.772551,4.9978104,338.9624,252.89719,252.89719,27.359999,22.9405,26.448,27.897999,0.328,0.33,0.333,0.341,27.047998,100.0,955.2476,5.0
2026-05-24 04:00:00+07:00,22.8405,22.5405,2.6,0.89999986,-0.0,1.7727944,3.2015243,3.352633,23.962492,260.53775,260.53775,22.319998,22.890501,26.248,27.797998,0.329,0.33,0.333,0.341,26.948,99.0,955.3423,1.7
2026-05-24 05:00:00+07:00,23.0405,22.740501,0.6,0.6,0.01,1.1384199,3.717559,3.8930247,108.43504,199.29015,199.29015,14.04,23.0905,26.147999,27.647999,0.329,0.33,0.333,0.341,26.748,95.0,955.28296,0.0
2026-05-24 06:00:00+07:00,23.240501,22.9405,0.2,0.2,0.01,1.2979984,3.7216966,3.897357,123.690094,188.13002,188.13002,13.679999,23.2905,26.098,27.547998,0.329,0.33,0.333,0.34,26.647999,98.0,955.9808,0.0
2026-05-24 07:00:00+07:00,24.740501,23.9405,0.1,0.1,0.03,2.7059932,4.0957456,4.2890606,86.186005,170.13426,170.13426,21.24,25.240501,26.348,27.397999,0.335,0.337,0.339,0.347,26.748,91.0,956.52954,0.0
2026-05-24 08:00:00+07:00,26.490501,24.490501,0.0,0.0,0.09,2.9024127,4.3965755,4.6040897,209.7448,208.61037,208.61037,22.319998,28.4405,26.897999,27.348,0.333,0.336,0.339,0.347,26.748,95.0,957.0244,0.0
2026-05-24 09:00:00+07:00,27.890501,24.490501,0.0,0.0,0.26,9.793059,13.264193,13.89025,216.02747,217.47626,217.47626,34.92,30.9405,27.848,27.348,0.332,0.334,0.338,0.346,27.147999,92.0,957.26654,0.0
2026-05-24 10:00:00+07:00,29.0905,24.240501,0.1,0.1,0.39000002,11.966954,16.144518,16.906525,226.2188,227.6426,227.6426,41.039997,32.3905,28.748,27.448,0.327,0.332,0.337,0.345,27.248,90.0,957.2828,0.0
2026-05-24 11:00:00+07:00,30.2905,23.5905,0.0,0.0,0.47000006,14.761098,20.252018,21.207893,232.43134,234.51993,234.51993,42.12,32.8905,29.647999,27.547998,0.324,0.329,0.336,0.345,28.047998,100.0,956.9186,0.0
2026-05-24 12:00:00+07:00,27.740501,23.6905,0.5,0.099999994,0.47000006,11.13384,15.814168,16.560583,214.46088,220.04967,220.04967,42.48,29.640501,30.098,27.748,0.327,0.33,0.335,0.344,28.647999,82.0,956.38855,0.4
2026-05-24 13:00:00+07:00,28.5905,24.0905,1.5,0.5,0.46,12.033103,15.724382,16.466558,235.359,234.53654,234.53654,29.519999,31.140501,29.948,27.848,0.326,0.329,0.334,0.343,29.047998,88.0,956.06085,1.0
2026-05-24 14:00:00+07:00,28.5405,24.6905,1.1,0.3,0.42000005,2.50064,3.6884665,3.8625586,210.25635,205.34613,205.34613,36.0,31.390501,30.198,27.998,0.344,0.33,0.333,0.342,28.948,86.0,954.9155,0.8
2026-05-24 15:00:00+07:00,27.5405,24.640501,1.4,0.19999993,0.31,13.33094,18.948597,19.842955,214.54843,216.3395,216.3395,37.8,28.2905,30.047998,28.147999,0.343,0.343,0.334,0.342,29.147999,94.0,954.3653,1.2
2026-05-24 16:00:00+07:00,27.890501,24.490501,0.0,0.0,0.26,2.9024127,5.0878315,5.3279724,172.87508,180.0,180.0,33.12,29.1905,29.897999,28.248,0.391,0.356,0.335,0.341,28.848,91.0,953.4784,0.0
2026-05-24 17:00:00+07:00,28.7905,24.640501,0.0,0.0,0.19,6.8423676,10.292956,10.778774,206.56499,209.62366,209.62366,22.319998,29.3405,29.498,28.348,0.36,0.361,0.342,0.341,28.748,70.0,953.25354,0.0
2026-05-24 18:00:00+07:00,28.490501,24.5405,0.0,0.0,0.10000001,6.28713,13.103097,13.721551,203.6294,206.22191,206.22191,23.759998,27.7905,28.998,28.397999,0.35,0.351,0.344,0.341,28.848,89.0,953.6757,0.0
2026-05-24 19:00:00+07:00,27.0405,24.390501,0.0,0.0,0.04,5.6521144,14.1500635,14.817933,189.16228,199.55835,199.55835,23.759998,26.240501,28.547998,28.397999,0.339,0.34,0.34,0.341,28.647999,99.0,954.37396,0.0
2026-05-24 20:00:00+07:00,26.3405,23.890501,0.0,0.0,0.03,3.319036,9.056977,9.484458,167.4712,188.91484,188.91484,19.8,25.2905,27.948,28.348,0.337,0.339,0.34,0.341,28.547998,98.0,954.8208,0.0
2026-05-24 21:00:00+07:00,25.740501,23.640501,0.0,0.0,0.02,2.968636,8.2177515,8.605621,165.96373,196.1135,196.1135,16.919998,24.640501,27.448,28.248,0.337,0.338,0.34,0.341,28.348,98.0,954.8113,0.0
2026-05-24 22:00:00+07:00,25.5905,23.4405,0.0,0.0,0.01,2.0124612,8.793151,9.208179,169.6952,208.61037,208.61037,16.919998,24.3405,27.047998,28.147999,0.336,0.337,0.34,0.341,28.147999,99.0,955.1637,0.0
2026-05-24 23:00:00+07:00,25.740501,23.2905,0.0,0.0,0.01,1.0948973,8.183972,8.570248,189.46225,210.96368,210.96368,16.199999,24.1905,26.698,28.047998,0.336,0.337,0.339,0.341,28.147999,100.0,955.47394,0.0
2026-05-25 00:00:00+07:00,25.640501,23.2905,0.0,0.0,0.01,1.0182338,7.689505,8.052442,224.9999,214.77791,214.77791,15.4800005,24.2905,26.448,27.897999,0.336,0.337,0.339,0.341,27.948,100.0,955.267,0.0
2026-05-25 01:00:00+07:00,25.8405,23.5405,0.0,0.0,0.01,1.5379207,8.829829,9.246589,200.55612,220.97165,220.97165,15.4800005,24.890501,26.498,27.797998,0.336,0.336,0.339,0.341,27.647999,100.0,954.54443,0.0
2026-05-25 02:00:00+07:00,25.0405,23.3405,0.0,0.0,0.01,0.17999999,6.2473288,6.5421963,180.0,231.84273,231.84273,16.199999,24.240501,26.348,27.698,0.336,0.337,0.339,0.341,27.248,100.0,954.02655,0.0
2026-05-25 03:00:00+07:00,24.7905,23.140501,0.0,0.0,-0.0,0.71999997,5.3560257,5.608825,90.0,211.60745,211.60745,14.04,23.8405,26.248,27.547998,0.336,0.337,0.339,0.341,27.147999,100.0,953.6041,0.0
2026-05-25 04:00:00+07:00,24.990501,23.140501,0.0,0.0,0.01,1.5379207,6.359638,6.6598067,159.44388,204.44394,204.44394,14.4,23.8405,26.098,27.448,0.335,0.336,0.338,0.341,27.147999,100.0,953.82855,0.0
2026-05-25 05:00:00+07:00,24.9405,23.1905,0.0,0.0,0.01,1.659518,6.5925293,6.9036903,167.4712,205.2011,205.2011,15.4800005,23.7905,25.948,27.348,0.335,0.336,0.338,0.341,27.047998,98.0,954.10376,0.0
2026-05-25 06:00:00+07:00,25.0905,23.6905,0.0,0.0,0.01,1.659518,6.127942,6.417175,167.4712,203.6294,203.6294,15.119999,24.640501,25.797998,27.198,0.335,0.336,0.338,0.341,27.047998,91.0,954.7923,0.0
2026-05-25 07:00:00+07:00,25.490501,24.2905,0.0,0.0,0.03,3.710795,8.544606,8.947904,157.1663,199.17911,199.17911,15.84,25.7905,26.047998,27.098,0.347,0.348,0.351,0.342,26.848,98.0,955.61975,0.0
2026-05-25 08:00:00+07:00,25.9405,24.490501,0.6,0.5,0.11,3.4763772,5.1807537,5.4252806,201.25058,208.30066,208.30066,23.4,26.5905,26.698,27.047998,0.345,0.347,0.35,0.342,26.948,95.0,956.1714,0.1
2026-05-25 09:00:00+07:00,27.5405,24.5405,0.1,0.1,0.27,5.6521144,7.1243467,7.4606094,217.23491,217.99878,217.99878,27.72,29.8405,27.647999,27.098,0.341,0.344,0.348,0.342,27.248,96.0,956.54333,0.0
2026-05-25 10:00:00+07:00,29.0405,24.1905,0.1,0.0,0.39000002,11.808878,15.826817,16.573826,232.43134,234.01923,234.01923,39.96,31.740501,28.498,27.147999,0.337,0.341,0.347,0.342,27.547998,100.0,956.6113,0.1
2026-05-25 11:00:00+07:00,30.0905,23.740501,0.0,0.0,0.5,13.985663,19.107124,20.008963,238.15099,239.66791,239.66791,42.48,32.4905,29.248,27.297998,0.334,0.338,0.345,0.341,27.848,100.0,956.22156,0.0
2026-05-25 12:00:00+07:00,30.1905,23.2905,0.1,0.0,0.53,13.529966,18.057795,18.910105,236.94417,237.6996,237.6996,42.48,31.6905,29.848,27.448,0.332,0.336,0.343,0.341,28.547998,100.0,955.5753,0.1
2026-05-25 13:00:00+07:00,29.5405,23.8405,0.2,0.1,0.6,16.774803,23.359556,24.462105,236.82147,237.26477,237.26477,36.719997,30.140501,30.498,27.698,0.326,0.332,0.341,0.34,29.448,56.0,955.086,0.1
2026-05-25 14:00:00+07:00,30.140501,23.4405,0.5,0.5,0.55,12.492829,16.888103,17.685207,233.79045,235.15419,235.15419,38.88,32.7405,30.897999,27.897999,0.322,0.329,0.338,0.339,30.147999,22.0,953.7667,0.0
2026-05-25 15:00:00+07:00,31.3405,22.7905,0.1,0.1,0.5,13.036026,17.809786,18.65039,234.5542,235.84026,235.84026,36.36,33.0905,31.047998,28.147999,0.32,0.326,0.336,0.339,30.848,30.0,952.5473,0.0
2026-05-25 16:00:00+07:00,31.4405,22.4405,0.1,0.1,0.45,12.886039,18.527256,19.401724,228.96475,232.69597,232.69597,35.28,31.7905,30.998,28.348,0.317,0.323,0.334,0.338,30.647999,38.0,951.9005,0.0
2026-05-25 17:00:00+07:00,30.5905,22.8405,0.0,0.0,0.35000002,11.833546,18.084192,18.93775,206.17523,210.29637,210.29637,32.760002,30.0405,30.647999,28.498,0.317,0.322,0.333,0.338,30.448,41.0,951.5684,0.0
2026-05-25 18:00:00+07:00,28.990501,23.5405,0.0,0.0,0.19,7.7734165,15.832649,16.579935,185.31445,192.80426,192.80426,29.519999,27.990501,30.047998,28.598,0.318,0.321,0.331,0.337,30.647999,14.0,951.7719,0.0
2026-05-25 19:00:00+07:00,27.640501,24.640501,0.0,0.0,0.08,3.8183763,11.251595,11.782659,171.86998,190.78426,190.78426,23.039999,26.3405,29.348,28.647999,0.32,0.323,0.33,0.337,30.547998,15.0,952.29913,0.0
2026-05-25 20:00:00+07:00,27.240501,23.8405,0.0,0.0,0.04,4.323748,12.388276,12.972991,177.6141,192.26476,192.26476,17.28,25.4405,28.498,28.647999,0.322,0.324,0.33,0.337,30.348,11.0,952.7039,0.0
2026-05-25 21:00:00+07:00,26.890501,23.3405,0.0,0.0,0.04,4.327493,13.577251,14.218085,196.9276,205.2405,205.2405,18.359999,24.9405,27.948,28.547998,0.322,0.324,0.329,0.337,29.848,17.0,953.3064,0.0
2026-05-25 22:00:00+07:00,26.5905,22.740501,0.0,0.0,0.04,4.942631,14.842266,15.542808,213.11136,212.93869,212.93869,20.16,24.5405,27.448,28.448,0.323,0.324,0.329,0.337,29.348,9.0,954.2013,0.0
2026-05-25 23:00:00+07:00,26.0405,22.640501,0.0,0.0,0.03,4.4456716,13.625906,14.269035,211.75943,214.50858,214.50858,20.880001,24.0905,27.047998,28.348,0.323,0.325,0.329,0.337,28.848,8.0,954.76855,0.0
2026-05-26 00:00:00+07:00,25.4405,22.640501,0.0,0.0,0.03,3.143565,10.470843,10.965057,193.24052,211.29298,211.29298,19.8,23.6905,26.698,28.198,0.324,0.325,0.329,0.337,28.448,7.0,954.56964,0.0
2026-05-26 01:00:00+07:00,25.0905,22.640501,0.0,0.0,0.02,1.98,8.829829,9.246589,180.0,220.97165,220.97165,17.28,23.6905,26.547998,28.047998,0.323,0.325,0.329,0.337,28.248,5.0,954.0351,0.0
2026-05-26 02:00:00+07:00,24.490501,22.390501,0.0,0.0,0.03,1.835647,8.5608015,8.964863,191.30989,225.83023,225.83023,15.119999,22.7905,26.297998,27.897999,0.324,0.325,0.328,0.336,27.948,9.0,953.45703,0.0
2026-05-26 03:00:00+07:00,24.240501,22.3405,0.0,0.0,0.02,1.2727921,7.480518,7.833591,171.86998,219.2894,219.2894,14.759999,22.640501,26.098,27.748,0.324,0.325,0.328,0.336,27.748,9.0,953.2237,0.0
2026-05-26 04:00:00+07:00,24.0405,22.240501,0.0,0.0,0.01,0.742159,6.386203,6.687625,165.96373,217.18478,217.18478,13.679999,22.490501,25.948,27.598,0.324,0.325,0.328,0.336,27.647999,12.0,953.28326,0.0
2026-05-26 05:00:00+07:00,23.740501,22.1905,0.0,0.0,0.01,1.0948973,7.104879,7.4402227,170.53775,212.90524,212.90524,12.959999,22.3405,25.797998,27.498,0.324,0.325,0.328,0.336,27.547998,9.0,953.609,0.0
2026-05-26 06:00:00+07:00,24.0405,22.5405,0.0,0.0,0.01,1.659518,6.911631,7.2378535,139.39879,203.9625,203.9625,12.959999,23.5905,25.698,27.348,0.325,0.326,0.328,0.336,27.348,8.0,954.04034,0.0
2026-05-26 07:00:00+07:00,26.0405,23.0405,0.0,0.0,0.03,2.7416782,6.812953,7.1345177,156.80138,191.88864,191.88864,13.679999,27.3405,25.897999,27.198,0.327,0.328,0.331,0.337,27.248,11.0,954.5792,0.0
2026-05-26 08:00:00+07:00,27.740501,23.0405,0.0,0.0,0.17,6.6405115,9.002439,9.427344,212.82854,213.07068,213.07068,19.08,29.9405,26.848,27.147999,0.324,0.327,0.331,0.337,27.348,23.0,955.25214,0.0
2026-05-26 09:00:00+07:00,28.890501,22.8405,0.1,0.1,0.33,12.330985,16.592999,17.376171,236.3099,236.64597,236.64597,31.319998,31.0905,27.848,27.147999,0.321,0.325,0.33,0.336,27.848,22.0,955.449,0.0
2026-05-26 10:00:00+07:00,30.0405,22.8405,0.2,0.1,0.47000006,13.202726,17.891691,18.736162,244.1337,244.44008,244.44008,33.839996,32.5905,28.797998,27.248,0.316,0.322,0.328,0.335,28.348,21.0,955.45514,0.1
2026-05-26 11:00:00+07:00,31.0905,22.5905,0.2,0.1,0.53,12.367716,16.48879,17.267046,248.66307,249.44386,249.44386,33.839996,33.6405,29.647999,27.397999,0.312,0.318,0.327,0.334,28.647999,20.0,954.87427,0.1
2026-05-26 12:00:00+07:00,31.890501,22.6905,0.4,0.4,0.55,12.69351,16.87169,17.668018,251.82188,253.0724,253.0724,32.760002,34.4905,30.198,27.598,0.308,0.315,0.325,0.334,29.547998,36.0,954.25037,0.0
2026-05-26 13:00:00+07:00,32.4905,22.1905,0.2,0.1,0.56000006,10.706595,14.127204,14.793995,253.39293,255.61856,255.61856,32.760002,35.2405,30.647999,27.797998,0.305,0.312,0.323,0.333,29.647999,31.0,953.9711,0.1
2026-05-26 14:00:00+07:00,32.6905,22.2905,0.3,0.20000002,0.54,9.693296,12.936428,13.547015,248.19853,249.35294,249.35294,29.88,34.940502,31.198,28.047998,0.302,0.309,0.322,0.332,29.948,27.0,952.3933,0.1
2026-05-26 15:00:00+07:00,32.8905,22.490501,0.3,0.20000002,0.45,11.466438,15.134899,15.849253,222.45515,224.9999,224.9999,30.239998,34.190502,31.147999,28.248,0.32,0.319,0.32,0.331,29.547998,22.0,951.66815,0.1
2026-05-26 16:00:00+07:00,31.0905,22.8405,0.3,0.20000002,0.42000005,12.229406,17.502968,18.329092,227.38597,227.03091,227.03091,34.2,31.640501,31.147999,28.448,0.364,0.34,0.32,0.331,28.848,54.0,951.6525,0.1
2026-05-26 17:00:00+07:00,29.8405,23.640501,0.3,0.3,0.26,11.919479,17.480972,18.306059,218.25447,218.48022,218.48022,29.519999,29.6905,30.698,28.598,0.334,0.335,0.323,0.33,29.348,31.0,951.44226,0.0
2026-05-26 18:00:00+07:00,28.890501,24.390501,0.0,0.0,0.17,4.3573384,9.300106,9.739062,218.2902,215.78906,215.78906,28.08,28.3405,30.198,28.698,0.327,0.329,0.324,0.33,29.647999,35.0,951.376,0.0
2026-05-26 19:00:00+07:00,26.890501,26.3405,0.0,0.0,0.06,1.659518,5.099917,5.3406277,102.5288,183.94511,183.94511,15.119999,26.5905,29.348,28.748,0.316,0.317,0.32,0.33,30.047998,23.0,951.60205,0.0
2026-05-26 20:00:00+07:00,27.0905,25.740501,0.0,0.0,0.02,0.76367533,6.751686,7.070359,135.0001,204.56715,204.56715,10.440001,25.7905,28.498,28.748,0.316,0.317,0.32,0.33,29.748,11.0,952.4886,0.0
2026-05-26 21:00:00+07:00,27.140501,25.3405,0.0,0.0,0.01,1.3708391,8.712269,9.123479,156.80138,205.01686,205.01686,12.24,25.390501,27.848,28.647999,0.317,0.317,0.32,0.329,29.647999,9.0,953.16016,0.0
2026-05-26 22:00:00+07:00,26.890501,24.8405,0.0,0.0,0.01,2.1897945,9.938472,10.4075575,170.53775,200.6745,200.6745,14.4,24.9405,27.498,28.547998,0.317,0.317,0.32,0.329,29.448,9.0,954.0639,0.0
2026-05-26 23:00:00+07:00,26.6905,24.3405,0.0,0.0,0.02,1.4512063,8.666219,9.075256,172.87508,201.37068,201.37068,14.4,24.640501,27.198,28.397999,0.317,0.318,0.32,0.329,29.248,5.0,954.4082,0.0
2026-05-27 00:00:00+07:00,26.240501,23.990501,0.0,0.0,0.01,2.0124612,9.265288,9.702602,169.6952,198.77812,198.77812,13.679999,24.2905,26.948,28.297998,0.317,0.318,0.32,0.329,29.047998,5.0,954.33,0.0
2026-05-27 01:00:00+07:00,26.2905,23.1905,0.0,0.0,0.02,2.4014995,9.324894,9.76502,167.00539,191.94415,191.94415,13.679999,24.390501,26.647999,28.147999,0.317,0.318,0.32,0.329,28.647999,3.0,953.86536,0.0
2026-05-27 02:00:00+07:00,25.640501,22.7905,0.0,0.0,0.02,2.0124612,8.34044,8.7341,169.6952,194.62091,194.62091,13.32,23.5905,26.448,27.998,0.317,0.318,0.32,0.329,28.348,9.0,953.6578,0.0
2026-05-27 03:00:00+07:00,25.2905,22.5905,0.0,0.0,0.01,1.2727921,7.600931,7.959688,171.86998,198.85326,198.85326,12.599999,23.390501,26.198,27.848,0.317,0.318,0.32,0.329,28.047998,13.0,953.31274,0.0
2026-05-27 04:00:00+07:00,24.9405,22.4405,0.0,0.0,0.01,0.9178235,6.2890677,6.5859056,168.69011,202.98874,202.98874,11.5199995,23.0905,25.998,27.698,0.317,0.318,0.32,0.329,27.748,2.0,953.6305,0.0
2026-05-27 05:00:00+07:00,24.5905,22.2905,0.0,0.0,0.01,0.40249225,4.3402066,4.5450606,116.56499,194.03627,194.03627,10.440001,22.8405,25.748,27.547998,0.317,0.318,0.32,0.329,27.448,2.0,953.66376,0.0
2026-05-27 06:00:00+07:00,24.6905,22.740501,0.0,0.0,0.01,0.9693296,3.8756504,4.0585775,111.801476,185.19434,185.19434,8.28,23.9405,25.598,27.397999,0.317,0.318,0.32,0.328,27.248,1.0,954.15454,0.0
2026-05-27 07:00:00+07:00,25.640501,24.240501,0.0,0.0,0.04,2.16,2.6837537,2.8104243,90.0,168.69011,168.69011,9.0,26.740501,25.897999,27.297998,0.318,0.319,0.321,0.328,27.348,1.0,955.07776,0.0
2026-05-27 08:00:00+07:00,27.640501,24.140501,0.0,0.0,0.14000002,1.2727921,2.2874897,2.395457,171.86998,184.39862,184.39862,10.799999,30.1905,27.098,27.248,0.315,0.318,0.321,0.328,27.348,0.0,955.519,0.0
2026-05-27 09:00:00+07:00,29.2905,23.6905,0.0,0.0,0.29000002,4.4565907,5.8425236,6.118285,226.63654,228.65231,228.65231,15.84,32.9905,28.297998,27.248,0.312,0.316,0.32,0.327,28.147999,8.0,955.80145,0.0
2026-05-27 10:00:00+07:00,30.5405,23.4405,0.0,0.0,0.44,5.004518,6.222645,6.516348,217.6943,220.426,220.426,17.64,34.8405,29.397999,27.397999,0.307,0.313,0.319,0.327,28.748,28.0,955.6342,0.0
2026-05-27 11:00:00+07:00,31.5905,23.1905,0.0,0.0,0.54,5.692099,7.263402,7.606228,214.69522,217.14677,217.14677,18.72,35.8905,30.498,27.598,0.301,0.309,0.318,0.326,29.448,12.0,955.5269,0.0
2026-05-27 12:00:00+07:00,32.4905,22.890501,0.1,0.1,0.59,7.519175,9.679592,10.136459,222.08908,223.53127,223.53127,22.319998,36.3405,31.397999,27.797998,0.296,0.305,0.316,0.325,30.147999,17.0,955.01373,0.0
2026-05-27 13:00:00+07:00,31.5905,21.8405,0.1,0.1,0.64,7.596341,9.586931,10.039425,233.67308,235.43741,235.43741,25.199999,36.3905,32.048,28.098,0.29,0.301,0.314,0.324,30.647999,20.0,954.4845,0.0
2026-05-27 14:00:00+07:00,32.3905,22.490501,0.1,0.1,0.65000004,6.989936,9.0993595,9.528841,235.49141,236.0035,236.0035,21.96,35.5905,32.648,28.397999,0.285,0.297,0.312,0.323,31.348,63.0,953.9545,0.0
2026-05-27 15:00:00+07:00,32.3905,22.8405,0.1,0.1,0.57,7.282774,9.370992,9.813293,230.01317,231.84273,231.84273,21.24,34.6405,32.748,28.647999,0.281,0.293,0.31,0.322,31.448,30.0,952.912,0.0
2026-05-27 16:00:00+07:00,30.9405,23.0905,0.2,0.0,0.5,9.290511,12.714435,13.314544,215.53777,219.40063,219.40063,25.919998,32.3405,32.498,28.948,0.293,0.292,0.309,0.322,31.047998,78.0,953.1437,0.2
2026-05-27 17:00:00+07:00,30.390501,23.6905,0.2,0.2,0.35000002,6.489992,9.263628,9.700862,213.6901,217.30403,217.30403,24.84,30.4405,31.948,29.147999,0.301,0.297,0.308,0.321,30.647999,28.0,952.95624,0.0
2026-05-27 18:00:00+07:00,29.3405,24.0905,0.1,0.1,0.19,7.327127,13.736148,14.384481,207.824,208.20154,208.20154,22.319998,28.490501,31.147999,29.248,0.294,0.298,0.307,0.321,30.248,33.0,953.72595,0.0
2026-05-27 19:00:00+07:00,28.1905,25.6905,0.0,0.0,0.06,1.6199999,7.695507,8.058728,180.0,204.22774,204.22774,20.16,27.140501,30.397999,29.348,0.292,0.295,0.306,0.321,30.647999,20.0,953.43506,0.0
2026-05-27 20:00:00+07:00,27.6905,25.3405,0.0,0.0,0.02,1.1384199,4.4418483,4.6514993,161.56496,189.0902,189.0902,9.36,26.140501,29.348,29.348,0.294,0.296,0.306,0.32,29.848,12.0,954.1069,0.0
2026-05-27 21:00:00+07:00,27.140501,24.990501,0.0,0.0,-0.0,0.9,5.575649,5.838814,143.13002,204.14554,204.14554,9.0,25.5405,28.598,29.248,0.297,0.298,0.306,0.32,29.547998,10.0,954.4859,0.0
2026-05-27 22:00:00+07:00,26.740501,24.5405,0.0,0.0,0.01,1.1525624,4.940505,5.173692,128.65984,196.50444,196.50444,9.72,24.9405,28.047998,29.147999,0.298,0.299,0.306,0.32,29.248,2.0,955.36346,0.0
2026-05-27 23:00:00+07:00,26.4405,23.990501,0.0,0.0,0.01,1.3104197,3.162834,3.3121166,105.945465,176.82024,176.82024,9.36,24.5405,27.547998,28.998,0.299,0.3,0.306,0.32,28.948,5.0,955.78485,0.0
2026-05-28 00:00:00+07:00,26.0905,23.5405,0.0,0.0,0.01,1.1384199,2.6837537,2.8104243,108.43504,168.69011,168.69011,9.0,24.1905,27.198,28.848,0.3,0.301,0.306,0.32,28.547998,10.0,955.81866,0.0
2026-05-28 01:00:00+07:00,25.6905,23.5905,0.0,0.0,0.01,1.659518,5.1628995,5.4065833,139.39879,189.78233,189.78233,9.36,24.3405,26.897999,28.647999,0.3,0.301,0.306,0.32,28.547998,3.0,955.9385,0.0
2026-05-28 02:00:00+07:00,24.9405,23.2905,0.0,0.0,-0.0,1.659518,5.9572983,6.238477,139.39879,193.62701,193.62701,10.08,23.490501,26.647999,28.448,0.301,0.302,0.306,0.32,28.248,3.0,955.4289,0.0
2026-05-28 03:00:00+07:00,24.640501,22.990501,0.0,0.0,0.01,1.2727921,4.0351763,4.225633,98.13002,180.0,180.0,10.08,23.240501,26.448,28.297998,0.301,0.302,0.306,0.32,28.047998,5.0,955.1869,0.0
2026-05-28 04:00:00+07:00,24.3405,22.6905,0.0,0.0,0.01,1.4399999,3.2962646,3.4518452,90.0,154.7989,154.7989,8.28,22.990501,26.248,28.147999,0.302,0.303,0.306,0.319,27.748,2.0,955.3233,0.0
2026-05-28 05:00:00+07:00,24.0405,22.3405,0.0,0.0,-0.0,0.56920993,1.5692052,1.6432703,71.564964,153.43501,153.43501,7.5599995,22.6905,26.047998,27.948,0.302,0.303,0.306,0.319,27.448,1.0,955.4599,0.0
2026-05-28 06:00:00+07:00,24.140501,22.490501,0.0,0.0,-0.0,0.9,1.3361299,1.399194,90.0,156.80138,156.80138,6.4799995,23.9405,25.848,27.797998,0.303,0.303,0.306,0.319,26.948,3.0,956.2346,0.0
2026-05-28 07:00:00+07:00,26.640501,22.3405,0.0,0.0,0.03,2.4149535,3.7216966,3.897357,116.56499,135.0001,135.0001,8.64,27.7905,26.297998,27.647999,0.3,0.302,0.304,0.319,27.047998,2.0,957.14526,0.0
2026-05-28 08:00:00+07:00,28.490501,22.5405,0.0,0.0,0.16,3.096837,4.0045485,4.1935596,215.53777,208.8107,208.8107,13.679999,30.9405,27.448,27.598,0.297,0.301,0.304,0.319,27.248,9.0,958.3167,0.0
2026-05-28 09:00:00+07:00,29.7905,22.640501,0.0,0.0,0.33,3.3043609,4.4832325,4.6948366,209.35765,210.57915,210.57915,14.4,33.690502,28.647999,27.647999,0.303,0.299,0.304,0.318,27.848,17.0,958.0654,0.0
2026-05-28 10:00:00+07:00,30.9405,22.740501,0.1,0.1,0.47000006,4.072935,5.2103744,5.4563,224.9999,224.9999,224.9999,20.16,35.4905,29.748,27.748,0.309,0.307,0.303,0.318,28.047998,10.0,957.9762,0.0
2026-05-28 11:00:00+07:00,31.9405,23.0405,0.1,0.0,0.55,4.6938257,6.049586,6.3351207,237.52882,240.4613,240.4613,20.880001,36.8905,30.748,27.897999,0.298,0.304,0.303,0.317,29.047998,16.0,957.57587,0.1
2026-05-28 12:00:00+07:00,32.6905,23.490501,0.0,0.0,0.65000004,6.193674,7.885158,8.25733,234.46223,237.72438,237.72438,22.68,37.690502,31.848,28.147999,0.288,0.298,0.302,0.316,29.948,13.0,956.94293,0.0
2026-05-28 13:00:00+07:00,32.8905,22.640501,0.1,0.1,0.63000005,4.9785542,6.0572133,6.3431077,257.4712,259.9921,259.9921,23.039999,37.8905,32.798,28.397999,0.29,0.3,0.303,0.315,30.848,13.0,956.21796,0.0
2026-05-28 14:00:00+07:00,33.1405,22.8405,0.0,0.0,0.59,3.710795,4.466036,4.676829,219.09384,224.9999,224.9999,20.880001,37.7405,33.248,28.698,0.283,0.294,0.302,0.314,31.147999,16.0,954.26886,0.0
2026-05-28 15:00:00+07:00,33.1405,22.8405,0.0,0.0,0.56000006,5.257109,6.4723763,6.7778664,231.95291,237.17146,237.17146,19.44,36.3905,33.648003,28.998,0.277,0.289,0.301,0.314,31.547998,16.0,953.6053,0.0
2026-05-28 16:00:00+07:00,32.7905,22.4405,0.1,0.1,0.45,6.6087217,8.183972,8.570248,240.64233,239.0363,239.0363,19.8,34.5905,33.498,29.297998,0.278,0.286,0.3,0.313,31.547998,70.0,952.8838,0.0
2026-05-28 17:00:00+07:00,29.9405,24.0905,1.7,0.5,0.3,0.9,2.6722598,2.798388,233.13002,246.80138,246.80138,19.8,30.740501,33.048,29.547998,0.276,0.285,0.299,0.313,31.647999,80.0,953.5434,1.2
2026-05-28 18:00:00+07:00,28.990501,25.0905,0.1,0.1,0.15,3.710795,6.325668,6.6242332,112.833694,123.6901,123.6901,11.879999,28.9405,32.298,29.698,0.282,0.285,0.298,0.312,31.047998,84.0,954.23474,0.0
2026-05-28 19:00:00+07:00,27.3405,24.8405,0.0,0.0,0.06,3.244996,5.9959245,6.2789264,70.559875,110.55613,110.55613,10.440001,27.0405,31.448,29.848,0.282,0.282,0.295,0.312,31.248,93.0,954.52026,0.0
2026-05-28 20:00:00+07:00,26.7905,25.240501,0.0,0.0,0.01,1.7727944,1.4144623,1.4812236,23.962492,29.744795,29.744795,7.92,26.240501,30.348,29.848,0.298,0.292,0.295,0.312,29.448,98.0,955.56165,0.0
2026-05-28 21:00:00+07:00,26.5405,25.4405,0.0,0.0,0.02,2.0124612,2.9199445,3.057763,63.435013,57.264786,57.264786,5.7599998,25.990501,29.448,29.797998,0.293,0.293,0.295,0.312,29.248,99.0,956.5599,0.0
2026-05-28 22:00:00+07:00,26.3405,25.490501,0.0,0.0,0.01,2.0124612,3.8637195,4.046083,116.56499,129.47243,129.47243,7.2,25.8405,28.748,29.698,0.293,0.293,0.295,0.312,28.948,99.0,957.09314,0.0
2026-05-28 23:00:00+07:00,26.0905,25.3405,0.0,0.0,-0.0,2.5772078,5.2574224,5.505568,77.90526,115.70991,115.70991,8.64,25.640501,28.198,29.547998,0.305,0.295,0.295,0.312,28.147999,98.0,957.3335,0.0
2026-05-29 00:00:00+07:00,25.7905,25.140501,0.0,0.0,0.01,1.6981165,3.0030913,3.1448343,57.99466,83.29026,83.29026,7.2,25.1905,27.797998,29.397999,0.363,0.327,0.297,0.311,27.348,70.0,956.52405,0.0
2026-05-29 01:00:00+07:00,26.1905,25.6905,0.0,0.0,0.01,0.35999998,2.112607,2.21232,360.0,274.76355,274.76355,4.32,25.490501,27.397999,29.248,0.355,0.317,0.295,0.311,27.448,80.0,956.21497,0.0
2026-05-29 02:00:00+07:00,25.5405,25.3405,0.2,0.1,0.01,1.8089776,3.942579,4.128665,354.2895,327.72437,327.72437,8.64,24.890501,27.098,29.047998,0.327,0.325,0.298,0.311,27.147999,90.0,955.9121,0.1
2026-05-29 03:00:00+07:00,24.490501,24.0905,1.4,0.39999998,-0.0,6.0077944,12.435392,13.022332,351.38443,343.61038,343.61038,21.24,24.3405,26.897999,28.897999,0.356,0.336,0.302,0.311,26.547998,97.0,956.10706,1.0
2026-05-29 04:00:00+07:00,23.890501,23.6905,1.2,0.20000005,0.01,6.391901,8.001408,8.379066,237.65257,232.12495,232.12495,17.64,23.990501,26.748,28.698,0.338,0.336,0.306,0.311,26.248,100.0,957.2314,1.0
2026-05-29 05:00:00+07:00,23.5905,23.4405,2.5,1.4,0.01,3.572898,5.5479774,5.809837,229.08571,235.30478,235.30478,16.919998,23.740501,26.598,28.547998,0.332,0.329,0.309,0.311,25.948,100.0,957.6515,1.1
2026-05-29 06:00:00+07:00,23.8405,23.4405,1.6,1.6,0.01,4.2175345,5.7361903,6.006933,50.194473,66.5713,66.5713,11.879999,23.8405,26.397999,28.348,0.326,0.325,0.311,0.311,25.748,99.0,957.9797,0.0
2026-05-29 07:00:00+07:00,25.3405,24.240501,0.6,0.6,0.02,1.6981165,2.8289247,2.9624472,57.99466,60.255207,60.255207,9.72,25.6905,26.348,28.198,0.324,0.324,0.313,0.311,25.848,98.0,958.8119,0.0
2026-05-29 08:00:00+07:00,26.3405,23.8405,0.1,0.1,0.050000004,1.7076298,2.3406944,2.4511728,71.564964,77.00539,77.00539,9.36,28.240501,26.647999,28.047998,0.32,0.32,0.314,0.311,25.748,94.0,958.7973,0.0
2026-05-29 09:00:00+07:00,28.240501,23.3405,0.0,0.0,0.14000002,1.08,1.3361299,1.399194,180.0,156.80138,156.80138,11.159999,32.3905,27.248,27.948,0.315,0.317,0.314,0.311,25.948,99.0,959.1264,0.0
2026-05-29 10:00:00+07:00,29.490501,23.0405,0.0,0.0,0.33,3.4388947,3.8477535,4.029364,227.12111,223.1524,223.1524,16.56,34.440502,28.348,27.948,0.31,0.314,0.313,0.31,27.047998,99.0,959.2456,0.0
2026-05-29 11:00:00+07:00,30.0405,22.9405,0.0,0.0,0.40000004,3.7064266,4.4279675,4.636963,240.94548,236.3099,236.3099,16.919998,35.0905,29.198,27.998,0.304,0.31,0.313,0.31,27.848,100.0,958.8657,0.0
2026-05-29 12:00:00+07:00,30.740501,22.7905,0.0,0.0,0.39000002,3.06,3.5307114,3.6973577,241.92761,243.43501,243.43501,16.199999,36.3905,29.897999,28.098,0.3,0.306,0.312,0.31,28.547998,98.0,958.0369,0.0
2026-05-29 13:00:00+07:00,31.640501,22.0905,0.0,0.0,0.41,0.54,1.0229965,1.071281,270.0,300.96368,300.96368,17.28,37.9905,30.698,28.198,0.296,0.303,0.31,0.309,29.047998,96.0,957.52527,0.0
2026-05-29 14:00:00+07:00,32.4905,21.890501,0.0,0.0,0.32,3.01735,3.4468975,3.6095877,107.35411,104.743614,104.743614,13.679999,37.3905,30.748,28.348,0.331,0.316,0.31,0.309,28.448,80.0,955.6772,0.0
2026-05-29 15:00:00+07:00,32.3405,22.1905,0.1,0.0,0.29000002,7.9383874,9.392319,9.835628,147.0306,147.20047,147.20047,20.880001,35.9905,30.797998,28.498,0.327,0.324,0.31,0.309,28.647999,99.0,954.989,0.1
2026-05-29 16:00:00+07:00,27.7905,24.490501,2.7,0.0,0.24,8.131936,11.703472,12.255865,174.92049,167.00539,167.00539,25.919998,28.5905,30.647999,28.647999,0.318,0.319,0.311,0.309,29.047998,100.0,955.5446,2.7
2026-05-29 17:00:00+07:00,27.890501,24.8405,0.5,0.5,0.16,2.7943513,4.225214,4.42464,75.068535,85.23644,85.23644,20.16,29.640501,30.147999,28.748,0.313,0.315,0.312,0.308,29.147999,98.0,954.899,0.0
2026-05-29 18:00:00+07:00,27.4405,24.390501,0.0,0.0,0.09,3.244996,4.3965755,4.6040897,19.440128,28.610369,28.610369,9.36,27.8405,29.598,28.797998,0.311,0.313,0.312,0.308,29.147999,98.0,955.3898,0.0
2026-05-29 19:00:00+07:00,28.7905,24.8405,0.0,0.0,0.04,3.189608,6.9515963,7.2797055,73.61038,79.824554,79.824554,7.5599995,27.8405,29.147999,28.797998,0.301,0.303,0.307,0.308,28.948,99.0,955.2426,0.0
2026-05-29 20:00:00+07:00,27.7905,25.0905,0.0,0.0,0.02,1.1525624,2.112607,2.21232,51.34017,85.23644,85.23644,8.28,26.5405,28.397999,28.797998,0.302,0.303,0.306,0.308,28.948,100.0,955.92346,0.0
2026-05-29 21:00:00+07:00,27.0905,25.0905,0.0,0.0,0.01,1.8792552,2.4561944,2.5721245,73.300674,90.0,90.0,5.3999996,26.0905,27.848,28.698,0.302,0.303,0.306,0.308,28.748,100.0,956.93896,0.0
2026-05-29 22:00:00+07:00,26.490501,25.140501,0.0,0.0,0.01,1.8792552,3.1579642,3.307017,73.300674,90.0,90.0,6.8399997,25.5905,27.348,28.598,0.302,0.303,0.306,0.308,28.448,100.0,957.6872,0.0
2026-05-29 23:00:00+07:00,25.990501,25.0405,0.0,0.0,0.01,1.2074767,1.8895731,1.978759,63.435013,68.19853,68.19853,6.12,25.140501,26.948,28.448,0.303,0.304,0.306,0.308,28.248,100.0,957.6948,0.0
2026-05-30 00:00:00+07:00,25.5405,24.8405,0.0,0.0,0.01,1.2727921,1.9615062,2.0540876,81.86999,79.69521,79.69521,5.7599998,24.8405,26.598,28.348,0.303,0.304,0.306,0.308,27.948,98.0,957.2374,0.0
2026-05-30 01:00:00+07:00,25.5405,24.640501,0.0,0.0,0.01,2.7059932,5.4415455,5.6983814,93.814,91.84757,91.84757,5.3999996,25.2905,26.147999,28.147999,0.303,0.304,0.306,0.308,27.547998,98.0,956.66943,0.0
2026-05-30 02:00:00+07:00,23.640501,23.240501,3.8,0.89999986,-0.0,3.644722,5.7146864,5.984414,69.775055,107.87879,107.87879,19.44,23.5905,25.948,27.998,0.348,0.319,0.306,0.308,26.848,99.0,956.7139,2.9
2026-05-30 03:00:00+07:00,23.2905,22.7905,1.6,0.8,0.01,2.7059932,4.7369466,4.960526,266.186,270.0,270.0,10.08,23.3405,25.848,27.848,0.364,0.352,0.31,0.308,25.948,98.0,956.6519,0.8
2026-05-30 04:00:00+07:00,22.9405,22.390501,3.2,1.2,0.01,2.7238941,2.5119536,2.6305156,82.40546,114.775116,114.775116,14.04,22.890501,25.698,27.698,0.378,0.365,0.318,0.308,25.448,98.0,957.2522,2.0
2026-05-30 05:00:00+07:00,23.0405,22.5405,1.4,1.4,0.01,2.6999998,3.4468975,3.6095877,323.13004,345.25638,345.25638,11.879999,23.0405,25.598,27.547998,0.382,0.372,0.328,0.309,25.248,87.0,957.3646,0.0
2026-05-30 06:00:00+07:00,22.7905,22.390501,2.9,0.4000001,0.01,5.7628117,9.457634,9.904026,38.65983,40.485935,40.485935,16.56,22.8405,25.498,27.397999,0.383,0.374,0.338,0.309,25.047998,98.0,958.5501,2.5
2026-05-30 07:00:00+07:00,23.8405,23.3405,1.7,1.2,0.02,4.942631,7.9338026,8.30827,100.491425,108.03438,108.03438,16.199999,23.7905,25.448,27.248,0.387,0.376,0.333,0.307,24.948,100.0,959.0207,0.5
2026-05-30 08:00:00+07:00,23.990501,23.2905,2.9,2.9,0.06,3.01735,5.277874,5.5269847,72.64589,74.57778,74.57778,12.599999,23.8405,25.897999,27.147999,0.374,0.374,0.343,0.308,24.948,100.0,959.42596,0.0
2026-05-30 09:00:00+07:00,24.1905,23.2905,2.0,2.0,0.12,3.6402748,5.0908556,5.331139,98.530685,91.97489,91.97489,8.64,24.0905,26.297998,27.098,0.357,0.358,0.347,0.308,25.248,100.0,960.1236,0.0
2026-05-30 10:00:00+07:00,24.2905,23.140501,2.0,1.3,0.14000002,3.8773184,5.2661967,5.514756,21.801476,29.981556,29.981556,14.759999,24.1905,26.848,27.047998,0.349,0.351,0.347,0.309,25.547998,100.0,959.95197,0.7
2026-05-30 11:00:00+07:00,24.740501,23.0405,0.6,0.6,0.22,3.5455887,4.4969435,4.7091947,66.037506,69.44388,69.44388,10.799999,24.8405,27.297998,27.098,0.355,0.349,0.346,0.31,26.047998,100.0,960.1263,0.0
2026-05-30 12:00:00+07:00,25.9405,23.0905,0.3,0.3,0.28000003,3.0652893,3.942579,4.128665,49.76371,57.724377,57.724377,12.599999,27.5405,27.598,27.098,0.36,0.355,0.346,0.31,26.248,100.0,959.48486,0.0
2026-05-30 13:00:00+07:00,27.5405,23.490501,0.1,0.1,0.36,3.3043609,4.3153143,4.518993,60.64234,63.435013,63.435013,12.599999,29.2905,29.297998,27.348,0.339,0.341,0.342,0.31,28.047998,100.0,959.1002,0.0
2026-05-30 14:00:00+07:00,28.5405,23.240501,0.1,0.1,0.34,3.9763298,5.099917,5.3406277,84.805664,86.05489,86.05489,14.4,31.2905,29.698,27.498,0.334,0.338,0.34,0.31,28.248,100.0,957.2834,0.0
2026-05-30 15:00:00+07:00,29.140501,23.3405,0.0,0.0,0.28000003,3.8856654,5.1628995,5.4065833,103.39252,99.78234,99.78234,15.119999,31.5405,29.948,27.647999,0.332,0.335,0.338,0.31,28.448,100.0,956.53357,0.0
2026-05-30 16:00:00+07:00,28.6905,23.1905,0.1,0.1,0.22,3.2599385,4.225214,4.42464,83.659904,85.23644,85.23644,14.759999,29.8405,29.897999,27.797998,0.332,0.334,0.337,0.311,28.348,100.0,955.88837,0.0
2026-05-30 17:00:00+07:00,28.390501,23.140501,0.1,0.0,0.22,4.6102495,6.0800366,6.367009,38.65983,43.83095,43.83095,10.08,28.5405,29.748,27.897999,0.329,0.332,0.335,0.311,28.348,100.0,955.2689,0.1
2026-05-30 18:00:00+07:00,27.9405,23.8405,0.0,0.0,0.14000002,3.494968,7.447527,7.799044,34.50859,43.09086,43.09086,12.599999,27.4405,29.397999,27.998,0.328,0.33,0.334,0.311,28.248,74.0,955.0968,0.0
2026-05-30 19:00:00+07:00,26.7905,23.7905,0.0,0.0,0.050000004,3.0811036,7.5948553,7.9533253,6.70975,6.6324186,6.6324186,8.28,25.240501,28.998,28.147999,0.327,0.328,0.332,0.311,28.348,32.0,956.0351,0.0
2026-05-30 20:00:00+07:00,25.7905,23.5405,0.0,0.0,0.02,3.244996,7.0526996,7.3855805,19.440128,5.7105074,5.7105074,8.64,24.2905,28.147999,28.198,0.327,0.328,0.331,0.311,27.948,3.0,956.3347,0.0
2026-05-30 21:00:00+07:00,24.9405,23.4405,0.0,0.0,0.01,2.8116899,5.6687193,5.936278,39.805527,21.801476,21.801476,8.28,23.890501,27.448,28.147999,0.326,0.328,0.33,0.312,27.647999,23.0,957.2273,0.0
2026-05-30 22:00:00+07:00,24.3405,23.240501,0.0,0.0,0.01,2.5582807,4.225214,4.42464,50.710617,41.63345,41.63345,7.5599995,23.390501,26.897999,28.047998,0.326,0.327,0.329,0.312,27.448,45.0,958.16254,0.0
2026-05-30 23:00:00+07:00,23.8405,22.990501,0.0,0.0,0.01,2.4216523,4.095746,4.289061,48.01287,43.26433,43.26433,7.2,23.0905,26.448,27.948,0.326,0.327,0.328,0.312,27.248,70.0,958.4529,0.0
2026-05-31 00:00:00+07:00,23.640501,22.740501,0.0,0.0,0.01,2.8116899,5.5839233,5.8474793,50.194473,43.72705,43.72705,9.36,22.990501,26.047998,27.848,0.325,0.326,0.328,0.313,26.948,16.0,957.84955,0.0
2026-05-31 01:00:00+07:00,23.6905,22.9405,0.0,0.0,0.01,2.0991426,4.6351357,4.8539095,59.03632,60.524208,60.524208,7.5599995,23.0405,25.848,27.698,0.325,0.326,0.327,0.313,27.147999,91.0,957.196,0.0
2026-05-31 02:00:00+07:00,23.0905,22.390501,0.2,0.1,0.01,0.71999997,2.1701033,2.2725303,180.0,165.96373,165.96373,7.92,22.240501,25.547998,27.598,0.324,0.325,0.327,0.313,26.748,93.0,956.9003,0.1
2026-05-31 03:00:00+07:00,21.8405,21.7905,1.7,1.2,-0.0,4.323748,6.7174077,7.0344634,2.385899,319.23648,319.23648,19.08,22.0405,25.348,27.448,0.324,0.325,0.326,0.313,26.547998,100.0,957.5288,0.5
2026-05-31 04:00:00+07:00,22.390501,21.9405,0.5,0.5,-0.0,2.8116899,3.3701398,3.5292072,39.805527,38.65983,38.65983,10.799999,22.3405,25.147999,27.297998,0.324,0.325,0.326,0.313,26.248,61.0,957.05963,0.0
2026-05-31 05:00:00+07:00,22.240501,21.990501,0.1,0.1,-0.0,2.7534704,6.8512473,7.1746197,348.6901,357.0644,357.0644,7.92,22.140501,24.948,27.147999,0.323,0.324,0.325,0.314,25.948,50.0,957.5057,0.0
2026-05-31 06:00:00+07:00,22.5905,22.0905,0.0,0.0,-0.0,1.9881649,3.8597343,4.0419097,354.80566,360.0,360.0,6.4799995,22.640501,24.797998,26.998,0.323,0.324,0.325,0.314,25.748,45.0,957.6631,0.0
2026-05-31 07:00:00+07:00,23.890501,22.990501,0.0,0.0,0.03,2.4216523,3.4824333,3.6468008,48.01287,49.085716,49.085716,7.5599995,24.490501,25.047998,26.897999,0.323,0.324,0.326,0.313,25.748,40.0,958.5563,0.0
2026-05-31 08:00:00+07:00,25.0905,23.0405,0.0,0.0,0.13,3.710795,4.6351357,4.8539095,22.833694,29.475794,29.475794,12.24,27.1905,26.198,26.797998,0.32,0.323,0.325,0.313,26.147999,9.0,958.9571,0.0
2026-05-31 09:00:00+07:00,26.740501,22.7905,0.0,0.0,0.29000002,2.0124612,2.4624522,2.5786777,349.69522,4.085537,4.085537,12.959999,30.390501,27.397999,26.848,0.327,0.325,0.324,0.313,26.748,9.0,958.9614,0.0
2026-05-31 10:00:00+07:00,28.1905,22.990501,0.0,0.0,0.41,1.4512063,1.3702495,1.434924,299.74478,320.1945,320.1945,15.84,32.6905,28.498,26.897999,0.319,0.322,0.323,0.313,27.448,7.0,959.2123,0.0
2026-05-31 11:00:00+07:00,29.3405,22.890501,0.0,0.0,0.44,2.6758924,3.1038938,3.2503948,227.72638,227.29063,227.29063,18.359999,34.1405,29.448,27.047998,0.317,0.319,0.322,0.312,28.047998,5.0,958.936,0.0
2026-05-31 12:00:00+07:00,30.140501,22.9405,0.1,0.1,0.42000005,2.9301877,3.787282,3.9660382,259.3804,256.60748,256.60748,20.16,35.440502,30.098,27.248,0.318,0.319,0.32,0.312,28.448,33.0,958.1248,0.0
2026-05-31 13:00:00+07:00,30.5905,22.640501,0.8,0.3,0.44,2.4216523,3.1236644,3.2710981,228.01286,231.84273,231.84273,15.119999,35.4905,30.998,27.498,0.315,0.318,0.319,0.312,29.248,20.0,957.7272,0.5
2026-05-31 14:00:00+07:00,31.140501,23.2905,0.2,0.1,0.48,4.0249224,5.2574224,5.505568,243.43501,244.2901,244.2901,17.64,35.2905,31.698,27.748,0.308,0.314,0.318,0.311,29.748,28.0,956.3989,0.1
2026-05-31 15:00:00+07:00,31.140501,22.990501,0.1,0.0,0.48,3.644722,4.772551,4.9978104,249.77505,252.89719,252.89719,19.08,34.1405,32.248,27.998,0.301,0.309,0.316,0.311,30.348,13.0,955.26184,0.1
2026-05-31 16:00:00+07:00,31.3405,22.390501,0.1,0.0,0.40000004,4.471107,5.5090046,5.7690244,229.89915,232.76509,232.76509,16.919998,32.9405,32.398,28.297998,0.298,0.306,0.315,0.31,30.647999,27.0,954.6321,0.1
2026-05-31 17:00:00+07:00,30.7905,22.640501,0.1,0.1,0.27,4.143911,5.2339516,5.4809895,214.3804,219.55963,219.55963,16.199999,30.890501,32.148,28.498,0.297,0.303,0.313,0.31,30.647999,5.0,954.0658,0.0
2026-05-31 18:00:00+07:00,29.740501,24.3405,0.0,0.0,0.15,3.604497,7.443393,7.794714,177.13765,188.13002,188.13002,11.879999,28.8405,31.498,28.698,0.298,0.302,0.312,0.31,30.547998,9.0,954.078,0.0
2026-05-31 19:00:00+07:00,28.640501,24.140501,0.0,0.0,0.04,3.0652893,6.9405184,7.268104,130.23628,159.27437,159.27437,10.799999,26.6905,30.598,28.797998,0.303,0.305,0.313,0.31,30.547998,13.0,954.5538,0.0
2026-05-31 20:00:00+07:00,27.990501,23.4405,0.0,0.0,0.01,3.0652893,8.00333,8.38108,139.76372,153.9967,153.9967,8.64,25.640501,29.598,28.848,0.305,0.306,0.312,0.31,30.448,20.0,955.10565,0.0
2026-05-31 21:00:00+07:00,27.4405,23.140501,0.0,0.0,0.01,1.2979984,5.663287,5.9305887,146.3099,163.81073,163.81073,8.28,25.0405,28.748,28.848,0.305,0.307,0.312,0.31,30.248,12.0,955.76855,0.0
2026-05-31 22:00:00+07:00,26.5905,22.9405,0.0,0.0,0.01,0.9,4.0957456,4.2890606,126.86999,170.13426,170.13426,5.7599998,24.390501,27.998,28.748,0.306,0.307,0.311,0.31,30.047998,8.0,956.28424,0.0
2026-05-31 23:00:00+07:00,26.0405,22.6905,0.0,0.0,0.01,0.56920993,1.9378252,2.0292888,108.43504,185.19434,185.19434,5.3999996,23.990501,27.397999,28.647999,0.307,0.307,0.311,0.31,29.647999,2.0,956.75665,0.0
2026-06-01 00:00:00+07:00,25.5405,22.4405,0.0,0.0,-0.0,0.54,0.7233678,0.75751007,90.0,194.03627,194.03627,5.04,23.640501,26.897999,28.547998,0.307,0.308,0.311,0.31,28.948,2.0,956.66943,0.0
2026-06-01 01:00:00+07:00,25.4405,22.140501,0.0,0.0,-0.0,0.9178235,0.7846026,0.8216351,101.3099,153.43501,153.43501,5.04,23.640501,26.647999,28.448,0.307,0.308,0.31,0.31,28.748,2.0,956.4629,0.0
2026-06-01 02:00:00+07:00,24.8405,21.740501,0.0,0.0,-0.0,1.2074767,0.94478655,0.9893795,63.435013,68.19853,68.19853,5.7599998,22.8405,26.297998,28.248,0.307,0.308,0.31,0.31,28.248,2.0,955.6953,0.0
2026-06-01 03:00:00+07:00,24.4405,21.390501,0.0,0.0,-0.0,1.5484185,2.045993,2.142562,54.46224,59.03632,59.03632,5.3999996,22.390501,25.998,28.098,0.308,0.308,0.31,0.31,27.748,2.0,955.3409,0.0
2026-06-01 04:00:00+07:00,24.3405,21.1905,0.0,0.0,-0.0,0.71999997,1.8062905,1.8915459,90.0,119.05451,119.05451,5.04,22.1905,25.748,27.948,0.336,0.318,0.31,0.31,26.848,3.0,955.4179,0.0
2026-06-01 05:00:00+07:00,24.0905,21.0905,0.0,0.0,-0.0,0.742159,2.8774703,3.013284,104.03627,142.43134,142.43134,4.68,21.990501,25.498,27.797998,0.321,0.321,0.311,0.31,26.547998,2.0,955.65796,0.0
2026-06-01 06:00:00+07:00,24.3405,21.6905,0.0,0.0,-0.0,0.9693296,3.162834,3.3121166,111.801476,146.3099,146.3099,4.32,23.640501,25.348,27.598,0.318,0.318,0.312,0.311,26.147999,0.0,956.17505,0.0
2026-06-01 07:00:00+07:00,25.9405,22.390501,0.0,0.0,0.03,0.17999999,1.7631749,1.8463951,360.0,185.7105,185.7105,6.8399997,27.390501,25.797998,27.498,0.331,0.331,0.319,0.31,26.047998,7.0,957.30743,0.0
2026-06-01 08:00:00+07:00,27.7905,23.1905,0.0,0.0,0.16,0.742159,0.7017699,0.7348927,284.03625,270.0,270.0,9.36,30.4405,26.897999,27.397999,0.325,0.326,0.32,0.31,26.348,3.0,957.9122,0.0
2026-06-01 09:00:00+07:00,29.5405,23.240501,0.0,0.0,0.35000002,1.4512063,2.000352,2.0947666,240.2552,232.12495,232.12495,13.679999,33.1405,28.198,27.397999,0.318,0.321,0.319,0.31,27.448,2.0,958.11743,0.0
2026-06-01 10:00:00+07:00,30.7905,23.1905,0.1,0.0,0.48,5.692099,7.4949045,7.8486576,235.30478,237.42595,237.42595,18.359999,34.8405,29.498,27.498,0.314,0.317,0.318,0.309,28.448,42.0,958.04535,0.1
2026-06-01 11:00:00+07:00,31.490501,23.5905,0.3,0.10000001,0.56000006,7.0934615,9.002439,9.427344,234.29321,236.92932,236.92932,23.039999,35.0905,30.748,27.698,0.307,0.313,0.317,0.309,29.147999,20.0,957.5948,0.2
2026-06-01 12:00:00+07:00,31.7905,23.490501,0.3,0.20000002,0.58000004,6.889557,8.793151,9.208179,236.7251,241.38963,241.38963,21.599998,35.2905,31.748,27.897999,0.301,0.308,0.315,0.308,29.748,17.0,956.88727,0.1
2026-06-01 13:00:00+07:00,32.3905,22.890501,0.3,0.20000002,0.58000004,5.8409934,7.225162,7.5661836,236.3099,240.94548,240.94548,21.599998,35.7405,32.848,28.198,0.296,0.305,0.313,0.307,30.948,21.0,956.41876,0.1
2026-06-01 14:00:00+07:00,32.6405,23.140501,0.1,0.1,0.52,5.7628117,7.1995564,7.539368,218.65984,223.02507,223.02507,21.599998,35.8905,33.298,28.498,0.291,0.301,0.311,0.307,31.348,19.0,955.0388,0.0
2026-06-01 15:00:00+07:00,32.8905,23.1905,0.0,0.0,0.45,5.8603754,7.3266926,7.6725054,190.6196,196.69933,196.69933,20.519999,35.3905,33.498,28.797998,0.288,0.297,0.31,0.306,31.647999,10.0,954.41705,0.0
2026-06-01 16:00:00+07:00,32.4405,23.0905,0.0,0.0,0.37000003,6.050785,7.792885,8.160702,210.37904,211.18492,211.18492,19.8,33.7405,33.398003,29.047998,0.286,0.295,0.308,0.306,31.547998,10.0,953.8683,0.0
2026-06-01 17:00:00+07:00,31.140501,23.6905,0.4,0.3,0.26,4.6277857,5.975355,6.257386,283.49576,273.3664,273.3664,17.64,31.990501,32.898,29.248,0.29,0.294,0.307,0.306,30.948,12.0,953.55615,0.1
2026-06-01 18:00:00+07:00,29.7905,24.5405,0.0,0.0,0.15,1.2727921,2.5903769,2.7126403,171.86998,241.69934,241.69934,12.959999,29.6905,32.298,29.448,0.289,0.294,0.306,0.306,31.047998,14.0,953.3286,0.0
2026-06-01 19:00:00+07:00,28.990501,25.3405,0.0,0.0,0.03,2.9522195,7.072312,7.406118,142.43134,172.87508,172.87508,6.12,27.2905,31.748,29.598,0.289,0.293,0.305,0.306,31.748,13.0,953.3822,0.0
2026-06-01 20:00:00+07:00,27.740501,25.240501,0.0,0.0,-0.0,2.1897945,6.0572133,6.3431077,170.53775,190.00792,190.00792,9.0,26.0405,30.598,29.647999,0.291,0.294,0.304,0.306,31.547998,18.0,953.6422,0.0
2026-06-01 21:00:00+07:00,26.990501,25.240501,0.0,0.0,-0.0,1.4058449,4.940505,5.173692,140.19447,196.50444,196.50444,8.28,25.490501,29.698,29.647999,0.293,0.295,0.304,0.306,31.448,20.0,954.55457,0.0
2026-06-01 22:00:00+07:00,26.5405,24.990501,0.0,0.0,0.01,1.4058449,5.277874,5.5269847,129.80553,195.42223,195.42223,9.0,25.140501,28.948,29.547998,0.293,0.295,0.303,0.306,30.848,8.0,955.2344,0.0
2026-06-01 23:00:00+07:00,26.140501,24.490501,0.0,0.0,0.01,1.7076298,4.852499,5.0815325,108.43504,192.5288,192.5288,9.36,24.6905,28.297998,29.448,0.294,0.296,0.303,0.306,30.047998,16.0,955.73285,0.0
2026-06-02 00:00:00+07:00,25.890501,24.0405,0.0,0.0,0.01,1.7727944,6.7151155,7.0320625,113.962494,199.8553,199.8553,10.799999,24.4405,27.748,29.297998,0.295,0.296,0.303,0.306,29.147999,23.0,955.49994,0.0
2026-06-02 01:00:00+07:00,26.3405,24.0405,0.0,0.0,-0.0,1.4058449,7.926039,8.30014,129.80553,207.69939,207.69939,11.5199995,24.890501,27.448,29.198,0.295,0.297,0.302,0.306,29.348,28.0,955.0102,0.0
2026-06-02 02:00:00+07:00,25.890501,23.5405,0.0,0.0,0.01,0.8049845,6.120403,6.4092803,116.56499,207.29948,207.29948,10.440001,23.9405,27.098,28.998,0.296,0.297,0.302,0.306,28.848,23.0,954.4586,0.0
2026-06-02 03:00:00+07:00,25.390501,23.2905,0.0,0.0,-0.0,1.659518,6.217696,6.511166,130.60121,196.38962,196.38962,9.72,23.6905,26.748,28.848,0.296,0.297,0.302,0.306,28.448,10.0,954.0876,0.0
2026-06-02 04:00:00+07:00,25.0905,23.0905,0.1,0.1,-0.0,3.710795,12.035403,12.603463,219.09384,216.70294,216.70294,12.599999,23.5905,26.448,28.647999,0.296,0.297,0.302,0.306,27.848,12.0,954.60297,0.0
2026-06-02 05:00:00+07:00,24.390501,22.7905,0.0,0.0,-0.0,1.7076298,5.936596,6.2167974,198.43504,198.9705,198.9705,12.959999,23.240501,26.248,28.498,0.296,0.298,0.301,0.306,27.147999,17.0,954.95355,0.0
2026-06-02 06:00:00+07:00,24.5405,22.9405,0.0,0.0,0.01,2.6999998,2.000352,2.0947666,36.86998,37.875053,37.875053,10.440001,24.390501,26.047998,28.297998,0.296,0.298,0.301,0.306,26.647999,22.0,955.6427,0.0
2026-06-02 07:00:00+07:00,26.8405,23.990501,0.0,0.0,0.04,1.0948973,2.5119536,2.6305156,99.46225,155.22488,155.22488,9.36,28.5405,26.397999,28.147999,0.293,0.295,0.299,0.306,27.047998,17.0,955.8541,0.0
2026-06-02 08:00:00+07:00,28.390501,24.0905,0.0,0.0,0.15,2.0124612,2.9409518,3.079762,206.56499,197.35411,197.35411,11.159999,31.5405,27.647999,28.047998,0.29,0.294,0.298,0.305,27.248,11.0,955.8372,0.0
2026-06-02 09:00:00+07:00,29.890501,23.640501,0.0,0.0,0.3,5.09435,6.5691423,6.8792,212.00534,214.11452,214.11452,17.28,33.4905,28.998,28.047998,0.293,0.293,0.298,0.305,28.448,35.0,955.714,0.0
2026-06-02 10:00:00+07:00,30.890501,22.890501,0.2,0.2,0.42000005,6.945761,9.031454,9.457729,238.78166,240.94548,240.94548,21.24,34.440502,30.348,28.147999,0.283,0.291,0.297,0.304,29.448,50.0,955.59875,0.0
2026-06-02 11:00:00+07:00,31.9405,22.9405,0.2,0.1,0.51000005,7.6579366,9.774522,10.23587,246.44772,248.96242,248.96242,23.4,35.7405,31.698,28.348,0.275,0.287,0.295,0.304,30.348,23.0,955.11176,0.1
2026-06-02 12:00:00+07:00,32.6905,23.1905,0.1,0.1,0.54,7.406295,9.58372,10.036063,244.05775,246.25049,246.25049,23.759998,36.7905,32.798,28.598,0.267,0.283,0.294,0.303,30.948,48.0,954.4786,0.0
2026-06-02 13:00:00+07:00,33.3905,23.490501,0.1,0.1,0.54,6.0347,7.617113,7.9766335,252.64589,255.32356,255.32356,23.4,37.9905,33.598,28.897999,0.272,0.282,0.293,0.302,31.348,41.0,954.12067,0.0
2026-06-02 14:00:00+07:00,33.690502,23.640501,0.0,0.0,0.52,4.846648,6.2028275,6.4955955,238.67136,241.2603,241.2603,21.96,37.7405,34.398003,29.198,0.262,0.278,0.291,0.301,32.048,6.0,952.74817,0.0
2026-06-02 15:00:00+07:00,33.940502,23.4405,0.0,0.0,0.45,5.315336,6.512674,6.8200655,241.69934,242.74475,242.74475,20.519999,36.8905,34.698,29.498,0.256,0.275,0.29,0.301,32.448,16.0,951.4622,0.0
2026-06-02 16:00:00+07:00,33.6405,23.1905,0.0,0.0,0.36,4.6800003,5.8319774,6.107241,247.3801,248.83867,248.83867,20.519999,35.190502,34.448,29.797998,0.255,0.272,0.289,0.3,32.548,27.0,950.7492,0.0
2026-06-02 17:00:00+07:00,31.240501,25.3405,1.0,0.3,0.26,8.863972,12.563444,13.156427,209.16751,215.90982,215.90982,20.16,31.0905,34.048,30.047998,0.253,0.269,0.288,0.3,32.748,78.0,950.25616,0.7
2026-06-02 18:00:00+07:00,29.6905,25.5905,0.1,0.1,0.15,3.244996,5.8845186,6.1622624,183.17976,206.56499,206.56499,21.96,30.0405,33.198,30.248,0.253,0.268,0.287,0.3,32.548,51.0,950.56445,0.0
2026-06-02 19:00:00+07:00,30.5905,24.5905,0.0,0.0,0.06,2.9301877,8.544606,8.947904,190.6196,199.17911,199.17911,9.0,28.390501,32.148,30.348,0.256,0.266,0.286,0.3,32.148,21.0,951.1895,0.0
2026-06-02 20:00:00+07:00,29.2905,24.4405,0.0,0.0,0.02,2.7416782,7.0461507,7.3787217,203.19862,198.88618,198.88618,10.440001,27.0905,31.047998,30.348,0.259,0.266,0.285,0.299,31.948,27.0,951.44403,0.0
2026-06-02 21:00:00+07:00,28.4405,24.3405,0.0,0.0,0.01,2.226477,8.768613,9.182483,165.96373,199.88525,199.88525,11.159999,26.4405,30.198,30.297998,0.265,0.267,0.285,0.299,31.448,31.0,951.96246,0.0
2026-06-02 22:00:00+07:00,27.8405,23.990501,0.0,0.0,0.02,2.1674871,6.8242383,7.146336,138.36655,197.96924,197.96924,11.159999,25.890501,29.498,30.198,0.265,0.268,0.285,0.299,30.647999,31.0,952.6176,0.0
2026-06-02 23:00:00+07:00,27.0905,23.890501,0.0,0.0,0.02,3.148714,8.087498,8.46922,149.03632,192.5288,192.5288,13.679999,25.5905,28.848,30.098,0.27,0.269,0.284,0.299,29.348,35.0,952.77264,0.0
2026-06-03 00:00:00+07:00,26.0405,22.740501,0.0,0.0,0.02,8.373386,12.322258,12.903856,25.463305,28.02442,28.02442,13.679999,25.1905,28.348,29.948,0.292,0.278,0.284,0.299,27.647999,81.0,952.9698,0.0
2026-06-03 01:00:00+07:00,24.4405,23.390501,0.4,0.4,0.02,5.3699164,8.43037,8.828276,103.57046,102.01146,102.01146,29.519999,24.240501,28.297998,29.797998,0.276,0.273,0.283,0.299,28.748,62.0,952.5961,0.0
2026-06-03 02:00:00+07:00,24.4405,23.5905,0.1,0.1,0.02,2.7534704,5.936596,6.2167974,78.6901,108.970505,108.970505,12.599999,24.140501,27.897999,29.647999,0.283,0.277,0.283,0.299,27.647999,51.0,951.839,0.0
2026-06-03 03:00:00+07:00,24.490501,23.5905,0.0,0.0,0.02,1.7076298,4.2397585,4.439872,71.564964,114.44395,114.44395,9.72,23.990501,27.547998,29.448,0.28,0.279,0.283,0.299,27.348,40.0,951.3748,0.0
2026-06-03 04:00:00+07:00,24.5405,23.240501,0.0,0.0,0.01,1.8089776,6.2077875,6.5007896,95.7105,132.70937,132.70937,9.0,23.4405,27.198,29.248,0.279,0.279,0.283,0.299,27.248,65.0,951.5729,0.0
2026-06-03 05:00:00+07:00,24.5905,23.0405,0.0,0.0,0.01,0.9178235,4.343751,4.5487723,78.6901,136.63654,136.63654,9.0,23.240501,26.948,29.047998,0.298,0.282,0.283,0.299,26.748,30.0,951.6762,0.0
2026-06-03 06:00:00+07:00,24.7905,23.4405,0.0,0.0,0.01,0.9,4.184955,4.3824816,90.0,146.97614,146.97614,8.64,24.390501,26.797998,28.848,0.335,0.304,0.284,0.299,26.448,43.0,952.279,0.0
2026-06-03 07:00:00+07:00,27.0905,23.490501,0.0,0.0,0.03,2.1749482,4.7076154,4.9298105,114.44395,153.43501,153.43501,10.08,28.390501,27.098,28.647999,0.275,0.277,0.282,0.3,27.348,56.0,952.8673,0.0
2026-06-03 08:00:00+07:00,28.890501,23.8405,0.0,0.0,0.15,1.659518,2.3538077,2.4649053,220.60121,206.56499,206.56499,11.879999,31.6905,28.297998,28.547998,0.271,0.276,0.282,0.3,27.547998,41.0,953.17566,0.0
2026-06-03 09:00:00+07:00,30.490501,23.890501,0.0,0.0,0.31,4.863332,6.4937415,6.80024,231.009,231.58191,231.58191,17.64,34.2905,29.598,28.547998,0.271,0.275,0.281,0.3,28.348,38.0,953.0679,0.0
2026-06-03 10:00:00+07:00,31.0905,23.3405,0.5,0.19999999,0.40000004,11.9466305,15.950799,16.703661,239.18437,240.33337,240.33337,31.319998,34.0905,30.797998,28.647999,0.278,0.275,0.281,0.299,28.547998,79.0,953.16864,0.3
2026-06-03 11:00:00+07:00,31.9405,22.8405,0.2,0.2,0.46,12.57426,16.843388,17.638382,246.3706,247.97688,247.97688,33.839996,35.5405,31.897999,28.848,0.268,0.274,0.28,0.298,29.547998,97.0,953.2163,0.0
2026-06-03 12:00:00+07:00,32.4905,23.390501,0.1,0.0,0.46,10.717182,14.046357,14.709333,240.85202,242.47487,242.47487,33.839996,36.2405,32.798,29.098,0.263,0.272,0.279,0.298,30.147999,56.0,952.64417,0.1
2026-06-03 13:00:00+07:00,33.4405,22.240501,0.0,0.0,0.40000004,10.337078,13.482842,14.119219,234.92616,237.75755,237.75755,31.68,37.2905,33.798,29.348,0.264,0.271,0.278,0.297,30.948,15.0,952.3276,0.0
2026-06-03 14:00:00+07:00,33.2905,22.140501,0.1,0.1,0.40000004,10.429132,13.490829,14.127584,248.74942,249.44386,249.44386,30.239998,36.8405,33.898003,29.598,0.262,0.269,0.278,0.296,31.248,20.0,950.78625,0.0
2026-06-03 15:00:00+07:00,32.4905,21.9405,0.2,0.0,0.39000002,12.346741,15.680278,16.420372,225.59058,229.53786,229.53786,30.599998,35.940502,34.098,29.848,0.257,0.267,0.277,0.296,31.348,42.0,949.706,0.2
2026-06-03 16:00:00+07:00,30.390501,22.890501,0.4,0.3,0.3,8.085988,10.563035,11.061601,163.17851,168.50346,168.50346,32.760002,32.5905,33.648003,30.047998,0.301,0.283,0.277,0.295,30.248,21.0,949.1664,0.1
2026-06-03 17:00:00+07:00,30.890501,23.140501,0.0,0.0,0.19,4.2021427,5.304053,5.554399,136.73567,145.78424,145.78424,21.24,32.2905,33.098,30.248,0.305,0.287,0.277,0.295,29.748,23.0,948.7764,0.0
2026-06-03 18:00:00+07:00,30.2905,23.6905,0.0,0.0,0.10000001,4.1046314,6.4509406,6.7554193,105.25517,112.38018,112.38018,13.679999,29.740501,32.048,30.348,0.3,0.294,0.278,0.295,29.448,26.0,948.8653,0.0
2026-06-03 19:00:00+07:00,29.5905,25.140501,0.0,0.0,0.04,3.096837,8.954443,9.377084,144.46223,182.2457,182.2457,11.159999,28.1905,32.048,30.547998,0.276,0.276,0.276,0.295,30.348,41.0,949.221,0.0
2026-06-03 20:00:00+07:00,28.640501,24.890501,0.0,0.0,0.03,3.396233,8.312715,8.705067,147.99466,187.27492,187.27492,12.959999,26.890501,30.897999,30.547998,0.275,0.276,0.276,0.295,29.848,30.0,949.81793,0.0
2026-06-03 21:00:00+07:00,27.890501,24.640501,0.0,0.0,0.02,4.3349743,9.514419,9.9634905,138.36655,174.71,174.71,14.04,26.390501,30.047998,30.448,0.274,0.275,0.276,0.294,29.647999,49.0,950.5426,0.0
2026-06-03 22:00:00+07:00,24.740501,22.990501,1.1,0.0,0.01,15.8502245,26.60543,27.861181,15.141045,15.68597,15.68597,43.92,24.9405,29.397999,30.348,0.274,0.275,0.276,0.294,29.348,93.0,952.55426,1.1
2026-06-03 23:00:00+07:00,23.5405,23.140501,3.6,1.0999999,0.01,6.8423676,9.924524,10.392952,178.4926,188.13002,188.13002,43.56,23.5905,28.897999,30.198,0.273,0.275,0.277,0.294,28.547998,94.0,952.72205,2.5
2026-06-04 00:00:00+07:00,23.8405,23.240501,1.7,1.7,0.01,4.8965297,8.087498,8.46922,53.972538,49.398785,49.398785,21.24,23.640501,28.498,30.047998,0.273,0.275,0.277,0.294,27.948,72.0,952.3963,0.0
2026-06-04 01:00:00+07:00,24.1905,23.640501,0.9,0.9,0.02,3.536439,6.87815,7.2027926,75.25639,84.14409,84.14409,12.24,24.0405,28.147999,29.897999,0.273,0.274,0.277,0.294,28.647999,23.0,951.4167,0.0
2026-06-04 02:00:00+07:00,24.0905,22.9405,0.1,0.1,0.01,2.36753,4.912389,5.144249,81.25392,90.0,90.0,11.5199995,23.5905,27.848,29.698,0.273,0.274,0.277,0.294,28.248,76.0,950.926,0.0
2026-06-04 03:00:00+07:00,24.0905,22.890501,0.0,0.0,0.01,1.5379207,3.5524395,3.7201114,110.55613,122.90524,122.90524,10.440001,23.640501,27.547998,29.498,0.273,0.274,0.277,0.294,27.748,77.0,950.73676,0.0
2026-06-04 04:00:00+07:00,23.8405,22.8405,0.0,0.0,0.01,1.8089776,3.3701398,3.5292072,95.7105,141.34016,141.34016,10.440001,23.4405,27.348,29.348,0.278,0.275,0.277,0.294,27.248,81.0,950.6929,0.0
2026-06-04 05:00:00+07:00,23.6905,22.6905,0.0,0.0,0.01,2.1068459,3.2349992,3.3876882,70.01681,139.39879,139.39879,10.440001,23.1905,27.147999,29.147999,0.288,0.279,0.278,0.294,26.748,34.0,950.6664,0.0
2026-06-04 06:00:00+07:00,24.0905,22.890501,0.0,0.0,0.01,1.4512063,2.6837537,2.8104243,60.255207,168.69011,168.69011,10.440001,23.890501,26.998,28.998,0.286,0.281,0.278,0.294,26.547998,36.0,951.5885,0.0
2026-06-04 07:00:00+07:00,27.2905,23.1905,0.0,0.0,0.03,2.1674871,4.7369466,4.960526,131.63345,180.0,180.0,11.159999,28.740501,27.448,28.848,0.283,0.279,0.279,0.292,27.248,95.0,952.33356,0.0
2026-06-04 08:00:00+07:00,28.740501,23.5905,0.0,0.0,0.09,3.143565,4.554751,4.769731,193.24052,195.6423,195.6423,14.4,31.7905,28.198,28.748,0.281,0.281,0.279,0.292,27.147999,98.0,952.9608,0.0
2026-06-04 09:00:00+07:00,29.740501,23.7905,0.0,0.0,0.20000002,5.3305535,6.8242383,7.146336,191.68935,197.96924,197.96924,22.319998,33.7405,29.098,28.748,0.307,0.289,0.279,0.292,27.647999,98.0,953.2254,0.0
2026-06-04 10:00:00+07:00,30.7905,23.5405,0.0,0.0,0.36,9.446141,12.216894,12.79352,210.96368,215.05951,215.05951,30.960001,35.3905,30.297998,28.797998,0.293,0.291,0.279,0.291,28.348,98.0,953.49725,0.0
2026-06-04 11:00:00+07:00,31.5405,23.390501,0.1,0.1,0.41,10.062305,13.031254,13.646317,222.82524,226.63654,226.63654,31.319998,36.5405,31.348,28.897999,0.291,0.29,0.279,0.291,28.748,97.0,953.0546,0.0
2026-06-04 12:00:00+07:00,32.0905,22.7905,0.0,0.0,0.40000004,7.928177,10.563035,11.061601,219.47243,221.63345,221.63345,30.599998,36.0905,32.048,29.098,0.283,0.287,0.279,0.29,29.248,70.0,952.104,0.0
2026-06-04 13:00:00+07:00,29.3405,23.5405,0.1,0.1,0.37000003,3.2599385,4.3153143,4.518993,186.3401,206.56499,206.56499,26.28,32.3905,33.198,29.297998,0.274,0.281,0.279,0.29,30.448,92.0,952.5892,0.0
2026-06-04 14:00:00+07:00,29.3405,23.9405,0.3,0.20000002,0.40000004,8.131936,9.969394,10.43994,242.30061,241.63104,241.63104,21.24,34.6405,33.598,29.498,0.27,0.278,0.278,0.289,30.748,88.0,951.4525,0.1
2026-06-04 15:00:00+07:00,27.5905,24.6905,1.9,0.5,0.38,6.1437774,7.73739,8.102588,211.82741,212.9694,212.9694,26.64,30.990501,34.048,29.748,0.266,0.275,0.278,0.289,31.047998,98.0,951.0594,1.4
2026-06-04 16:00:00+07:00,28.4405,24.1905,0.2,0.2,0.34,2.657668,3.2962646,3.4518452,241.69934,244.7989,244.7989,19.8,31.740501,34.148003,29.998,0.269,0.273,0.277,0.288,31.047998,95.0,950.4471,0.0
2026-06-04 17:00:00+07:00,28.0905,24.140501,0.0,0.0,0.23,2.9522195,3.7216966,3.897357,217.56866,224.9999,224.9999,13.679999,30.4405,33.548,30.198,0.341,0.289,0.277,0.288,29.547998,99.0,950.19775,0.0
2026-06-04 18:00:00+07:00,27.5905,24.0905,0.0,0.0,0.10000001,3.01735,3.717559,3.8930247,162.64589,160.70985,160.70985,12.24,28.390501,32.548,30.297998,0.314,0.306,0.278,0.288,29.547998,95.0,950.5859,0.0
2026-06-04 19:00:00+07:00,28.2905,25.1905,0.0,0.0,0.050000004,2.0124612,3.883584,4.066886,169.6952,198.43504,198.43504,10.440001,27.5905,31.448,30.297998,0.328,0.325,0.286,0.288,29.248,95.0,950.8003,0.0
2026-06-04 20:00:00+07:00,27.5905,25.240501,0.0,0.0,0.02,2.0124612,3.9581623,4.144984,153.43501,167.19574,167.19574,6.4799995,26.5905,30.448,30.297998,0.326,0.32,0.289,0.288,28.948,99.0,951.5329,0.0
2026-06-04 21:00:00+07:00,27.0905,25.2905,0.0,0.0,0.02,2.9522195,6.9582343,7.286657,142.43134,146.3099,146.3099,9.0,26.1905,29.647999,30.248,0.32,0.316,0.291,0.288,28.547998,99.0,952.4886,0.0
2026-06-04 22:00:00+07:00,26.7905,25.2905,0.0,0.0,0.02,1.9134263,5.2162795,5.462483,131.18582,137.72638,137.72638,9.36,25.890501,29.047998,30.147999,0.315,0.314,0.293,0.288,28.147999,100.0,952.7211,0.0
2026-06-04 23:00:00+07:00,26.4405,24.9405,0.0,0.0,0.01,1.835647,4.2397585,4.439872,101.3099,114.44395,114.44395,7.5599995,25.3405,28.598,29.998,0.341,0.32,0.295,0.288,27.848,100.0,952.66046,0.0
2026-06-05 00:00:00+07:00,26.240501,24.390501,0.0,0.0,0.01,2.3469126,4.852499,5.0815325,94.39862,102.5288,102.5288,8.28,25.140501,28.248,29.848,0.374,0.346,0.299,0.288,27.547998,100.0,952.43646,0.0
2026-06-05 01:00:00+07:00,26.3405,24.4405,0.0,0.0,0.01,1.9881649,3.1773982,3.3273683,84.805664,96.340096,96.340096,7.92,25.640501,27.547998,29.647999,0.382,0.371,0.311,0.288,26.748,100.0,951.9805,0.0
2026-06-05 02:00:00+07:00,24.3405,23.5905,2.0,0.39999998,0.01,5.154415,10.805034,11.315021,204.77512,212.39983,212.39983,20.880001,24.240501,27.248,29.498,0.395,0.382,0.326,0.289,26.448,100.0,952.5786,1.6
2026-06-05 03:00:00+07:00,24.0905,23.3405,1.4,0.9,0.01,3.319036,3.3701398,3.5292072,40.601215,38.65983,38.65983,18.359999,23.9405,27.047998,29.297998,0.409,0.397,0.343,0.289,25.748,100.0,952.7242,0.5
2026-06-05 04:00:00+07:00,23.5905,23.240501,2.3,0.79999995,-0.0,3.84796,6.1804576,6.472169,100.784256,96.519714,96.519714,16.919998,23.5905,26.897999,29.147999,0.41,0.406,0.365,0.291,25.248,100.0,952.82544,1.5
2026-06-05 05:00:00+07:00,23.4405,23.0405,2.4,0.3000002,0.01,2.1674871,3.7009625,3.8756442,85.23644,84.55976,84.55976,15.119999,23.4405,26.748,28.948,0.385,0.389,0.377,0.293,24.948,100.0,953.08276,2.1
2026-06-05 06:00:00+07:00,23.4405,22.9405,2.3,0.39999998,0.01,0.56920993,2.045993,2.142562,161.56496,120.96369,120.96369,14.4,23.390501,26.598,28.797998,0.373,0.376,0.376,0.295,24.948,99.0,953.7451,1.9
2026-06-05 07:00:00+07:00,23.9405,23.5905,1.0,0.8,0.02,1.8792552,2.6722598,2.798388,73.300674,66.801384,66.801384,12.959999,24.0905,26.498,28.598,0.368,0.371,0.374,0.309,24.748,100.0,954.11725,0.2
2026-06-05 08:00:00+07:00,24.390501,23.390501,1.2,1.2,0.09,1.0182338,1.7279078,1.8094634,135.0001,113.962494,113.962494,6.8399997,24.4405,26.948,28.498,0.362,0.366,0.37,0.311,24.948,99.0,954.3857,0.0
2026-06-05 09:00:00+07:00,25.4405,23.4405,0.2,0.2,0.24,2.2768397,2.6837537,2.8104243,198.43504,191.30989,191.30989,11.5199995,26.890501,27.647999,28.397999,0.367,0.364,0.367,0.312,25.647999,100.0,954.66425,0.0
2026-06-05 10:00:00+07:00,26.740501,23.1905,0.1,0.1,0.39000002,2.1897945,2.7235994,2.852151,260.53775,255.06853,255.06853,13.32,30.9405,28.498,28.348,0.367,0.367,0.364,0.313,26.448,59.0,954.5113,0.0
2026-06-05 11:00:00+07:00,28.5405,23.0405,0.5,0.19999999,0.5,3.2846913,4.2142725,4.4131823,279.46225,272.3859,272.3859,15.4800005,33.0905,29.547998,28.397999,0.358,0.361,0.362,0.314,27.448,84.0,954.15784,0.3
2026-06-05 12:00:00+07:00,29.4405,22.4405,0.5,0.099999994,0.57,4.0249224,5.114983,5.3564057,280.30478,275.90604,275.90604,15.84,33.2405,30.748,28.498,0.348,0.354,0.359,0.315,28.547998,97.0,953.5534,0.4
2026-06-05 13:00:00+07:00,30.6905,22.7905,0.3,0.10000001,0.53,4.5891175,5.7469125,6.018161,281.3099,282.33908,282.33908,20.519999,36.0405,31.198,28.598,0.343,0.349,0.355,0.315,28.647999,43.0,953.0066,0.2
2026-06-05 14:00:00+07:00,31.1905,23.490501,0.2,0.1,0.41,4.1085763,4.952949,5.1867237,241.1893,247.06787,247.06787,20.880001,36.690502,31.698,28.797998,0.338,0.344,0.351,0.315,29.147999,67.0,951.2904,0.1
2026-06-05 15:00:00+07:00,30.990501,23.390501,0.1,0.0,0.41,5.3517847,6.824238,7.1463356,222.27362,226.04153,226.04153,20.880001,34.6405,32.148,28.998,0.333,0.34,0.348,0.316,29.547998,56.0,950.5933,0.1
2026-06-05 16:00:00+07:00,31.0905,23.140501,0.0,0.0,0.34,4.6102495,5.8425236,6.118285,218.65984,221.34767,221.34767,20.16,33.1905,32.348,29.198,0.329,0.336,0.345,0.316,29.948,31.0,949.9469,0.0
2026-06-05 17:00:00+07:00,30.990501,22.6905,0.0,0.0,0.24,6.1437774,7.546066,7.902233,211.82741,215.53777,215.53777,19.08,32.2405,32.148,29.397999,0.33,0.333,0.342,0.316,29.848,24.0,949.93005,0.0
2026-06-05 18:00:00+07:00,28.640501,23.890501,0.6,0.40000004,0.13,5.3517847,8.334901,8.728301,222.27362,229.26797,229.26797,21.599998,28.2905,31.598,29.498,0.335,0.335,0.34,0.316,28.948,17.0,950.0074,0.2
2026-06-05 19:00:00+07:00,27.6905,25.5405,0.1,0.1,0.050000004,1.8089776,5.4415455,5.6983814,185.7105,200.77234,200.77234,12.24,27.1905,30.698,29.547998,0.332,0.334,0.34,0.317,29.748,77.0,950.79236,0.0
2026-06-05 20:00:00+07:00,27.1905,25.390501,0.0,0.0,0.02,0.6489992,3.6884665,3.8625586,123.690094,205.34613,205.34613,8.64,26.1905,29.748,29.547998,0.331,0.333,0.338,0.318,29.647999,84.0,951.36945,0.0
2026-06-05 21:00:00+07:00,26.890501,25.0905,0.0,0.0,0.02,0.56920993,2.7461088,2.8757226,108.43504,206.56499,206.56499,7.5599995,25.7905,28.948,29.498,0.331,0.333,0.337,0.318,29.547998,78.0,952.0755,0.0
2026-06-05 22:00:00+07:00,26.5905,24.9405,0.0,0.0,0.01,1.8,4.0351763,4.225633,126.86999,180.0,180.0,9.0,25.740501,28.397999,29.397999,0.335,0.333,0.336,0.318,29.047998,56.0,952.3076,0.0
2026-06-05 23:00:00+07:00,25.890501,24.490501,0.0,0.0,0.01,2.9024127,6.687557,7.0032034,150.2552,184.5139,184.5139,11.879999,25.140501,27.998,29.297998,0.346,0.339,0.335,0.319,27.948,53.0,952.5652,0.0
2026-06-06 00:00:00+07:00,25.2905,24.2905,1.3,0.29999995,0.01,1.8532133,7.9898586,8.366973,119.05451,188.84174,188.84174,22.319998,25.0405,27.748,29.147999,0.376,0.354,0.336,0.319,27.547998,85.0,953.31274,1.0
2026-06-06 01:00:00+07:00,24.140501,23.4405,4.1,0.39999986,0.01,5.6920996,6.5761676,6.8865566,18.435053,9.210952,9.210952,16.56,24.0405,27.498,28.998,0.382,0.37,0.34,0.319,27.448,84.0,953.1115,3.7
2026-06-06 02:00:00+07:00,23.8405,23.390501,1.5,0.5,0.01,3.3043609,3.4602664,3.6235874,29.357658,30.465475,30.465475,15.84,23.7905,27.248,28.897999,0.392,0.383,0.349,0.32,26.948,91.0,952.68024,1.0
2026-06-06 03:00:00+07:00,23.8405,23.490501,0.9,0.9,0.01,3.06,2.4561944,2.5721245,360.0,360.0,360.0,11.159999,23.7905,27.047998,28.748,0.384,0.384,0.359,0.321,26.647999,97.0,952.3963,0.0
2026-06-06 04:00:00+07:00,23.740501,23.4405,0.6,0.6,0.01,3.244996,4.4000745,4.6077538,3.179772,23.498587,23.498587,9.72,23.6905,26.848,28.598,0.368,0.37,0.363,0.322,26.547998,93.0,952.47345,0.0
2026-06-06 05:00:00+07:00,23.5405,23.2905,0.2,0.2,0.01,2.6999998,4.8935556,5.1245265,323.13004,345.4655,345.4655,10.799999,23.490501,26.698,28.448,0.361,0.363,0.362,0.323,26.448,91.0,953.1006,0.0
2026-06-06 06:00:00+07:00,23.6905,23.2905,0.1,0.1,0.01,2.5071096,2.5302672,2.6496935,21.037588,33.6901,33.6901,9.72,23.6905,26.498,28.297998,0.357,0.359,0.361,0.324,26.448,74.0,953.88385,0.0
2026-06-06 07:00:00+07:00,24.490501,23.9405,0.0,0.0,0.03,1.1525624,1.4886787,1.5589429,231.34016,224.9999,224.9999,10.799999,24.740501,26.797998,28.147999,0.364,0.367,0.371,0.336,26.647999,95.0,954.6874,0.0
2026-06-06 08:00:00+07:00,25.4405,24.0405,0.2,0.2,0.13,1.26,1.4035398,1.4697855,270.0,270.0,270.0,10.799999,27.1905,27.498,28.098,0.364,0.363,0.369,0.338,26.748,62.0,954.66425,0.0
2026-06-06 09:00:00+07:00,27.0405,23.490501,0.2,0.2,0.25,3.494968,4.527639,4.7413397,235.49141,234.46223,234.46223,15.84,30.6905,28.448,28.098,0.386,0.38,0.369,0.338,27.248,42.0,954.7527,0.0
2026-06-06 10:00:00+07:00,28.140501,23.7905,0.3,0.10000001,0.40000004,5.8104043,7.447527,7.799044,253.81071,254.98158,254.98158,19.44,33.1405,29.397999,28.147999,0.369,0.373,0.37,0.339,27.748,50.0,954.6578,0.2
2026-06-06 11:00:00+07:00,29.740501,23.7905,0.8,0.6,0.47000006,6.330782,8.127361,8.510964,255.17348,256.2637,256.2637,23.759998,33.690502,30.348,28.248,0.359,0.364,0.368,0.34,28.448,52.0,954.078,0.2
2026-06-06 12:00:00+07:00,31.0905,24.490501,0.6,0.40000004,0.47000006,7.7420926,9.88101,10.347384,252.40749,253.49556,253.49556,26.64,36.0905,31.047998,28.448,0.354,0.358,0.364,0.34,28.948,76.0,953.2634,0.2
2026-06-06 13:00:00+07:00,31.490501,23.7905,0.0,0.0,0.40000004,8.65873,11.3184185,11.852637,249.30446,251.00325,251.00325,28.44,35.6405,31.448,28.598,0.361,0.364,0.362,0.34,29.047998,100.0,953.3304,0.0
2026-06-06 14:00:00+07:00,29.1905,24.390501,0.8,0.19999999,0.44,8.39078,11.095955,11.619674,234.60512,235.30478,235.30478,27.72,29.890501,31.797998,28.797998,0.343,0.349,0.357,0.34,29.647999,89.0,951.711,0.6
2026-06-06 15:00:00+07:00,29.9405,23.640501,0.2,0.2,0.38,7.653705,9.591745,10.044467,221.18582,219.80553,219.80553,21.599998,33.2405,31.897999,28.998,0.344,0.346,0.354,0.34,29.547998,86.0,951.45917,0.0
2026-06-06 16:00:00+07:00,28.3405,24.8405,1.0,0.39999998,0.31,5.9427266,7.863659,8.234816,215.13428,218.65984,218.65984,28.08,30.1905,31.647999,29.147999,0.341,0.344,0.351,0.34,29.647999,97.0,951.4717,0.6
2026-06-06 17:00:00+07:00,28.2905,24.640501,0.2,0.1,0.19,4.3498964,5.965044,6.246588,204.44394,208.07239,208.07239,20.880001,29.6905,31.198,29.297998,0.37,0.354,0.35,0.34,28.647999,95.0,951.4632,0.1
2026-06-06 18:00:00+07:00,27.8405,24.1905,0.1,0.1,0.09,7.7420926,11.569895,12.115983,234.46223,229.30457,229.30457,19.44,28.0405,30.498,29.348,0.356,0.358,0.352,0.34,28.647999,97.0,951.76526,0.0
2026-06-06 19:00:00+07:00,27.5405,25.6905,0.3,0.3,0.04,3.9477081,10.850517,11.362652,204.22774,202.8337,202.8337,23.039999,26.740501,30.047998,29.397999,0.358,0.357,0.356,0.342,29.047998,100.0,951.52435,0.0
2026-06-06 20:00:00+07:00,27.0405,25.3405,0.0,0.0,0.01,3.219938,9.509563,9.958406,206.56499,209.8759,209.8759,15.4800005,26.0405,29.397999,29.397999,0.352,0.354,0.355,0.342,28.748,100.0,952.48016,0.0
2026-06-06 21:00:00+07:00,26.740501,25.0905,0.0,0.0,0.02,1.2727921,5.9365954,6.216797,224.9999,214.15974,214.15974,15.119999,25.7905,28.897999,29.348,0.369,0.367,0.356,0.343,27.948,99.0,953.3751,0.0
2026-06-06 22:00:00+07:00,26.240501,24.890501,0.0,0.0,0.02,1.8,7.158827,7.4967165,180.0,197.10281,197.10281,12.959999,25.3405,28.498,29.248,0.368,0.366,0.358,0.343,27.748,95.0,954.1406,0.0
2026-06-06 23:00:00+07:00,26.140501,24.5405,0.0,0.0,0.02,0.8049845,6.2003465,6.492997,153.43501,205.1148,205.1148,13.679999,24.990501,28.098,29.147999,0.376,0.37,0.359,0.344,27.448,81.0,954.21814,0.0
2026-06-07 00:00:00+07:00,25.5905,24.140501,0.0,0.0,0.01,2.4216523,7.501062,7.855105,138.01286,190.78426,190.78426,13.32,24.3405,27.848,29.047998,0.362,0.364,0.361,0.344,27.348,78.0,953.93304,0.0
2026-06-07 01:00:00+07:00,25.6905,23.390501,0.0,0.0,0.01,3.2399998,10.597944,11.098158,180.0,199.3349,199.3349,14.04,24.7905,27.698,28.948,0.354,0.356,0.357,0.345,27.147999,83.0,953.7611,0.0
2026-06-07 02:00:00+07:00,25.1905,23.4405,0.2,0.2,0.02,2.19718,6.913858,7.2401857,214.9921,215.70677,215.70677,14.759999,24.390501,27.448,28.848,0.351,0.353,0.356,0.345,26.848,82.0,953.2953,0.0
2026-06-07 03:00:00+07:00,24.890501,23.1905,0.4,0.4,0.01,0.35999998,3.616839,3.7875502,180.0,202.8337,202.8337,11.879999,24.240501,27.147999,28.698,0.349,0.352,0.355,0.345,26.647999,85.0,952.9591,0.0
2026-06-07 04:00:00+07:00,24.240501,23.240501,1.1,0.100000024,0.01,0.742159,2.9199445,3.057763,345.9637,237.26477,237.26477,12.599999,24.0405,26.948,28.547998,0.348,0.35,0.354,0.346,26.547998,97.0,953.129,1.0
2026-06-07 05:00:00+07:00,23.990501,23.140501,0.9,0.79999995,0.01,0.9,2.219191,2.323935,360.0,251.56496,251.56496,10.08,23.740501,26.797998,28.448,0.362,0.353,0.353,0.346,26.248,100.0,953.27454,0.1
2026-06-07 06:00:00+07:00,23.890501,23.1905,0.5,0.3,0.01,0.25455844,2.0535014,2.1504247,44.999897,199.9832,199.9832,14.04,23.7905,26.698,28.297998,0.36,0.361,0.355,0.346,25.848,97.0,953.63525,0.2
2026-06-07 07:00:00+07:00,24.890501,24.0405,0.4,0.4,0.03,2.8174455,4.962262,5.196476,153.43501,171.86998,171.86998,10.08,25.140501,26.948,28.198,0.353,0.355,0.355,0.347,26.047998,98.0,953.90564,0.0
2026-06-07 08:00:00+07:00,26.0405,23.740501,0.1,0.1,0.07000001,3.9844694,5.2162795,5.462483,198.43504,199.65392,199.65392,19.44,27.740501,27.348,28.147999,0.349,0.352,0.354,0.347,26.047998,61.0,954.0112,0.0
2026-06-07 09:00:00+07:00,27.390501,23.5405,0.3,0.20000002,0.20000002,8.404285,11.167847,11.694959,223.26433,223.72705,223.72705,24.48,30.490501,28.147999,28.098,0.345,0.349,0.353,0.347,26.647999,64.0,954.0553,0.1
2026-06-07 10:00:00+07:00,28.3405,23.890501,0.3,0.3,0.35000002,9.82114,13.073701,13.690767,228.7154,229.89915,229.89915,32.039997,32.1405,29.147999,28.147999,0.339,0.345,0.351,0.347,27.348,55.0,954.02893,0.0
2026-06-07 11:00:00+07:00,29.3405,23.990501,0.1,0.0,0.39000002,9.67657,12.792871,13.396683,226.50737,227.77924,227.77924,32.399998,33.2405,29.948,28.248,0.334,0.341,0.349,0.346,27.748,92.0,953.34705,0.1
2026-06-07 12:00:00+07:00,29.890501,24.1905,0.4,0.2,0.44,10.195057,13.288535,13.915742,227.86247,227.67548,227.67548,30.960001,32.9905,30.448,28.348,0.333,0.337,0.347,0.346,28.047998,73.0,952.39813,0.2
2026-06-07 13:00:00+07:00,30.6905,24.0405,0.4,0.2,0.38,9.044888,11.569895,12.115983,227.41954,229.30457,229.30457,35.28,34.5905,30.397999,28.448,0.35,0.344,0.346,0.345,28.248,61.0,952.6276,0.2
2026-06-07 14:00:00+07:00,31.240501,23.890501,0.1,0.0,0.37000003,10.825469,14.177228,14.846379,227.02136,229.01427,229.01427,34.56,34.5905,30.498,28.598,0.338,0.342,0.345,0.345,28.748,93.0,950.82477,0.1
2026-06-07 15:00:00+07:00,29.390501,24.2905,0.4,0.099999994,0.35000002,11.545284,15.380011,16.105932,239.03632,237.57895,237.57895,34.92,33.2405,30.647999,28.698,0.343,0.34,0.344,0.344,28.647999,98.0,950.3241,0.3
2026-06-07 16:00:00+07:00,28.3405,25.2905,3.5,0.099999905,0.27,1.6199999,1.6174996,1.6938441,360.0,347.4712,347.4712,33.48,30.2905,30.348,28.797998,0.354,0.353,0.344,0.344,27.948,91.0,949.95636,3.4
2026-06-07 17:00:00+07:00,28.990501,25.140501,0.0,0.0,0.17,1.1384199,1.2405655,1.299119,108.43504,171.86998,171.86998,12.24,30.5905,30.047998,28.897999,0.345,0.348,0.345,0.344,28.047998,91.0,949.7828,0.0
2026-06-07 18:00:00+07:00,27.9405,24.740501,0.2,0.2,0.08,5.297018,8.800149,9.2155075,189.78233,203.49858,203.49858,19.8,27.890501,29.448,28.948,0.342,0.345,0.345,0.344,27.948,95.0,950.26685,0.0
2026-06-07 19:00:00+07:00,26.3405,25.7905,0.2,0.2,0.03,2.4216523,7.546066,7.902233,138.01286,197.59251,197.59251,19.08,26.240501,28.848,28.948,0.371,0.369,0.346,0.344,27.547998,91.0,950.655,0.0
2026-06-07 20:00:00+07:00,26.3405,25.140501,0.0,0.0,0.02,3.01735,9.4949875,9.943142,162.64589,196.09088,196.09088,15.4800005,25.5905,28.348,28.897999,0.354,0.355,0.348,0.344,27.547998,92.0,951.4125,0.0
2026-06-07 21:00:00+07:00,26.240501,24.490501,0.0,0.0,0.02,4.0249224,11.891324,12.452583,190.3048,201.6445,201.6445,17.28,25.1905,27.897999,28.848,0.365,0.364,0.351,0.344,27.348,93.0,952.34186,0.0
2026-06-07 22:00:00+07:00,25.740501,23.990501,0.1,0.1,0.02,6.444905,16.84613,17.641253,215.90982,215.6765,215.6765,20.880001,24.7905,27.598,28.748,0.356,0.357,0.353,0.344,27.147999,80.0,952.72864,0.0
2026-06-07 23:00:00+07:00,24.740501,23.740501,0.4,0.2,0.02,3.396233,11.095955,11.619674,212.00534,214.69522,214.69522,28.08,24.390501,27.348,28.647999,0.351,0.353,0.353,0.344,26.848,87.0,953.31146,0.2
2026-06-08 00:00:00+07:00,23.9405,23.1905,2.2,1.1,0.01,1.3104197,3.851751,4.0335503,15.945477,239.9315,239.9315,23.4,23.740501,27.098,28.547998,0.349,0.351,0.353,0.345,26.647999,98.0,953.2655,1.1
2026-06-08 01:00:00+07:00,24.6905,22.8405,0.2,0.1,0.01,3.6,8.666219,9.075256,143.13002,201.37068,201.37068,21.599998,24.4405,26.948,28.397999,0.348,0.35,0.353,0.345,26.547998,95.0,952.167,0.1
2026-06-08 02:00:00+07:00,24.5405,22.8405,0.2,0.1,0.01,2.3400002,8.2177515,8.605621,157.3801,196.1135,196.1135,17.28,23.890501,26.797998,28.297998,0.347,0.349,0.352,0.345,26.448,99.0,951.76215,0.1
2026-06-08 03:00:00+07:00,24.2905,22.990501,0.0,0.0,0.02,2.5264204,7.8322825,8.20196,175.91446,195.59286,195.59286,14.759999,23.640501,26.647999,28.198,0.346,0.348,0.351,0.346,26.147999,98.0,951.3396,0.0
2026-06-08 04:00:00+07:00,24.1905,22.890501,0.0,0.0,0.02,1.5379207,6.8512473,7.1746197,159.44388,193.32454,193.32454,14.4,23.5405,26.547998,28.047998,0.346,0.348,0.351,0.346,26.047998,98.0,951.1328,0.0
2026-06-08 05:00:00+07:00,24.0905,22.6905,0.0,0.0,0.01,0.6489992,4.564876,4.7803345,123.690094,177.79745,177.79745,12.959999,23.1905,26.397999,27.948,0.344,0.347,0.35,0.346,26.047998,97.0,951.1153,0.0
2026-06-08 06:00:00+07:00,24.390501,22.9405,0.0,0.0,0.01,1.0495713,4.389569,4.5967526,149.03632,182.29056,182.29056,10.799999,24.2905,26.248,27.848,0.343,0.346,0.349,0.346,26.047998,98.0,951.4517,0.0
2026-06-08 07:00:00+07:00,24.990501,23.9405,0.2,0.0,0.03,3.8856654,7.1674204,7.505716,193.39252,201.54105,201.54105,12.599999,25.140501,26.297998,27.748,0.342,0.344,0.348,0.346,25.948,92.0,952.12476,0.2
2026-06-08 08:00:00+07:00,25.4405,24.2905,0.2,0.1,0.10000001,4.542994,7.263402,7.606228,213.6901,217.14677,217.14677,20.880001,26.240501,26.748,27.647999,0.34,0.343,0.347,0.346,26.147999,98.0,952.6764,0.1
2026-06-08 09:00:00+07:00,27.0405,24.1905,0.1,0.0,0.16,8.373386,11.064009,11.586219,205.4633,207.37762,207.37762,24.48,29.6905,27.198,27.598,0.338,0.341,0.346,0.346,26.348,87.0,952.6695,0.1
2026-06-08 10:00:00+07:00,28.3405,23.990501,0.2,0.1,0.22,11.843124,15.391014,16.117456,223.1524,226.8476,226.8476,32.760002,30.890501,27.748,27.598,0.335,0.339,0.345,0.346,26.647999,100.0,952.4188,0.1
2026-06-08 11:00:00+07:00,27.2905,24.890501,1.2,0.50000006,0.31,10.195057,14.424743,15.105576,222.13753,221.05472,221.05472,33.48,27.9405,28.547998,27.647999,0.33,0.336,0.343,0.345,27.348,100.0,951.8601,0.7
2026-06-08 12:00:00+07:00,29.9405,24.7905,0.5,0.099999994,0.34,11.074023,14.657584,15.349409,225.65846,227.9109,227.9109,30.960001,32.9905,29.248,27.748,0.327,0.333,0.342,0.345,27.848,100.0,951.36444,0.4
2026-06-08 13:00:00+07:00,30.240501,23.990501,0.2,0.0,0.34,9.499158,12.240806,12.818561,242.94948,242.7005,242.7005,34.56,32.5405,29.797998,27.897999,0.329,0.331,0.34,0.344,27.647999,100.0,951.41504,0.2
2026-06-08 14:00:00+07:00,27.490501,24.5405,1.8,0.19999993,0.41,10.086427,13.873272,14.528078,235.17543,237.91785,237.91785,27.359999,27.740501,30.498,28.047998,0.324,0.329,0.338,0.344,28.047998,100.0,950.5687,1.6
2026-06-08 15:00:00+07:00,27.9405,24.640501,0.7,0.7,0.34,3.8773184,4.6351357,4.8539095,201.80147,209.4758,209.4758,24.48,29.990501,30.598,28.248,0.339,0.329,0.336,0.343,28.248,93.0,950.07745,0.0
2026-06-08 16:00:00+07:00,27.890501,24.6905,0.3,0.20000002,0.24,5.637765,7.158827,7.4967165,196.69933,197.10281,197.10281,21.599998,29.5405,30.147999,28.397999,0.371,0.355,0.337,0.343,28.047998,97.0,949.87964,0.1
2026-06-08 17:00:00+07:00,27.5405,24.8405,0.4,0.4,0.16,3.4247334,4.564876,4.7803345,176.98727,177.79745,177.79745,16.919998,28.5905,29.748,28.498,0.37,0.37,0.344,0.343,27.848,99.0,949.9145,0.0
2026-06-08 18:00:00+07:00,27.0905,24.7905,0.2,0.2,0.09,2.7238941,3.5132325,3.6790538,97.59455,87.13766,87.13766,12.24,27.240501,29.297998,28.547998,0.364,0.359,0.348,0.343,27.848,100.0,950.4054,0.0
2026-06-08 19:00:00+07:00,26.490501,25.640501,0.0,0.0,0.03,1.609969,3.1579642,3.307017,63.435013,90.0,90.0,8.64,26.240501,28.948,28.547998,0.358,0.359,0.344,0.342,28.448,100.0,950.7756,0.0
2026-06-08 20:00:00+07:00,26.1905,25.3405,0.0,0.0,0.02,1.4399999,3.8597343,4.0419097,90.0,90.0,90.0,6.8399997,25.4405,28.348,28.547998,0.348,0.35,0.345,0.343,28.647999,100.0,951.10254,0.0
2026-06-08 21:00:00+07:00,26.1905,25.0405,0.0,0.0,0.02,0.56920993,2.8070796,2.939571,71.564964,90.0,90.0,6.12,25.0905,27.948,28.498,0.345,0.346,0.346,0.343,28.448,100.0,952.04926,0.0
2026-06-08 22:00:00+07:00,25.8405,24.9405,0.0,0.0,0.02,2.4149535,5.7469125,6.018161,116.56499,121.26367,121.26367,7.92,24.9405,27.598,28.448,0.343,0.344,0.345,0.343,28.248,99.0,952.36707,0.0
2026-06-08 23:00:00+07:00,25.240501,24.6905,0.9,0.099999964,0.01,3.0758414,6.4937415,6.80024,200.55612,181.54813,181.54813,14.4,24.990501,27.348,28.348,0.341,0.343,0.345,0.343,27.948,100.0,952.83075,0.8
2026-06-09 00:00:00+07:00,24.490501,23.990501,7.4,0.5,0.01,4.186693,6.778984,7.0989456,64.5367,79.56258,79.56258,16.56,24.3405,27.147999,28.297998,0.34,0.342,0.345,0.343,27.748,100.0,952.7945,6.9
2026-06-09 01:00:00+07:00,24.890501,24.240501,1.5,1.0,0.01,3.219938,3.9230125,4.1081753,206.56499,206.56499,206.56499,15.4800005,24.8405,26.948,28.147999,0.349,0.346,0.344,0.343,27.248,100.0,952.3912,0.5
2026-06-09 02:00:00+07:00,24.5405,24.140501,3.1,0.79999995,0.01,1.6981165,2.219191,2.323935,122.00535,198.43504,198.43504,16.56,24.490501,26.797998,28.098,0.341,0.342,0.344,0.343,27.248,100.0,951.9515,2.3
2026-06-09 03:00:00+07:00,24.4405,23.990501,1.1,0.70000005,0.01,3.4576871,6.3572173,6.657272,128.65984,140.59937,140.59937,14.759999,24.3405,26.647999,27.998,0.34,0.341,0.344,0.343,27.248,100.0,951.4604,0.4
2026-06-09 04:00:00+07:00,24.3405,23.8405,0.9,0.49999997,0.01,2.1674871,5.2162795,5.462483,138.36655,137.72638,137.72638,13.679999,24.1905,26.547998,27.897999,0.338,0.34,0.343,0.343,27.147999,100.0,951.6322,0.4
2026-06-09 05:00:00+07:00,24.1905,23.890501,1.0,0.3,0.01,2.3469129,5.450023,5.707259,122.471176,146.82147,146.82147,14.759999,24.140501,26.448,27.797998,0.338,0.339,0.343,0.343,26.948,100.0,951.8899,0.7
2026-06-09 06:00:00+07:00,24.2905,23.890501,0.4,0.4,0.01,1.8532133,4.091986,4.285124,119.05451,149.03632,149.03632,9.0,24.240501,26.348,27.698,0.337,0.339,0.342,0.343,26.848,100.0,952.19135,0.0
2026-06-09 07:00:00+07:00,24.740501,23.9405,0.4,0.4,0.02,3.3092597,5.1599183,5.4034615,112.38018,125.311295,125.311295,8.28,24.740501,26.297998,27.598,0.365,0.355,0.35,0.341,26.547998,100.0,952.6489,0.0
2026-06-09 08:00:00+07:00,25.0905,23.990501,0.4,0.3,0.050000004,2.8116899,4.095746,4.289061,140.19447,136.73567,136.73567,10.08,25.2905,26.647999,27.547998,0.369,0.363,0.352,0.341,26.248,100.0,953.0885,0.1
2026-06-09 09:00:00+07:00,25.7905,24.390501,0.4,0.099999994,0.10000001,3.2846913,4.069358,4.2614274,189.46225,187.43132,187.43132,13.32,26.740501,27.098,27.498,0.366,0.364,0.354,0.341,26.047998,100.0,953.30536,0.3
2026-06-09 10:00:00+07:00,26.240501,24.990501,0.7,0.19999999,0.18,5.876938,7.345573,7.6922774,220.0302,220.15593,220.15593,18.72,28.0905,27.698,27.498,0.371,0.367,0.356,0.341,26.448,98.0,953.19385,0.5
2026-06-09 11:00:00+07:00,26.390501,25.2905,1.0,0.19999999,0.23,3.8141315,5.023907,5.261031,250.70985,245.22488,245.22488,19.8,27.7905,28.248,27.547998,0.365,0.366,0.358,0.342,26.848,99.0,953.1255,0.8
2026-06-09 12:00:00+07:00,26.740501,25.4405,1.0,0.39999998,0.27,3.550155,4.4279675,4.636963,239.53453,236.3099,236.3099,15.4800005,28.0405,28.797998,27.598,0.359,0.361,0.358,0.342,27.448,98.0,952.7123,0.6
2026-06-09 13:00:00+07:00,27.5405,24.4405,2.1,0.39999986,0.25,5.2323985,6.585522,6.896353,229.18501,228.23979,228.23979,18.72,30.3405,29.397999,27.748,0.348,0.349,0.348,0.341,28.047998,99.0,952.9448,1.7
2026-06-09 14:00:00+07:00,26.1905,24.890501,1.9,0.6,0.25,1.4512063,1.6643933,1.742951,150.2552,161.56496,161.56496,19.08,27.4405,29.448,27.848,0.351,0.35,0.348,0.341,28.147999,99.0,952.428,1.3
2026-06-09 15:00:00+07:00,25.990501,24.5405,0.7,0.29999998,0.22,1.8089776,2.481131,2.598238,95.7105,98.13002,98.13002,12.599999,26.5405,29.498,27.998,0.378,0.365,0.349,0.341,28.147999,99.0,952.10925,0.4
2026-06-09 16:00:00+07:00,26.640501,24.390501,0.7,0.39999998,0.16,1.5273507,2.28749,2.3954573,44.999897,57.528828,57.528828,11.5199995,27.490501,29.198,28.047998,0.394,0.39,0.359,0.341,27.948,100.0,951.559,0.3
2026-06-09 17:00:00+07:00,26.7905,24.140501,0.3,0.3,0.14000002,1.659518,2.481131,2.598238,77.4712,81.86999,81.86999,11.5199995,26.990501,28.897999,28.147999,0.372,0.375,0.366,0.342,27.848,95.0,951.3955,0.0
2026-06-09 18:00:00+07:00,26.0905,24.4405,0.2,0.2,0.10000001,2.9301877,4.7239323,4.9468975,79.380394,74.931465,74.931465,8.28,26.140501,28.397999,28.147999,0.369,0.367,0.366,0.342,27.348,99.0,951.74774,0.0
2026-06-09 19:00:00+07:00,25.5405,24.740501,0.1,0.1,0.050000004,4.1556225,8.603838,9.009931,72.34979,73.41259,73.41259,9.72,25.140501,27.797998,28.147999,0.403,0.402,0.386,0.346,26.848,99.0,952.03094,0.0
2026-06-09 20:00:00+07:00,25.0405,24.390501,0.0,0.0,0.04,5.0432134,11.405109,11.943419,87.95464,89.11862,89.11862,14.4,24.640501,27.348,28.098,0.417,0.41,0.394,0.348,26.448,100.0,953.1746,0.0
2026-06-09 21:00:00+07:00,24.740501,23.890501,1.8,0.19999993,0.04,2.4482648,6.4509406,6.7554193,126.027466,112.38018,112.38018,14.04,24.490501,26.998,28.047998,0.41,0.411,0.404,0.352,26.047998,100.0,954.3526,1.6
2026-06-09 22:00:00+07:00,24.4405,23.8405,2.3,0.6999999,0.050000004,3.644722,8.127361,8.510964,110.22495,103.73629,103.73629,12.599999,24.240501,26.698,27.948,0.401,0.402,0.404,0.356,25.748,100.0,954.8676,1.6
2026-06-09 23:00:00+07:00,24.140501,23.640501,0.8,0.4,0.050000004,4.514377,9.4885025,9.936351,94.57384,93.17977,93.17977,12.599999,23.9405,26.397999,27.848,0.402,0.404,0.405,0.36,25.748,100.0,955.1936,0.4
2026-06-10 00:00:00+07:00,23.7905,23.240501,0.1,0.1,0.050000004,3.319036,8.247662,8.636944,102.5288,88.78116,88.78116,12.599999,23.5905,26.147999,27.748,0.398,0.398,0.402,0.363,25.248,100.0,954.75336,0.0
2026-06-10 01:00:00+07:00,23.7905,23.140501,0.0,0.0,0.050000004,4.452954,8.975043,9.398657,104.03627,94.48453,94.48453,10.440001,23.5905,25.797998,27.598,0.399,0.399,0.4,0.367,24.848,100.0,954.4694,0.0
2026-06-10 02:00:00+07:00,23.240501,22.490501,0.3,0.10000001,0.050000004,3.4763772,7.8165474,8.185481,111.25058,99.039406,99.039406,11.879999,23.0405,25.547998,27.448,0.406,0.404,0.4,0.37,24.348,100.0,953.89905,0.2
2026-06-10 03:00:00+07:00,22.890501,22.0905,0.4,0.0,0.050000004,3.143565,7.19528,7.5348907,103.24053,91.39715,91.39715,11.879999,22.6905,25.348,27.348,0.398,0.401,0.403,0.373,24.047998,100.0,953.8371,0.4
2026-06-10 04:00:00+07:00,22.5905,21.890501,0.5,0.099999994,0.050000004,4.3498964,7.5358605,7.8915462,114.44395,102.09474,102.09474,11.159999,22.4405,25.098,27.198,0.402,0.401,0.4,0.376,23.948,100.0,954.1624,0.4
2026-06-10 05:00:00+07:00,22.390501,21.5905,1.7,1.5,0.050000004,3.604497,7.2123713,7.552788,92.86235,85.81516,85.81516,12.24,22.2905,24.897999,27.098,0.387,0.392,0.399,0.378,23.647999,100.0,954.59985,0.2
2026-06-10 06:00:00+07:00,22.3405,21.390501,1.9,1.4,0.050000004,3.5455887,6.778984,7.0989456,113.962494,100.43742,100.43742,11.159999,22.1905,24.748,26.948,0.391,0.391,0.395,0.38,23.547998,100.0,955.44226,0.5
2026-06-10 07:00:00+07:00,22.740501,21.3405,0.5,0.3,0.07000001,5.0528407,7.1931405,7.5326505,94.08554,90.0,90.0,12.24,22.7905,24.448,26.797998,0.391,0.394,0.397,0.381,23.248,98.0,956.0813,0.2
2026-06-10 08:00:00+07:00,23.3405,21.490501,0.5,0.3,0.09,4.7110505,6.150503,6.440801,96.581856,93.270424,93.270424,14.04,23.7905,24.498,26.647999,0.392,0.393,0.396,0.383,23.348,99.0,956.66095,0.2
2026-06-10 09:00:00+07:00,24.9405,21.3405,0.3,0.10000001,0.13,5.426933,7.0526996,7.3855805,95.7105,95.7105,95.7105,16.199999,26.8405,24.748,26.547998,0.395,0.394,0.394,0.384,23.547998,98.0,956.94336,0.2
2026-06-10 10:00:00+07:00,26.0905,21.390501,0.2,0.1,0.20000002,6.12,7.89686,8.269584,90.0,91.273,91.273,19.08,29.4405,25.147999,26.448,0.383,0.386,0.393,0.386,24.047998,99.0,956.8601,0.1
2026-06-10 11:00:00+07:00,27.0905,21.890501,0.2,0.2,0.15,7.5685663,9.655714,10.111454,87.27374,87.91749,87.91749,20.519999,30.7905,25.248,26.397999,0.382,0.384,0.389,0.386,24.147999,100.0,956.4655,0.0
2026-06-10 12:00:00+07:00,28.4405,22.240501,0.0,0.0,0.13,9.278297,11.880966,12.441736,108.08354,106.29412,106.29412,26.28,32.5905,25.297998,26.348,0.382,0.384,0.388,0.387,24.248,100.0,956.1299,0.0
2026-06-10 13:00:00+07:00,28.8405,21.7905,0.1,0.1,0.18,6.2613096,8.04935,8.429271,108.43504,106.4601,106.4601,25.919998,31.9405,26.098,26.397999,0.378,0.383,0.39,0.388,25.448,77.0,955.6299,0.0
2026-06-10 14:00:00+07:00,29.2905,21.9405,0.2,0.2,0.34,9.044888,11.993132,12.559196,95.7105,95.8773,95.8773,23.039999,31.390501,26.698,26.397999,0.371,0.376,0.386,0.388,25.848,60.0,954.0964,0.0
2026-06-10 15:00:00+07:00,29.990501,21.6905,0.1,0.1,0.26,8.473393,11.322497,11.856909,102.26476,102.5288,102.5288,23.039999,31.640501,26.797998,26.448,0.368,0.373,0.382,0.388,25.748,53.0,953.7414,0.0
2026-06-10 16:00:00+07:00,29.6905,21.7905,0.2,0.2,0.29000002,10.564941,14.467356,15.150201,103.799515,104.03627,104.03627,25.199999,30.5405,26.897999,26.498,0.365,0.369,0.379,0.388,25.948,50.0,953.4065,0.0
2026-06-10 17:00:00+07:00,28.7905,22.4405,0.3,0.20000002,0.26,9.6932955,14.084654,14.749437,105.06854,103.69007,103.69007,25.199999,28.740501,26.998,26.547998,0.362,0.366,0.376,0.387,26.348,44.0,953.0641,0.1
2026-06-10 18:00:00+07:00,28.0905,23.140501,0.2,0.2,0.16,6.8989563,13.78759,14.438351,105.12406,104.743614,104.743614,21.24,27.140501,26.848,26.598,0.361,0.365,0.374,0.387,26.448,72.0,953.9861,0.0
2026-06-10 19:00:00+07:00,26.6905,22.4405,0.0,0.0,0.07000001,5.720489,15.3800125,16.105934,102.72436,101.18172,101.18172,18.359999,25.390501,26.598,26.647999,0.362,0.366,0.374,0.388,26.348,98.0,955.071,0.0
2026-06-10 20:00:00+07:00,25.1905,23.1905,1.1,0.20000005,0.04,6.248359,13.092523,13.710477,131.49637,122.412285,122.412285,18.72,24.5905,26.098,26.647999,0.361,0.365,0.373,0.387,26.047998,100.0,956.135,0.9
2026-06-10 21:00:00+07:00,24.9405,23.7905,2.3,0.9,0.04,3.710795,10.549914,11.04786,75.96373,86.186005,86.186005,18.359999,24.5905,25.797998,26.647999,0.364,0.365,0.371,0.386,26.047998,99.0,956.3754,1.4
2026-06-10 22:00:00+07:00,24.6905,23.6905,0.0,0.0,0.04,3.244996,9.750876,10.211108,109.440125,98.27581,98.27581,14.4,24.3405,25.498,26.598,0.403,0.385,0.373,0.386,25.948,100.0,957.18335,0.0
2026-06-10 23:00:00+07:00,24.2905,23.3405,0.0,0.0,0.03,3.4763772,9.634971,10.089732,111.25058,100.491425,100.491425,14.04,23.890501,25.248,26.547998,0.423,0.421,0.394,0.386,25.547998,100.0,957.7752,0.0
2026-06-11 00:00:00+07:00,23.890501,23.140501,0.6,0.3,0.03,3.6402748,8.963032,9.386078,98.530685,93.366394,93.366394,14.759999,23.5905,25.047998,26.498,0.411,0.413,0.406,0.388,25.248,100.0,957.7045,0.3
2026-06-11 01:00:00+07:00,23.5405,22.9405,2.4,0.8000001,0.03,3.710795,7.846025,8.216351,75.96373,79.69521,79.69521,15.119999,23.4405,24.848,26.397999,0.398,0.399,0.395,0.387,24.948,100.0,957.3589,1.6
2026-06-11 02:00:00+07:00,23.4405,22.890501,2.6,1.8,0.02,3.8647635,8.247663,8.636945,62.24156,66.161255,66.161255,13.679999,23.3405,24.748,26.348,0.398,0.398,0.397,0.388,24.047998,100.0,956.9624,0.8
2026-06-11 03:00:00+07:00,23.390501,22.890501,0.4,0.4,0.02,3.143565,6.3402486,6.639502,76.75947,75.57919,75.57919,12.959999,23.2905,24.598,26.248,0.396,0.397,0.397,0.39,22.848,100.0,956.5752,0.0
2026-06-11 04:00:00+07:00,23.3405,22.740501,0.2,0.2,0.02,3.01735,7.0461507,7.3787217,72.64589,71.11382,71.11382,11.5199995,23.1905,24.547998,26.147999,0.396,0.398,0.398,0.391,22.647999,100.0,956.3771,0.0
2026-06-11 05:00:00+07:00,23.240501,22.6905,0.1,0.1,0.02,2.5772078,6.142992,6.4329357,102.09474,91.63654,91.63654,10.799999,23.0905,24.448,26.098,0.438,0.427,0.403,0.393,23.348,100.0,956.6432,0.0
2026-06-11 06:00:00+07:00,23.2905,22.640501,0.3,0.20000002,0.02,2.36753,5.4046526,5.6597476,81.25392,76.865974,76.865974,10.440001,23.1905,24.348,25.998,0.407,0.411,0.414,0.396,23.647999,100.0,957.3143,0.1
2026-06-11 07:00:00+07:00,23.490501,22.6905,0.2,0.1,0.050000004,3.710795,6.3862023,6.6876245,67.16631,74.054535,74.054535,11.5199995,23.4405,24.248,25.948,0.398,0.401,0.404,0.398,23.848,100.0,958.4856,0.1
2026-06-11 08:00:00+07:00,23.6905,22.6905,2.6,1.5999999,0.08,3.4623692,5.7869425,6.0600805,62.10283,75.96373,75.96373,13.679999,23.740501,24.297998,25.848,0.394,0.396,0.401,0.399,24.047998,100.0,958.71,1.0
2026-06-11 09:00:00+07:00,23.990501,22.490501,0.5,0.5,0.08,3.244996,4.554751,4.769731,70.559875,74.3577,74.3577,11.5199995,24.0905,24.397999,25.797998,0.397,0.395,0.399,0.4,24.348,100.0,959.23663,0.0
2026-06-11 10:00:00+07:00,24.990501,22.140501,0.0,0.0,0.06,4.5891175,6.2028275,6.4955955,78.6901,81.86999,81.86999,14.04,26.140501,24.448,25.748,0.446,0.443,0.414,0.401,24.448,100.0,959.50775,0.0
2026-06-11 11:00:00+07:00,26.5905,22.240501,0.0,0.0,0.07000001,4.942631,6.6806493,6.99597,56.88865,60.068577,60.068577,15.4800005,29.5405,24.498,25.698,0.431,0.432,0.431,0.406,24.448,95.0,959.21936,0.0
2026-06-11 12:00:00+07:00,28.140501,22.240501,0.2,0.2,0.08,3.3481934,4.225214,4.42464,36.253937,48.366554,48.366554,15.4800005,31.7905,24.448,25.647999,0.456,0.451,0.44,0.413,23.848,97.0,958.4461,0.0
2026-06-11 13:00:00+07:00,27.890501,21.890501,0.4,0.4,0.08,1.0495713,1.8977004,1.9872701,59.03632,56.3099,56.3099,13.32,30.1905,24.547998,25.598,0.429,0.434,0.446,0.423,22.748,98.0,958.0242,0.0
2026-06-11 14:00:00+07:00,26.6905,23.3405,1.1,0.3,0.15,8.197414,9.98636,10.457707,199.23076,198.43504,198.43504,22.68,29.3405,24.897999,25.598,0.406,0.412,0.425,0.428,23.248,99.0,957.2487,0.8
2026-06-11 15:00:00+07:00,25.240501,23.990501,1.7,1.4000001,0.24,5.3426957,7.072312,7.406118,147.38077,150.2552,150.2552,24.119999,25.890501,25.397999,25.598,0.395,0.4,0.412,0.429,23.948,94.0,956.8064,0.3
2026-06-11 16:00:00+07:00,26.3405,23.890501,0.2,0.2,0.23,1.26,1.7631749,1.8463951,90.0,95.7105,95.7105,15.84,28.6905,25.797998,25.647999,0.386,0.392,0.404,0.428,24.547998,80.0,956.24097,0.0
2026-06-11 17:00:00+07:00,27.0905,23.2905,0.0,0.0,0.15,1.1384199,1.7631749,1.8463951,71.564964,84.2895,84.2895,10.440001,28.740501,25.748,25.698,0.381,0.386,0.397,0.426,24.748,84.0,955.99207,0.0
2026-06-11 18:00:00+07:00,26.240501,23.5405,0.2,0.2,0.10000001,2.52,3.0030913,3.1448343,180.0,173.29025,173.29025,9.0,26.390501,25.598,25.698,0.378,0.382,0.393,0.424,24.848,100.0,956.60223,0.0
2026-06-11 19:00:00+07:00,25.390501,24.490501,0.1,0.1,0.04,2.0523157,4.0806875,4.273292,105.25517,115.46331,115.46331,8.28,24.9405,25.848,25.848,0.375,0.379,0.389,0.41,26.047998,100.0,957.6847,0.0
2026-06-11 20:00:00+07:00,24.990501,24.240501,0.1,0.1,0.02,2.1897945,4.61517,4.833002,99.46225,98.74608,98.74608,6.8399997,24.2905,25.448,25.848,0.373,0.377,0.386,0.409,25.948,92.0,958.2773,0.0
2026-06-11 21:00:00+07:00,24.8405,24.140501,0.0,0.0,0.02,1.9386592,4.2686996,4.470178,111.801476,99.46225,99.46225,7.2,24.1905,25.147999,25.848,0.375,0.377,0.384,0.408,25.848,99.0,959.0081,0.0
2026-06-11 22:00:00+07:00,24.890501,24.240501,0.0,0.0,0.02,2.1068459,4.17022,4.36705,109.98319,112.24908,112.24908,7.5599995,24.4405,24.948,25.848,0.372,0.375,0.383,0.406,25.748,96.0,959.5848,0.0
2026-06-11 23:00:00+07:00,24.6905,24.0905,0.1,0.1,0.01,1.2979984,2.9040895,3.0411596,303.6901,295.01685,295.01685,7.5599995,24.240501,24.748,25.797998,0.37,0.373,0.381,0.405,25.547998,99.0,960.0228,0.0
2026-06-12 00:00:00+07:00,24.490501,23.5405,2.9,0.0,0.01,0.40249225,2.000352,2.0947666,296.56497,285.25516,285.25516,11.879999,24.3405,24.647999,25.748,0.369,0.372,0.38,0.404,25.348,98.0,959.8929,2.9
2026-06-12 01:00:00+07:00,24.490501,23.140501,5.1,0.0,0.01,0.17999999,0.94478655,0.9893795,270.0,21.801476,21.801476,14.759999,24.2905,24.498,25.698,0.367,0.37,0.378,0.402,25.248,98.0,959.32495,5.1
2026-06-12 02:00:00+07:00,23.640501,22.0405,4.5,0.4000001,-0.0,0.71999997,0.9924525,1.0392953,270.0,224.9999,224.9999,14.04,23.1905,24.397999,25.647999,0.366,0.369,0.377,0.401,25.147999,100.0,958.7012,4.1
2026-06-12 03:00:00+07:00,23.140501,22.5905,1.2,0.6,-0.0,1.9881649,2.5119536,2.6305156,275.19434,245.22488,245.22488,15.4800005,22.990501,24.297998,25.598,0.379,0.376,0.377,0.4,24.647999,100.0,958.6126,0.6
2026-06-12 04:00:00+07:00,23.1905,22.490501,0.6,0.40000004,-0.0,0.17999999,1.2772403,1.3375249,270.0,195.94547,195.94547,16.56,23.0405,24.248,25.547998,0.381,0.381,0.379,0.398,24.348,100.0,958.52673,0.2
2026-06-12 05:00:00+07:00,23.140501,22.6905,0.7,0.29999998,-0.0,1.6299692,3.616839,3.7875502,263.6599,230.90614,230.90614,16.56,23.0405,24.198,25.498,0.374,0.377,0.381,0.398,24.248,100.0,958.7073,0.4
2026-06-12 06:00:00+07:00,23.0905,22.640501,0.6,0.40000004,0.01,0.9,1.12338,1.1764023,323.13,308.65982,308.65982,9.0,22.990501,24.147999,25.498,0.37,0.373,0.38,0.397,24.348,100.0,959.0766,0.2
2026-06-12 07:00:00+07:00,23.390501,22.890501,0.7,0.7,0.02,2.19718,2.5119536,2.6305156,55.0079,65.22488,65.22488,7.92,23.5405,24.348,25.448,0.366,0.367,0.374,0.395,24.748,100.0,959.7925,0.0
2026-06-12 08:00:00+07:00,24.240501,23.140501,0.0,0.0,0.02,2.0523157,2.24676,2.3528047,37.875053,51.34017,51.34017,10.08,24.990501,24.598,25.397999,0.383,0.372,0.373,0.394,23.948,99.0,960.2271,0.0
2026-06-12 09:00:00+07:00,26.0905,23.0405,0.1,0.1,0.03,0.71999997,0.7233678,0.75751007,270.0,255.96373,255.96373,11.5199995,28.990501,24.698,25.397999,0.446,0.446,0.405,0.394,22.948,98.0,960.17365,0.0
2026-06-12 10:00:00+07:00,27.890501,23.740501,0.1,0.0,0.04,4.6102495,5.9598813,6.2411823,231.34016,227.38597,227.38597,24.84,32.3905,24.848,25.397999,0.415,0.417,0.42,0.398,23.047998,98.0,960.2971,0.1
2026-06-12 11:00:00+07:00,27.640501,23.4405,0.1,0.0,0.10000001,8.587338,11.299365,11.8326845,213.02386,216.15828,216.15828,28.8,31.140501,25.198,25.397999,0.415,0.417,0.42,0.402,23.448,94.0,959.78046,0.1
2026-06-12 12:00:00+07:00,27.5905,23.9405,0.4,0.3,0.14000002,7.7400002,9.863861,10.329426,270.0,264.89792,264.89792,27.359999,31.4405,25.598,25.448,0.404,0.408,0.416,0.405,23.948,93.0,959.2035,0.1
2026-06-12 13:00:00+07:00,29.5905,23.5905,0.3,0.10000001,0.23,6.384293,8.46862,8.868331,220.426,219.95749,219.95749,26.64,34.0405,25.998,25.547998,0.398,0.401,0.41,0.406,24.547998,100.0,958.8837,0.2
2026-06-12 14:00:00+07:00,27.2905,23.6905,1.1,0.70000005,0.34,7.8480825,10.912747,11.427818,216.60716,216.50153,216.50153,27.72,28.7905,26.598,25.598,0.399,0.399,0.404,0.407,25.348,98.0,957.54175,0.4
2026-06-12 15:00:00+07:00,27.7905,23.6905,0.3,0.10000001,0.35000002,10.075177,13.159354,13.780463,228.62158,227.16109,227.16109,29.16,30.3405,27.098,25.698,0.393,0.396,0.401,0.407,25.948,98.0,957.43866,0.2
2026-06-12 16:00:00+07:00,26.6905,23.990501,1.2,0.40000004,0.29000002,3.693291,5.7066016,5.975948,223.02507,224.9999,224.9999,29.88,28.240501,27.397999,25.797998,0.394,0.394,0.398,0.407,26.448,99.0,956.5859,0.8
2026-06-12 17:00:00+07:00,26.0405,23.890501,0.7,0.39999998,0.14000002,2.3400002,3.616839,3.7875502,247.3801,247.1663,247.1663,19.44,26.490501,27.397999,25.948,0.41,0.407,0.4,0.407,26.248,98.0,956.5674,0.3
2026-06-12 18:00:00+07:00,25.390501,24.2905,0.6,0.6,0.08,2.34,4.000704,4.189533,270.0,254.74483,254.74483,11.5199995,25.5905,27.147999,26.047998,0.393,0.398,0.403,0.408,26.047998,98.0,956.9274,0.0
2026-06-12 19:00:00+07:00,25.5405,25.1905,0.6,0.6,0.03,2.1068459,2.1415482,2.2426274,70.01681,145.0079,145.0079,10.799999,25.490501,27.498,26.198,0.414,0.413,0.406,0.407,27.348,92.0,956.9534,0.0
2026-06-12 20:00:00+07:00,25.240501,24.5905,0.0,0.0,0.01,1.4512063,3.162834,3.3121166,97.12492,160.55988,160.55988,8.64,24.640501,26.948,26.297998,0.387,0.391,0.401,0.408,27.047998,98.0,957.469,0.0
2026-06-12 21:00:00+07:00,25.140501,24.2905,0.0,0.0,0.01,1.5484185,4.386061,4.5930796,125.537766,180.0,180.0,9.72,24.390501,26.498,26.348,0.384,0.388,0.396,0.408,26.948,92.0,958.01935,0.0
2026-06-12 22:00:00+07:00,24.9405,23.890501,0.0,0.0,-0.0,1.4399999,2.5544806,2.6750498,90.0,164.05453,164.05453,9.72,23.990501,26.198,26.348,0.391,0.39,0.394,0.408,26.748,88.0,958.5525,0.0
2026-06-12 23:00:00+07:00,24.890501,23.640501,0.0,0.0,-0.0,0.9,1.789169,1.8736161,90.0,168.69011,168.69011,9.0,23.8405,25.948,26.348,0.388,0.389,0.393,0.407,26.448,99.0,958.63824,0.0
2026-06-13 00:00:00+07:00,24.7905,22.990501,0.0,0.0,-0.0,0.6489992,0.9924525,1.0392953,56.309914,224.9999,224.9999,9.72,23.5905,25.698,26.297998,0.383,0.387,0.392,0.407,26.248,98.0,958.242,0.0
2026-06-13 01:00:00+07:00,25.0405,23.640501,0.0,0.0,-0.0,0.6489992,3.6884665,3.8625586,123.690094,205.34613,205.34613,10.440001,24.640501,25.547998,26.297998,0.377,0.379,0.386,0.405,25.948,98.0,957.7181,0.0
2026-06-13 02:00:00+07:00,24.2905,23.0405,0.2,0.2,-0.0,0.9693296,1.789169,1.8736161,21.801476,258.6901,258.6901,15.4800005,23.490501,25.348,26.248,0.384,0.382,0.385,0.404,25.448,99.0,956.7342,0.0
2026-06-13 03:00:00+07:00,23.140501,22.5905,3.4,0.0,-0.0,2.9301877,6.6806498,6.9959702,317.4896,283.67133,283.67133,17.64,22.890501,25.198,26.198,0.394,0.39,0.387,0.403,25.147999,100.0,957.0041,3.4
2026-06-13 04:00:00+07:00,23.1905,22.7905,1.9,0.9,-0.0,1.2727921,4.0957456,4.2890606,135.0001,189.86574,189.86574,17.64,23.0905,25.047998,26.147999,0.385,0.389,0.39,0.402,24.948,100.0,957.0128,1.0
2026-06-13 05:00:00+07:00,23.0405,22.6905,0.3,0.3,0.01,1.98,2.8559966,2.9907968,90.0,137.4896,137.4896,11.5199995,22.9405,24.948,26.098,0.378,0.382,0.389,0.402,24.848,100.0,956.98615,0.0
2026-06-13 06:00:00+07:00,23.240501,22.7905,0.1,0.1,0.01,2.1897945,2.1415482,2.2426274,80.53775,145.0079,145.0079,11.5199995,23.1905,24.848,26.047998,0.375,0.379,0.386,0.401,24.948,100.0,957.30554,0.0
2026-06-13 07:00:00+07:00,24.140501,23.5905,0.1,0.1,0.02,0.56920993,2.1701033,2.2725303,161.56496,194.03627,194.03627,11.879999,24.740501,24.998,25.998,0.371,0.374,0.382,0.394,25.348,99.0,957.9382,0.0
2026-06-13 08:00:00+07:00,25.140501,23.3405,0.1,0.1,0.08,2.4149535,3.063971,3.2085874,206.56499,203.6294,203.6294,12.959999,26.6905,25.598,25.948,0.368,0.372,0.38,0.393,25.348,98.0,958.114,0.0
2026-06-13 09:00:00+07:00,26.3405,23.4405,0.2,0.2,0.19,4.8366103,6.2077875,6.5007896,224.9999,227.29063,227.29063,17.64,28.990501,26.348,25.998,0.364,0.369,0.377,0.392,26.248,98.0,958.03986,0.0
2026-06-13 10:00:00+07:00,27.990501,23.2905,0.3,0.20000002,0.38,8.187527,10.805034,11.315021,236.65927,237.60017,237.60017,23.4,31.0905,27.248,26.047998,0.363,0.368,0.376,0.391,26.948,93.0,957.7574,0.1
2026-06-13 11:00:00+07:00,29.3405,23.240501,0.2,0.1,0.54,10.094454,13.274631,13.901181,238.8611,240.72484,240.72484,27.72,32.7405,28.248,26.147999,0.358,0.363,0.373,0.39,27.348,99.0,957.2309,0.1
2026-06-13 12:00:00+07:00,30.490501,23.990501,0.1,0.0,0.58000004,10.152064,13.138285,13.7584,232.92683,235.88548,235.88548,32.399998,34.190502,29.047998,26.348,0.353,0.359,0.37,0.388,27.948,98.0,956.4788,0.1
2026-06-13 13:00:00+07:00,30.6905,22.9405,0.2,0.0,0.53,9.459852,12.510658,13.1011505,248.80588,247.75093,247.75093,36.36,32.5905,29.047998,26.498,0.36,0.359,0.368,0.387,27.647999,98.0,956.03864,0.2
2026-06-13 14:00:00+07:00,27.8405,24.2905,1.4,0.19999993,0.41,10.694485,14.540571,15.2268715,226.36386,228.42397,228.42397,38.519997,28.0905,29.248,26.647999,0.36,0.36,0.366,0.386,27.848,99.0,954.89044,1.2
2026-06-13 15:00:00+07:00,27.9405,24.0405,0.4,0.4,0.37000003,8.415842,10.680397,11.184502,221.53168,222.33694,222.33694,25.199999,30.2905,29.448,26.848,0.366,0.368,0.367,0.385,27.948,98.0,954.1497,0.0
2026-06-13 16:00:00+07:00,27.140501,24.5405,1.2,0.70000005,0.27,5.257109,7.263402,7.606228,231.95291,232.85323,232.85323,27.359999,28.140501,29.397999,26.998,0.362,0.364,0.367,0.384,28.047998,98.0,953.823,0.5
2026-06-13 17:00:00+07:00,27.6905,23.990501,0.1,0.1,0.18,5.5916004,7.689505,8.052442,213.17853,214.77791,214.77791,19.44,28.640501,29.297998,27.147999,0.368,0.364,0.367,0.383,28.147999,98.0,953.63336,0.0
2026-06-13 18:00:00+07:00,27.140501,24.140501,0.0,0.0,0.09,4.7928696,7.347668,7.6944714,214.28693,213.31064,213.31064,16.56,27.0405,28.797998,27.248,0.401,0.392,0.372,0.382,27.448,99.0,953.53894,0.0
2026-06-13 19:00:00+07:00,26.640501,25.5905,0.0,0.0,0.04,1.5273507,5.975355,6.257386,135.0001,183.3664,183.3664,14.4,25.8405,28.547998,27.397999,0.362,0.364,0.366,0.381,28.448,95.0,953.0739,0.0
2026-06-13 20:00:00+07:00,26.240501,25.0405,0.0,0.0,-0.0,1.6199999,3.3883567,3.5482838,90.0,158.74942,158.74942,9.72,25.0405,27.897999,27.397999,0.362,0.364,0.368,0.381,28.248,98.0,953.66724,0.0
2026-06-13 21:00:00+07:00,26.140501,24.7905,0.0,0.0,0.01,1.1525624,6.170489,6.46173,128.65984,194.82652,194.82652,10.799999,24.740501,27.397999,27.397999,0.36,0.362,0.367,0.381,28.047998,98.0,954.31274,0.0
2026-06-13 22:00:00+07:00,25.8405,24.490501,0.0,0.0,0.02,2.36753,8.544606,8.947904,171.25392,199.17911,199.17911,13.32,24.2905,27.047998,27.397999,0.358,0.361,0.367,0.38,27.547998,75.0,954.9231,0.0
2026-06-13 23:00:00+07:00,25.5405,23.990501,0.0,0.0,0.01,3.7971036,11.891324,12.452583,185.44025,201.6445,201.6445,16.56,24.240501,26.698,27.348,0.357,0.36,0.366,0.38,27.047998,85.0,955.15485,0.0
2026-06-14 00:00:00+07:00,25.1905,23.2905,0.1,0.1,0.01,3.4152596,10.27949,10.764672,198.43504,207.43964,207.43964,17.28,23.890501,26.348,27.297998,0.357,0.359,0.365,0.379,26.748,98.0,954.9045,0.0
2026-06-14 01:00:00+07:00,25.140501,23.2905,0.0,0.0,0.01,2.6999998,8.553607,8.957329,180.0,205.51382,205.51382,16.199999,24.240501,26.198,27.248,0.356,0.358,0.364,0.378,26.547998,91.0,954.23303,0.0
2026-06-14 02:00:00+07:00,24.3405,22.890501,0.1,0.1,-0.0,2.3400002,7.3790193,7.7273026,157.3801,198.00426,198.00426,19.44,23.3405,25.998,27.147999,0.355,0.358,0.363,0.378,26.348,97.0,953.71436,0.0
2026-06-14 03:00:00+07:00,23.890501,22.740501,0.1,0.1,0.01,2.995797,7.926039,8.30014,147.26479,174.92049,174.92049,13.679999,23.0905,25.848,27.047998,0.355,0.357,0.363,0.377,26.147999,99.0,953.5406,0.0
2026-06-14 04:00:00+07:00,23.890501,22.5405,0.0,0.0,0.01,0.6489992,4.564876,4.7803345,146.3099,182.20255,182.20255,13.32,22.990501,25.748,26.948,0.355,0.357,0.362,0.377,25.948,98.0,953.8245,0.0
2026-06-14 05:00:00+07:00,23.490501,22.390501,0.1,0.0,-0.0,0.742159,5.4188724,5.674638,194.03627,209.0545,209.0545,11.159999,22.640501,25.647999,26.897999,0.354,0.356,0.362,0.376,25.948,98.0,954.038,0.1
2026-06-14 06:00:00+07:00,23.3405,22.640501,0.6,0.3,-0.0,1.3104197,5.831978,6.1072416,164.05453,195.7087,195.7087,15.119999,23.1905,25.598,26.797998,0.354,0.356,0.362,0.376,25.848,98.0,954.5792,0.3
2026-06-14 07:00:00+07:00,23.740501,22.990501,0.2,0.1,0.02,1.835647,2.8125565,2.9453068,78.6901,176.42374,176.42374,12.599999,23.990501,25.748,26.748,0.356,0.358,0.364,0.376,26.147999,81.0,955.0285,0.1
2026-06-14 08:00:00+07:00,25.4405,23.6905,0.2,0.1,0.08,2.7238941,4.0957456,4.2890606,187.59456,189.86574,189.86574,18.0,27.140501,26.348,26.698,0.354,0.357,0.363,0.375,26.047998,71.0,955.3269,0.1
2026-06-14 09:00:00+07:00,27.390501,24.1905,0.0,0.0,0.18,8.037761,10.667421,11.170914,214.04597,216.30458,216.30458,26.64,30.8405,27.147999,26.698,0.353,0.356,0.362,0.375,26.647999,73.0,955.4757,0.0
2026-06-14 10:00:00+07:00,28.7905,23.740501,0.1,0.0,0.33,10.055864,13.302426,13.930287,225.72514,228.74309,228.74309,32.760002,32.4405,28.047998,26.748,0.349,0.354,0.361,0.374,26.948,100.0,955.43207,0.1
2026-06-14 11:00:00+07:00,28.8405,23.5905,0.3,0.10000001,0.44,9.387651,12.125854,12.698182,237.52882,238.60979,238.60979,32.760002,30.5905,28.948,26.897999,0.344,0.35,0.359,0.373,27.348,100.0,954.7774,0.2
2026-06-14 12:00:00+07:00,26.3405,24.6905,1.9,1.0,0.49000004,6.696387,9.727174,10.186287,216.25392,219.14398,219.14398,29.519999,26.7905,29.547998,27.047998,0.34,0.347,0.357,0.372,27.748,76.0,954.2528,0.9
2026-06-14 13:00:00+07:00,30.0405,24.240501,0.6,0.40000004,0.46,9.826088,12.559769,13.152578,241.55717,241.64513,241.64513,25.56,34.3405,29.848,27.198,0.342,0.345,0.355,0.371,28.147999,100.0,953.93933,0.2
2026-06-14 14:00:00+07:00,29.3405,24.490501,1.7,0.100000024,0.43,10.094454,12.792871,13.396683,219.93633,222.22076,222.22076,34.92,30.9405,30.198,27.397999,0.364,0.358,0.354,0.37,28.348,96.0,952.4945,1.6
2026-06-14 15:00:00+07:00,29.490501,23.6905,0.3,0.3,0.37000003,9.339208,12.490961,13.080523,207.55272,209.44533,209.44533,27.0,31.490501,30.198,27.547998,0.356,0.357,0.355,0.369,28.748,97.0,951.8566,0.0
2026-06-14 16:00:00+07:00,28.990501,23.990501,0.2,0.2,0.27,8.338489,11.240646,11.771195,212.6609,214.18617,214.18617,26.64,30.5905,29.998,27.698,0.377,0.376,0.359,0.369,28.147999,98.0,951.2036,0.0
2026-06-14 17:00:00+07:00,28.4405,24.0905,0.1,0.0,0.17,7.186487,9.815374,10.278651,202.06795,204.27443,204.27443,24.84,29.0905,29.647999,27.797998,0.386,0.378,0.363,0.368,28.047998,98.0,951.2995,0.1
2026-06-14 18:00:00+07:00,27.8405,24.5905,0.0,0.0,0.11,2.907989,4.952949,5.1867237,201.80147,202.93213,202.93213,19.08,27.7905,29.248,27.897999,0.393,0.395,0.373,0.368,27.748,98.0,951.57587,0.0
2026-06-14 19:00:00+07:00,27.3405,24.740501,0.0,0.0,0.04,1.6299692,4.874649,5.104728,83.659904,149.74365,149.74365,11.879999,26.3405,28.547998,27.948,0.381,0.371,0.367,0.369,27.748,96.0,951.7741,0.0
2026-06-14 20:00:00+07:00,27.140501,24.240501,0.0,0.0,0.02,2.1068459,6.4699984,6.7753763,109.98319,167.4712,167.4712,10.08,25.5405,27.998,27.897999,0.363,0.365,0.367,0.369,27.848,96.0,952.59204,0.0
2026-06-14 21:00:00+07:00,26.8405,23.890501,0.0,0.0,0.02,2.36753,7.673477,8.035658,171.25392,190.53912,190.53912,11.5199995,24.9405,27.498,27.897999,0.36,0.362,0.366,0.369,27.748,92.0,953.1082,0.0
2026-06-14 22:00:00+07:00,26.390501,23.5405,0.0,0.0,0.01,3.7842832,11.601776,12.149369,177.27374,200.35332,200.35332,15.4800005,24.5905,27.147999,27.848,0.359,0.361,0.365,0.369,27.748,95.0,953.69354,0.0
2026-06-14 23:00:00+07:00,24.8405,23.3405,2.0,0.0,0.01,10.8792095,19.865324,20.802948,218.95592,218.1857,218.1857,32.039997,24.0905,26.848,27.748,0.358,0.36,0.365,0.369,27.348,99.0,954.55945,2.0
2026-06-15 00:00:00+07:00,24.3405,23.490501,0.7,0.19999999,0.01,1.1525624,1.6174996,1.6938441,38.65983,167.4712,167.4712,27.359999,24.0405,26.547998,27.647999,0.357,0.359,0.364,0.369,27.047998,99.0,954.66077,0.5
2026-06-15 01:00:00+07:00,25.0905,23.3405,0.0,0.0,0.01,1.2727921,3.7216966,3.897357,98.13002,188.13002,188.13002,11.879999,24.640501,26.448,27.598,0.356,0.358,0.362,0.369,27.147999,98.0,953.4671,0.0
2026-06-15 02:00:00+07:00,24.1905,23.0905,1.3,0.19999993,0.01,0.76367533,1.7631749,1.8463951,44.999897,264.2895,264.2895,15.4800005,23.8405,26.248,27.498,0.355,0.357,0.362,0.369,26.848,100.0,953.4988,1.1
2026-06-15 03:00:00+07:00,23.6905,23.140501,2.2,0.4000001,0.01,2.2553935,5.4415455,5.6983814,118.61037,178.15244,178.15244,16.199999,23.5905,26.098,27.397999,0.355,0.357,0.361,0.369,26.748,100.0,952.84296,1.8
2026-06-15 04:00:00+07:00,23.7905,22.990501,0.6,0.5,-0.0,1.0948973,2.6316369,2.7558477,99.46225,180.0,180.0,15.119999,23.5405,25.998,27.297998,0.364,0.362,0.361,0.369,26.448,100.0,953.1446,0.1
2026-06-15 05:00:00+07:00,23.8405,23.140501,0.3,0.3,-0.0,2.0124612,4.8935556,5.1245265,116.56499,165.4655,165.4655,12.24,23.6905,25.897999,27.198,0.359,0.361,0.362,0.368,26.348,100.0,953.53186,0.0
2026-06-15 06:00:00+07:00,24.0405,23.3405,0.0,0.0,0.01,0.9,4.605156,4.8225145,126.86999,197.74477,197.74477,11.5199995,23.890501,25.797998,27.098,0.357,0.359,0.362,0.368,26.348,100.0,954.32434,0.0
2026-06-15 07:00:00+07:00,24.1905,23.6905,0.0,0.0,0.02,0.0,2.4373245,2.552364,270.0,210.25635,210.25635,11.159999,24.490501,25.897999,26.998,0.35,0.352,0.356,0.363,26.547998,99.0,954.6345,0.0
2026-06-15 08:00:00+07:00,25.1905,24.0905,0.1,0.0,0.07000001,2.226477,2.8289247,2.9624472,165.96373,172.87508,172.87508,16.199999,26.140501,26.498,26.948,0.349,0.351,0.355,0.363,26.547998,98.0,954.9045,0.1
2026-06-15 09:00:00+07:00,26.3405,24.490501,0.1,0.0,0.15,3.710795,4.9653625,5.1997232,230.90614,237.99466,237.99466,18.359999,28.7905,27.098,26.948,0.348,0.35,0.355,0.363,26.647999,98.0,955.0102,0.1
2026-06-15 10:00:00+07:00,27.640501,24.4405,0.2,0.0,0.26,8.39078,10.900046,11.414518,234.60512,236.82147,236.82147,27.359999,30.3405,27.748,26.948,0.345,0.348,0.354,0.362,27.047998,100.0,955.14014,0.2
2026-06-15 11:00:00+07:00,28.740501,24.240501,0.1,0.0,0.3,9.741642,13.103097,13.721551,242.48808,243.77809,243.77809,31.68,31.490501,28.248,27.047998,0.342,0.346,0.352,0.362,27.248,100.0,954.85516,0.1
2026-06-15 12:00:00+07:00,29.4405,23.890501,0.0,0.0,0.37000003,8.3520775,11.143013,11.668954,232.88306,236.5601,236.5601,31.68,32.0905,28.998,27.147999,0.338,0.343,0.351,0.361,27.547998,100.0,954.5007,0.0
2026-06-15 13:00:00+07:00,30.4405,23.0905,0.1,0.0,0.39000002,9.290511,11.922345,12.485069,234.46223,237.01147,237.01147,33.12,33.3405,29.397999,27.248,0.336,0.341,0.349,0.361,27.647999,100.0,954.3859,0.1
2026-06-15 14:00:00+07:00,30.2905,23.140501,0.3,0.20000002,0.42000005,11.207801,15.08091,15.792714,240.14108,240.75127,240.75127,32.760002,32.1905,29.998,27.397999,0.333,0.338,0.348,0.36,28.448,100.0,952.4656,0.1
2026-06-15 15:00:00+07:00,30.3405,23.7905,0.1,0.1,0.45,10.855358,14.603938,15.293231,229.70793,231.34018,231.34018,32.039997,31.6905,30.547998,27.598,0.33,0.336,0.346,0.359,28.848,99.0,952.1899,0.0
2026-06-15 16:00:00+07:00,27.1905,24.6905,1.8,0.39999998,0.39000002,5.8409934,8.966465,9.389673,236.3099,239.42085,239.42085,34.92,28.3405,30.647999,27.797998,0.329,0.334,0.344,0.358,29.348,100.0,952.2217,1.4
2026-06-15 17:00:00+07:00,26.3405,23.8405,0.6,0.100000024,0.27,6.9550843,10.539698,11.037162,169.56258,177.13765,177.13765,21.599998,27.0905,30.098,27.948,0.334,0.336,0.343,0.358,29.147999,100.0,952.64325,0.5
2026-06-15 18:00:00+07:00,25.640501,24.1905,1.3,0.79999995,0.13,2.7416782,3.883584,4.066886,203.19862,198.43504,198.43504,23.4,25.740501,29.448,28.047998,0.333,0.336,0.343,0.357,29.147999,100.0,953.0897,0.5
2026-06-15 19:00:00+07:00,27.640501,25.9405,0.2,0.2,0.04,1.781909,5.625113,5.8906136,135.0001,183.57626,183.57626,11.879999,26.5905,29.147999,28.198,0.329,0.332,0.341,0.357,29.448,99.0,952.8674,0.0
2026-06-15 20:00:00+07:00,27.140501,25.390501,0.0,0.0,0.03,3.3092597,6.2473288,6.5421963,112.38018,141.84273,141.84273,11.5199995,25.640501,28.448,28.198,0.33,0.333,0.34,0.357,29.147999,100.0,953.16016,0.0
2026-06-15 21:00:00+07:00,26.8405,25.0405,0.1,0.1,0.03,1.26,5.4046526,5.6597476,180.0,193.13403,193.13403,11.159999,25.240501,27.848,28.198,0.331,0.333,0.34,0.356,28.748,100.0,954.24445,0.0
2026-06-15 22:00:00+07:00,26.2905,25.0905,0.1,0.1,0.02,6.9550843,16.160719,16.923489,190.43742,200.99292,200.99292,18.359999,25.390501,27.397999,28.098,0.331,0.333,0.34,0.356,28.248,100.0,955.47485,0.0
2026-06-15 23:00:00+07:00,25.240501,24.0905,0.2,0.2,0.01,3.7799997,7.3790193,7.7273026,90.0,118.39293,118.39293,22.319998,24.740501,26.998,27.998,0.332,0.334,0.34,0.356,27.948,100.0,955.9545,0.0
2026-06-16 00:00:00+07:00,25.2905,23.7905,0.0,0.0,0.01,0.6489992,1.8895731,1.978759,56.309914,158.19853,158.19853,11.5199995,24.5905,26.647999,27.897999,0.332,0.334,0.339,0.355,27.647999,99.0,955.39526,0.0
2026-06-16 01:00:00+07:00,25.4405,24.2905,0.0,0.0,0.01,2.19718,6.376555,6.677522,145.0079,187.90707,187.90707,11.159999,24.9405,26.547998,27.797998,0.332,0.334,0.339,0.355,27.547998,100.0,954.4749,0.0
2026-06-16 02:00:00+07:00,25.2905,23.890501,0.0,0.0,0.01,0.54,5.4641237,5.722026,270.0,227.60262,227.60262,13.32,24.2905,26.348,27.698,0.335,0.334,0.339,0.355,27.248,100.0,954.25934,0.0
2026-06-16 03:00:00+07:00,25.140501,23.5405,0.1,0.1,0.01,0.742159,5.0999165,5.340627,165.96373,206.56499,206.56499,12.24,24.4405,26.198,27.547998,0.343,0.341,0.34,0.355,26.848,100.0,953.9491,0.0
2026-06-16 04:00:00+07:00,24.890501,23.3405,0.1,0.1,0.01,0.40249225,3.9775558,4.1652927,153.43501,221.42357,221.42357,11.5199995,24.0405,26.098,27.448,0.339,0.34,0.341,0.354,26.848,100.0,954.28424,0.0
2026-06-16 05:00:00+07:00,24.5405,23.6905,0.2,0.2,0.01,1.8089776,5.2661967,5.514756,174.2895,209.98155,209.98155,11.879999,24.1905,25.998,27.348,0.339,0.34,0.341,0.354,26.647999,100.0,954.4123,0.0
2026-06-16 06:00:00+07:00,24.490501,23.890501,0.2,0.2,0.01,2.34,6.5691423,6.8792,180.0,214.11452,214.11452,12.959999,24.3405,25.897999,27.248,0.338,0.339,0.341,0.354,26.748,99.0,955.0659,0.0
2026-06-16 07:00:00+07:00,25.640501,23.890501,0.2,0.2,0.02,1.484318,5.2632737,5.5116954,165.96373,216.86998,216.86998,15.4800005,25.990501,25.948,27.147999,0.339,0.34,0.344,0.355,26.848,97.0,955.5511,0.0
2026-06-16 08:00:00+07:00,26.5405,24.0405,0.1,0.1,0.050000004,3.4623692,5.1149826,5.356405,207.89717,210.96368,210.96368,17.28,28.140501,26.547998,27.047998,0.337,0.339,0.344,0.355,26.848,99.0,955.9918,0.0
2026-06-16 09:00:00+07:00,27.5905,24.0405,0.0,0.0,0.19,7.3997297,9.807531,10.270438,221.05472,222.82524,222.82524,23.039999,30.240501,27.397999,27.047998,0.34,0.339,0.343,0.355,26.948,96.0,955.9837,0.0
2026-06-16 10:00:00+07:00,28.490501,24.0905,0.0,0.0,0.31,9.0,11.873191,12.433594,233.13002,235.84026,235.84026,29.16,31.5405,28.297998,27.098,0.344,0.343,0.343,0.354,27.147999,96.0,956.1383,0.0
2026-06-16 11:00:00+07:00,29.5905,24.0905,0.0,0.0,0.38,8.0899935,10.861858,11.374528,237.72438,238.8776,238.8776,29.519999,32.7905,29.147999,27.198,0.334,0.339,0.343,0.354,27.748,73.0,955.8523,0.0
2026-06-16 12:00:00+07:00,30.4405,24.0905,0.1,0.0,0.40000004,8.936778,11.849836,12.409137,242.40279,244.57317,244.57317,31.319998,33.8405,29.598,27.348,0.33,0.335,0.342,0.353,28.047998,90.0,955.23865,0.1
2026-06-16 13:00:00+07:00,31.0405,23.7905,0.1,0.0,0.44,9.107359,11.880966,12.441736,251.56496,253.70587,253.70587,32.039997,34.2405,30.047998,27.498,0.335,0.339,0.342,0.352,28.448,100.0,955.15015,0.1
2026-06-16 14:00:00+07:00,30.0405,23.8405,0.3,0.10000001,0.47000006,8.43699,10.861858,11.374528,236.3099,238.8776,238.8776,30.599998,31.5405,30.698,27.698,0.33,0.334,0.34,0.351,28.848,83.0,954.034,0.2
2026-06-16 15:00:00+07:00,29.4405,23.990501,0.4,0.3,0.42000005,8.936778,11.386203,11.923621,214.33028,213.6901,213.6901,27.0,31.490501,30.948,27.897999,0.327,0.332,0.339,0.351,29.248,84.0,953.36395,0.1
2026-06-16 16:00:00+07:00,28.890501,24.490501,0.4,0.4,0.32,4.8633323,5.975355,6.257386,267.87894,266.6336,266.6336,23.4,30.8405,30.797998,28.098,0.327,0.33,0.338,0.35,29.348,97.0,952.8915,0.0
2026-06-16 17:00:00+07:00,28.140501,24.7905,0.8,0.5,0.19,1.835647,1.8895731,1.978759,348.6901,338.19852,338.19852,19.08,28.8405,30.348,28.248,0.335,0.332,0.337,0.35,29.047998,100.0,952.38477,0.3
2026-06-16 18:00:00+07:00,27.740501,25.0905,0.1,0.1,0.09,1.26,1.3361299,1.399194,90.0,113.19862,113.19862,9.36,28.3405,29.797998,28.348,0.33,0.332,0.337,0.35,28.948,99.0,952.97925,0.0
2026-06-16 19:00:00+07:00,27.4405,26.5905,0.0,0.0,0.02,2.0523157,4.99318,5.2288537,105.25517,161.56496,161.56496,9.0,26.890501,29.498,28.397999,0.343,0.345,0.345,0.35,29.147999,94.0,953.21173,0.0
2026-06-16 20:00:00+07:00,27.390501,26.0905,0.0,0.0,0.02,0.742159,2.3406944,2.4511728,104.03627,167.00539,167.00539,8.64,26.1905,28.698,28.448,0.345,0.347,0.346,0.35,28.948,97.0,953.96063,0.0
2026-06-16 21:00:00+07:00,27.240501,25.5905,0.0,0.0,0.01,0.56920993,2.773989,2.9049184,161.56496,198.43504,198.43504,9.0,25.990501,28.047998,28.397999,0.343,0.345,0.346,0.35,29.047998,93.0,954.5031,0.0
2026-06-16 22:00:00+07:00,26.4405,25.2905,0.0,0.0,0.01,1.835647,3.063971,3.2085874,101.3099,156.3706,156.3706,10.08,25.2905,27.647999,28.297998,0.342,0.344,0.346,0.35,28.848,91.0,954.93274,0.0
2026-06-16 23:00:00+07:00,26.0905,25.0405,0.0,0.0,-0.0,1.0948973,4.3402066,4.5450606,99.46225,194.03627,194.03627,10.799999,24.9405,27.248,28.198,0.342,0.343,0.346,0.351,28.547998,96.0,955.2507,0.0
2026-06-17 00:00:00+07:00,25.990501,24.890501,0.0,0.0,-0.0,3.0811036,10.357051,10.845894,173.29025,206.13094,206.13094,15.119999,24.9405,27.047998,28.098,0.341,0.342,0.346,0.351,28.348,98.0,955.04407,0.0
2026-06-17 01:00:00+07:00,25.3405,23.990501,0.0,0.0,0.01,4.802999,14.045261,14.708185,192.99461,205.92485,205.92485,20.519999,24.740501,26.998,27.998,0.342,0.343,0.345,0.351,28.448,100.0,955.0255,0.0
2026-06-17 02:00:00+07:00,24.740501,23.640501,1.0,0.0,0.01,1.659518,5.266197,5.5147567,102.5288,178.0909,178.0909,22.319998,24.5405,26.748,27.897999,0.341,0.343,0.345,0.351,28.147999,100.0,954.63654,1.0
2026-06-17 03:00:00+07:00,24.0405,23.390501,3.1,0.5999999,0.01,5.0688457,11.541927,12.086696,186.1154,199.53674,199.53674,22.68,23.8405,26.547998,27.797998,0.343,0.343,0.345,0.351,27.647999,100.0,954.8921,2.5
2026-06-17 04:00:00+07:00,23.990501,23.390501,1.2,1.2,-0.0,2.3469129,5.438716,5.6954184,147.52882,180.0,180.0,18.72,23.890501,26.397999,27.647999,0.341,0.343,0.345,0.351,27.448,99.0,954.6941,0.0
2026-06-17 05:00:00+07:00,23.8405,23.3405,0.4,0.4,-0.0,2.0124612,6.2028275,6.4955955,153.43501,188.13002,188.13002,13.679999,23.6905,26.348,27.547998,0.34,0.342,0.345,0.351,27.248,100.0,955.0461,0.0
2026-06-17 06:00:00+07:00,23.9405,23.2905,0.3,0.20000002,0.01,1.2074767,5.1149826,5.356405,116.56499,202.1664,202.1664,15.119999,23.9405,26.248,27.448,0.34,0.341,0.345,0.351,26.748,100.0,955.34753,0.1
2026-06-17 07:00:00+07:00,24.4405,23.640501,0.4,0.4,0.03,2.8174455,1.6551208,1.7332411,63.435013,122.00535,122.00535,12.24,24.5405,26.248,27.348,0.336,0.338,0.342,0.352,26.547998,100.0,956.1926,0.0
2026-06-17 08:00:00+07:00,24.9405,24.0905,0.4,0.4,0.050000004,2.36753,3.3380203,3.4955719,171.25392,176.98727,176.98727,12.24,25.390501,26.547998,27.248,0.335,0.337,0.342,0.352,26.248,100.0,956.28076,0.0
2026-06-17 09:00:00+07:00,26.140501,24.740501,0.2,0.1,0.11,4.186693,5.572888,5.8359227,205.4633,208.1785,208.1785,17.28,28.1905,26.948,27.198,0.334,0.337,0.341,0.352,26.448,99.0,956.49023,0.1
2026-06-17 10:00:00+07:00,27.4405,25.0905,0.4,0.099999994,0.23,7.9077177,10.220935,10.703354,228.69148,230.57222,230.57222,23.759998,30.5905,27.598,27.198,0.332,0.335,0.341,0.352,26.948,96.0,956.4314,0.3
2026-06-17 11:00:00+07:00,28.4405,25.0405,0.4,0.099999994,0.3,9.387651,12.367139,12.950856,237.52882,238.3393,238.3393,29.16,31.640501,28.147999,27.248,0.332,0.334,0.34,0.351,27.147999,100.0,955.9404,0.3
2026-06-17 12:00:00+07:00,29.740501,24.740501,0.3,0.10000001,0.35000002,10.464797,13.503372,14.140718,243.43501,245.43285,245.43285,31.68,33.1405,28.748,27.348,0.33,0.333,0.339,0.351,27.647999,100.0,955.3096,0.2
2026-06-17 13:00:00+07:00,27.640501,24.7905,0.1,0.0,0.32,6.269067,7.974434,8.35082,219.17365,219.64413,219.64413,35.64,28.9405,29.598,27.547998,0.327,0.33,0.338,0.35,28.047998,98.0,955.23486,0.1
2026-06-17 14:00:00+07:00,28.2905,24.9405,0.5,0.19999999,0.32,7.1684303,9.206968,9.641529,208.49554,210.96368,210.96368,26.64,30.7905,29.748,27.647999,0.343,0.341,0.338,0.349,28.147999,73.0,953.6416,0.3
2026-06-17 15:00:00+07:00,29.240501,24.990501,0.3,0.10000001,0.23,6.2067385,8.16326,8.548558,240.4613,241.78273,241.78273,23.759998,31.990501,29.397999,27.797998,0.359,0.351,0.339,0.349,28.248,74.0,953.04596,0.2
2026-06-17 16:00:00+07:00,29.5905,24.990501,0.3,0.10000001,0.23,6.156947,7.79091,8.158633,232.12495,234.16226,234.16226,24.119999,31.5405,29.397999,27.897999,0.362,0.352,0.342,0.349,28.348,100.0,952.44196,0.2
2026-06-17 17:00:00+07:00,26.8405,24.9405,2.5,0.4000001,0.15,2.0523157,2.5119536,2.6305158,142.12495,167.90526,167.90526,24.48,27.640501,29.147999,27.948,0.36,0.361,0.346,0.349,28.248,98.0,952.2561,2.1
2026-06-17 18:00:00+07:00,26.0905,24.990501,0.2,0.2,0.08,5.4149795,4.61517,4.833002,74.57778,98.74608,98.74608,11.5199995,26.240501,28.748,27.998,0.353,0.354,0.348,0.349,27.948,93.0,952.2211,0.0
2026-06-17 19:00:00+07:00,26.890501,25.5905,0.0,0.0,0.02,2.7059932,5.8845186,6.1622624,86.186005,116.56499,116.56499,12.599999,25.990501,28.448,28.047998,0.351,0.352,0.351,0.349,28.448,98.0,952.2649,0.0
2026-06-17 20:00:00+07:00,26.7905,25.0905,0.0,0.0,0.01,1.8792552,4.0389886,4.229625,73.300674,92.4895,92.4895,10.08,25.2905,27.948,28.047998,0.348,0.35,0.351,0.349,28.348,100.0,952.6264,0.0
2026-06-17 21:00:00+07:00,26.490501,24.9405,0.0,0.0,0.01,1.5484185,4.2142725,4.4131823,144.46223,177.6141,177.6141,10.799999,25.0905,27.547998,27.998,0.346,0.348,0.351,0.35,28.147999,99.0,953.52124,0.0
2026-06-17 22:00:00+07:00,26.3405,24.6905,0.1,0.1,0.01,3.536439,11.663955,12.214482,165.2564,201.16133,201.16133,15.4800005,24.9405,27.248,27.948,0.345,0.347,0.35,0.35,27.948,99.0,954.2528,0.0
2026-06-17 23:00:00+07:00,26.140501,23.5905,0.0,0.0,0.01,2.9301877,8.835057,9.252063,137.4896,186.84268,186.84268,17.64,24.5905,26.948,27.848,0.344,0.346,0.349,0.35,27.848,98.0,954.50214,0.0
2026-06-18 00:00:00+07:00,25.8405,23.140501,0.0,0.0,0.01,3.2599385,9.730336,10.189599,186.3401,205.64096,205.64096,15.84,24.3405,26.698,27.748,0.343,0.345,0.349,0.35,27.748,98.0,954.6391,0.0
2026-06-18 01:00:00+07:00,25.9405,22.9405,0.0,0.0,-0.0,1.4512063,8.36991,8.764963,187.12492,213.02386,213.02386,16.199999,24.5405,26.547998,27.647999,0.341,0.343,0.348,0.35,27.848,100.0,954.0886,0.0
2026-06-18 02:00:00+07:00,25.640501,22.4405,0.5,0.099999994,0.02,0.25455844,4.1070027,4.3008494,44.999897,199.9832,199.9832,16.919998,24.390501,26.397999,27.547998,0.34,0.342,0.347,0.35,27.647999,100.0,953.9418,0.4
2026-06-18 03:00:00+07:00,25.240501,22.890501,0.2,0.2,0.01,2.19718,6.687557,7.0032034,145.0079,175.4861,175.4861,12.959999,24.2905,26.248,27.448,0.34,0.342,0.346,0.35,27.348,100.0,953.6827,0.0
2026-06-18 04:00:00+07:00,25.0405,22.890501,0.1,0.1,-0.0,1.6981165,6.5291944,6.837366,147.99466,186.17007,186.17007,12.959999,24.140501,26.198,27.348,0.34,0.342,0.346,0.35,27.147999,100.0,953.74255,0.0
2026-06-18 05:00:00+07:00,24.5905,22.9405,0.2,0.2,-0.0,2.5582807,8.423065,8.820626,219.28938,215.6765,215.6765,14.04,23.8405,26.098,27.248,0.339,0.341,0.345,0.35,26.948,100.0,954.137,0.0
2026-06-18 06:00:00+07:00,24.5905,23.490501,0.3,0.3,0.01,2.7238941,9.384122,9.827044,172.40544,200.80687,200.80687,14.759999,24.2905,25.998,27.198,0.339,0.341,0.345,0.35,26.848,100.0,954.32635,0.0
2026-06-18 07:00:00+07:00,24.7905,23.490501,0.3,0.3,0.03,1.4058449,6.6204834,6.9329643,140.19447,212.00534,212.00534,17.64,25.240501,26.147999,27.098,0.335,0.337,0.341,0.348,26.948,100.0,955.3078,0.0
2026-06-18 08:00:00+07:00,24.9405,23.890501,0.6,0.5,0.06,4.5,8.016779,8.395164,196.26028,203.19861,203.19861,18.359999,25.0405,26.547998,27.047998,0.342,0.338,0.341,0.348,26.647999,100.0,955.61816,0.1
2026-06-18 09:00:00+07:00,25.1905,24.0905,0.5,0.5,0.13,5.5887027,8.268162,8.658412,194.93147,197.28159,197.28159,18.72,25.5405,26.998,27.047998,0.361,0.347,0.341,0.348,26.647999,100.0,955.56714,0.0
2026-06-18 10:00:00+07:00,26.390501,24.3405,0.5,0.4,0.22,7.562142,10.333248,10.820968,218.23386,220.17917,220.17917,23.039999,28.140501,27.498,27.047998,0.364,0.361,0.344,0.348,26.748,100.0,955.5871,0.1
2026-06-18 11:00:00+07:00,28.490501,24.640501,0.3,0.10000001,0.3,11.091564,14.691146,15.384555,228.28934,229.84407,229.84407,32.760002,32.1905,28.147999,27.098,0.356,0.357,0.347,0.348,27.047998,100.0,955.09644,0.2
2026-06-18 12:00:00+07:00,29.2905,24.140501,0.2,0.0,0.36,13.433838,17.95523,18.8027,234.81921,236.15462,236.15462,37.44,31.7905,28.698,27.198,0.348,0.351,0.348,0.347,27.547998,100.0,954.4752,0.2
2026-06-18 13:00:00+07:00,29.8405,24.240501,0.2,0.1,0.40000004,10.837435,14.450324,15.132367,237.89377,240.94548,240.94548,38.16,32.4405,29.297998,27.348,0.339,0.34,0.341,0.347,27.448,99.0,954.6634,0.1
2026-06-18 14:00:00+07:00,29.990501,24.140501,0.1,0.0,0.31,8.55142,11.0973425,11.621126,229.26797,230.77434,230.77434,34.2,32.9405,29.397999,27.498,0.339,0.339,0.341,0.346,27.647999,88.0,952.9835,0.1
2026-06-18 15:00:00+07:00,30.7905,23.8405,0.1,0.1,0.3,10.825469,14.018939,14.680619,222.97864,224.49303,224.49303,32.399998,32.7905,29.748,27.647999,0.338,0.338,0.34,0.346,28.147999,95.0,952.3602,0.0
2026-06-18 16:00:00+07:00,30.490501,23.5905,0.0,0.0,0.25,11.7,15.727318,16.469631,216.86998,218.65984,218.65984,35.64,30.8405,29.698,27.797998,0.346,0.343,0.34,0.346,28.248,94.0,951.5519,0.0
2026-06-18 17:00:00+07:00,27.490501,24.890501,1.4,0.29999995,0.19,10.495713,15.04515,15.755266,210.96368,211.65123,211.65123,35.28,27.140501,29.647999,27.897999,0.364,0.346,0.341,0.345,28.348,95.0,951.6104,1.1
2026-06-18 18:00:00+07:00,27.140501,24.9405,0.2,0.2,0.10000001,2.52,5.506211,5.766099,180.0,202.47948,202.47948,24.119999,27.5905,29.098,27.998,0.37,0.369,0.346,0.345,27.748,97.0,951.64514,0.0
2026-06-18 19:00:00+07:00,27.6905,25.390501,0.0,0.0,0.04,2.97953,7.0962086,7.431143,115.01687,171.46931,171.46931,13.32,26.390501,28.748,28.098,0.352,0.353,0.344,0.345,28.248,99.0,951.64465,0.0
2026-06-18 20:00:00+07:00,27.240501,24.990501,0.0,0.0,0.02,3.0758414,7.3266926,7.6725054,159.44388,196.69933,196.69933,14.4,25.6905,28.098,28.098,0.347,0.349,0.345,0.345,28.248,100.0,952.04114,0.0
2026-06-18 21:00:00+07:00,26.890501,24.5405,0.0,0.0,0.01,4.323748,13.162863,13.784138,177.6141,201.0924,201.0924,16.56,25.3405,27.598,28.047998,0.344,0.346,0.346,0.346,28.248,99.0,953.21173,0.0
2026-06-18 22:00:00+07:00,26.6905,23.490501,0.0,0.0,0.02,4.510787,14.171799,14.840693,208.61037,211.32863,211.32863,18.72,25.140501,27.198,27.948,0.342,0.344,0.346,0.346,28.147999,98.0,953.7454,0.0
2026-06-18 23:00:00+07:00,26.140501,22.740501,0.0,0.0,0.02,5.95906,16.038359,16.795353,205.01686,210.21124,210.21124,22.319998,24.390501,26.897999,27.897999,0.34,0.342,0.345,0.346,28.047998,98.0,954.21814,0.0
2026-06-19 00:00:00+07:00,25.5905,22.8405,0.0,0.0,0.02,4.8466477,14.203258,14.873637,195.06854,205.61543,205.61543,22.319998,24.240501,26.698,27.797998,0.339,0.341,0.345,0.346,27.848,97.0,954.21704,0.0
2026-06-19 01:00:00+07:00,24.9405,22.990501,0.2,0.0,0.02,4.3349743,12.651336,13.2484665,175.23645,199.44012,199.44012,24.48,24.0905,26.397999,27.647999,0.365,0.347,0.344,0.346,27.147999,96.0,954.00916,0.2
2026-06-19 02:00:00+07:00,24.640501,23.140501,0.1,0.0,0.02,3.143565,9.258641,9.695641,156.3706,189.81923,189.81923,24.48,24.0405,26.297998,27.547998,0.363,0.364,0.348,0.346,27.047998,99.0,953.6725,0.1
2026-06-19 03:00:00+07:00,24.1905,22.9405,0.0,0.0,0.01,2.7416782,7.7909107,8.158634,156.80138,187.76508,187.76508,16.56,23.640501,26.198,27.448,0.355,0.357,0.351,0.347,26.948,100.0,953.3095,0.0
2026-06-19 04:00:00+07:00,24.0905,23.0405,0.0,0.0,0.01,2.4482646,8.3791,8.774585,162.89719,199.57321,199.57321,15.4800005,23.5905,26.098,27.348,0.351,0.353,0.351,0.347,26.848,100.0,953.38666,0.0
2026-06-19 05:00:00+07:00,24.2905,22.9405,0.0,0.0,-0.0,2.6758924,9.591745,10.044467,222.27362,219.80553,219.80553,16.199999,23.6905,25.998,27.248,0.348,0.35,0.351,0.347,26.848,100.0,953.51636,0.0
2026-06-19 06:00:00+07:00,24.390501,23.140501,0.0,0.0,-0.0,3.06,9.548326,9.998998,180.0,200.4329,200.4329,15.84,24.0405,25.948,27.147999,0.346,0.348,0.351,0.347,26.748,100.0,953.8178,0.0
2026-06-19 07:00:00+07:00,25.140501,23.740501,0.1,0.1,0.01,3.01735,8.214005,8.601699,162.64589,199.9832,199.9832,18.0,25.640501,25.897999,27.047998,0.343,0.345,0.349,0.348,26.448,100.0,954.42236,0.0
2026-06-19 08:00:00+07:00,26.390501,24.0405,0.1,0.1,0.050000004,6.889557,10.067707,10.542894,199.8553,202.5431,202.5431,22.319998,27.6905,26.248,26.948,0.341,0.344,0.348,0.348,26.448,100.0,954.54565,0.0
2026-06-19 09:00:00+07:00,27.1905,23.640501,0.2,0.2,0.15,10.210936,14.032108,14.694409,220.71075,222.46638,222.46638,29.88,29.1905,26.848,26.948,0.338,0.342,0.347,0.348,26.647999,99.0,954.87305,0.0
2026-06-19 10:00:00+07:00,27.890501,23.640501,0.1,0.1,0.23,8.913181,12.034125,12.602125,223.36346,225.59058,225.59058,29.519999,30.240501,27.498,26.948,0.335,0.339,0.346,0.348,26.948,98.0,954.80426,0.0
2026-06-19 11:00:00+07:00,29.0405,23.8405,0.1,0.0,0.41,11.362834,15.25946,15.979692,220.50276,224.53424,224.53424,33.48,31.5905,28.698,27.047998,0.331,0.336,0.344,0.347,27.448,100.0,954.5274,0.1
2026-06-19 12:00:00+07:00,29.6905,23.3405,0.2,0.0,0.41,11.032987,14.695336,15.388943,236.3099,236.68936,236.68936,34.2,30.6905,29.348,27.198,0.328,0.333,0.342,0.347,27.848,100.0,953.7854,0.2
2026-06-19 13:00:00+07:00,30.0905,23.140501,0.6,0.100000024,0.37000003,12.642357,16.399881,17.17394,241.97559,242.61266,242.61266,33.12,31.6905,29.698,27.348,0.37,0.344,0.341,0.346,28.047998,100.0,954.3267,0.5
2026-06-19 14:00:00+07:00,26.240501,24.2905,5.6,0.0,0.29000002,9.339208,14.062783,14.726534,242.44727,236.70642,236.70642,35.28,27.0905,29.348,27.498,0.384,0.366,0.343,0.346,27.948,99.0,953.38324,5.6
2026-06-19 15:00:00+07:00,26.2905,24.7905,3.0,1.2,0.24,4.198285,5.4188724,5.674638,59.03632,60.94549,60.94549,26.28,26.740501,29.248,27.598,0.365,0.364,0.349,0.346,28.248,100.0,953.39197,1.8
2026-06-19 16:00:00+07:00,25.7905,24.8405,1.4,1.4,0.21000002,2.7238941,1.8316731,1.9181263,82.40546,106.699326,106.699326,13.679999,25.8405,29.448,27.748,0.388,0.374,0.352,0.346,28.147999,98.0,952.54803,0.0
2026-06-19 17:00:00+07:00,26.490501,24.8405,0.3,0.3,0.13,2.9301877,3.5997782,3.769684,132.5104,136.97493,136.97493,12.24,26.8405,29.147999,27.848,0.379,0.381,0.36,0.346,27.848,99.0,952.76385,0.0
2026-06-19 18:00:00+07:00,26.3405,24.6905,0.0,0.0,0.08,3.4247334,4.225214,4.42464,86.98728,94.76356,94.76356,13.32,26.390501,28.797998,27.897999,0.367,0.369,0.364,0.347,27.748,100.0,953.0219,0.0
2026-06-19 19:00:00+07:00,27.1905,25.7905,0.0,0.0,0.03,0.742159,4.386061,4.5930796,75.96373,180.0,180.0,11.5199995,26.2905,28.397999,27.998,0.359,0.362,0.362,0.348,27.948,100.0,952.8845,0.0
2026-06-19 20:00:00+07:00,26.740501,25.3405,0.0,0.0,0.02,2.0364676,5.8319774,6.107241,135.0001,186.91113,186.91113,10.08,25.490501,27.797998,27.998,0.356,0.359,0.362,0.348,27.748,99.0,953.3751,0.0
2026-06-19 21:00:00+07:00,26.1905,24.9405,0.0,0.0,0.01,2.8001428,5.8319774,6.107241,135.0001,173.08887,173.08887,11.879999,24.990501,27.297998,27.948,0.353,0.356,0.36,0.349,27.748,99.0,953.7535,0.0
2026-06-19 22:00:00+07:00,25.9405,24.640501,0.0,0.0,0.01,1.8,4.645085,4.864329,126.86999,190.88548,190.88548,11.5199995,24.7905,26.897999,27.848,0.352,0.354,0.359,0.349,27.547998,100.0,954.0886,0.0
2026-06-19 23:00:00+07:00,25.9405,24.4405,0.0,0.0,0.01,1.2727921,8.140606,8.524835,171.86998,217.11694,217.11694,12.599999,24.5405,26.698,27.748,0.35,0.353,0.358,0.35,27.448,99.0,954.6567,0.0
2026-06-20 00:00:00+07:00,26.0905,23.990501,0.1,0.0,0.01,1.2727921,8.913098,9.333789,224.9999,216.1933,216.1933,13.679999,24.5405,26.498,27.647999,0.349,0.351,0.356,0.35,27.348,100.0,954.4933,0.1
2026-06-20 01:00:00+07:00,26.140501,23.5405,0.3,0.10000001,0.01,3.362677,10.086035,10.562086,164.47583,193.06932,193.06932,18.359999,25.0905,26.448,27.547998,0.348,0.35,0.355,0.351,27.848,100.0,954.50214,0.2
2026-06-20 02:00:00+07:00,25.390501,23.490501,0.3,0.20000002,-0.0,5.2416787,12.647685,13.244645,195.94547,203.7204,203.7204,18.0,24.490501,26.297998,27.448,0.353,0.35,0.354,0.351,27.647999,89.0,953.8036,0.1
2026-06-20 03:00:00+07:00,24.9405,23.390501,0.3,0.10000001,-0.0,1.9881649,6.613506,6.9256573,185.19434,201.80147,201.80147,18.0,24.3405,26.198,27.348,0.376,0.367,0.355,0.351,26.848,94.0,953.1572,0.2
2026-06-20 04:00:00+07:00,23.5405,23.0405,5.4,0.0,-0.0,2.1674871,6.6760406,6.9911437,131.63345,183.01273,183.01273,18.72,23.4405,26.098,27.248,0.382,0.378,0.36,0.352,26.547998,100.0,953.66833,5.4
2026-06-20 05:00:00+07:00,23.5405,23.0405,1.5,0.8,0.01,4.1046314,9.23034,9.666004,164.74483,188.74608,188.74608,18.0,23.4405,25.998,27.147999,0.407,0.395,0.368,0.352,26.348,99.0,954.23615,0.7
2026-06-20 06:00:00+07:00,23.4405,22.890501,1.8,0.19999993,0.02,3.9763298,7.447527,7.799044,185.19434,195.01842,195.01842,21.96,23.390501,25.897999,27.047998,0.385,0.389,0.379,0.353,26.448,100.0,955.16455,1.6
2026-06-20 07:00:00+07:00,24.5905,23.740501,1.4,0.79999995,0.02,3.4949677,4.466036,4.676829,101.88863,135.0001,135.0001,21.599998,24.740501,26.098,26.998,0.379,0.383,0.383,0.354,27.047998,100.0,955.5567,0.6
2026-06-20 08:00:00+07:00,25.240501,23.990501,0.1,0.1,0.04,2.8174455,4.1070027,4.3008494,153.43501,160.0168,160.0168,18.0,25.7905,26.348,26.948,0.37,0.374,0.379,0.356,26.748,100.0,955.8598,0.0
2026-06-20 09:00:00+07:00,25.7905,24.5405,0.5,0.19999999,0.09,5.6233797,7.5928288,7.951203,219.80553,220.31403,220.31403,23.759998,27.490501,26.698,26.897999,0.366,0.37,0.376,0.357,26.147999,100.0,956.24005,0.3
2026-06-20 10:00:00+07:00,25.8405,24.490501,0.6,0.3,0.16,5.6060677,7.1995564,7.539368,222.39738,223.02507,223.02507,23.759998,27.6905,27.297998,26.948,0.362,0.366,0.373,0.358,26.348,92.0,956.1538,0.3
2026-06-20 11:00:00+07:00,26.990501,24.740501,0.9,0.39999998,0.26,6.015878,7.617113,7.9766335,218.92755,218.45374,218.45374,23.4,29.390501,27.848,26.998,0.358,0.363,0.37,0.358,26.647999,98.0,956.06964,0.5
2026-06-20 12:00:00+07:00,28.2905,25.1905,0.7,0.29999998,0.31,7.0934615,9.343032,9.784014,215.70677,214.28693,214.28693,27.359999,31.990501,28.198,27.047998,0.357,0.361,0.367,0.359,26.848,90.0,955.25165,0.4
2026-06-20 13:00:00+07:00,27.0905,24.6905,0.5,0.19999999,0.27,6.048107,7.4040046,7.753466,233.47105,233.67308,233.67308,30.599998,30.140501,29.248,27.198,0.352,0.356,0.363,0.358,27.848,100.0,955.5186,0.3
2026-06-20 14:00:00+07:00,26.990501,25.4405,2.3,0.6999999,0.36,3.8647635,4.943619,5.176953,242.24155,242.52565,242.52565,24.119999,28.9405,29.498,27.348,0.354,0.356,0.362,0.358,28.147999,93.0,953.98645,1.6
2026-06-20 15:00:00+07:00,27.7905,26.0905,0.9,0.29999995,0.35000002,4.978554,6.2473288,6.5421963,220.60121,218.15727,218.15727,24.48,31.0405,29.848,27.498,0.353,0.355,0.36,0.358,28.348,93.0,953.6506,0.6
2026-06-20 16:00:00+07:00,26.8405,24.9405,0.8,0.0,0.29000002,7.9036193,10.172638,10.652776,210.0685,212.3196,212.3196,27.359999,30.240501,30.047998,27.698,0.362,0.358,0.358,0.358,28.348,98.0,953.1082,0.8
2026-06-20 17:00:00+07:00,25.740501,24.3405,2.2,0.4000001,0.23,2.7475805,3.4064765,3.5672588,121.60746,124.50858,124.50858,30.599998,26.0905,29.748,27.848,0.381,0.379,0.362,0.358,27.848,99.0,953.3913,1.8
2026-06-20 18:00:00+07:00,25.740501,24.4405,0.2,0.2,0.12,3.362677,3.8756504,4.0585775,74.47583,84.805664,84.805664,11.879999,25.740501,29.147999,27.948,0.367,0.37,0.365,0.358,27.748,98.0,953.76996,0.0
2026-06-20 19:00:00+07:00,26.0905,25.4405,0.0,0.0,0.050000004,2.4149535,4.243387,4.4436707,63.435013,97.12492,97.12492,10.440001,25.6905,28.448,27.948,0.368,0.372,0.371,0.359,27.547998,87.0,954.0199,0.0
2026-06-20 20:00:00+07:00,25.7905,25.140501,0.0,0.0,0.02,3.4949677,7.104879,7.4402227,101.88863,122.90524,122.90524,10.08,25.1905,27.797998,27.948,0.361,0.364,0.369,0.36,27.547998,85.0,954.252,0.0
2026-06-20 21:00:00+07:00,25.3405,24.6905,0.0,0.0,0.01,3.745557,9.097669,9.52707,125.21768,140.4774,140.4774,11.879999,24.6905,27.348,27.897999,0.359,0.362,0.367,0.36,27.547998,95.0,955.0255,0.0
2026-06-20 22:00:00+07:00,25.1905,24.390501,0.0,0.0,0.01,3.2399998,7.1416073,7.4786844,90.0,117.824005,117.824005,12.24,24.5405,26.998,27.848,0.356,0.36,0.365,0.361,27.348,91.0,955.4725,0.0
2026-06-20 23:00:00+07:00,24.9405,23.990501,0.0,0.0,0.01,2.8856194,6.127942,6.417175,86.423744,113.62939,113.62939,10.440001,24.0905,26.698,27.748,0.358,0.359,0.364,0.361,27.047998,36.0,955.2396,0.0
2026-06-21 00:00:00+07:00,24.7905,23.640501,0.1,0.0,0.01,1.8,2.654926,2.7802362,53.13002,97.59455,97.59455,13.32,23.890501,26.498,27.647999,0.375,0.367,0.363,0.361,26.547998,73.0,955.02386,0.1
2026-06-21 01:00:00+07:00,24.240501,23.8405,1.9,0.100000024,0.01,3.4763772,6.325668,6.6242332,291.25058,273.17978,273.17978,15.119999,24.2905,26.348,27.547998,0.378,0.377,0.366,0.362,26.348,94.0,955.2111,1.8
2026-06-21 02:00:00+07:00,23.640501,23.4405,3.3,0.70000005,0.01,4.669604,3.4064765,3.5672588,62.447273,78.11137,78.11137,16.919998,23.640501,26.198,27.448,0.398,0.388,0.37,0.362,25.848,99.0,955.1999,2.6
2026-06-21 03:00:00+07:00,23.490501,23.240501,2.3,1.8,0.01,2.8799999,6.724277,7.041657,180.0,195.12405,195.12405,17.64,23.4405,26.047998,27.348,0.396,0.392,0.378,0.363,25.448,100.0,955.1736,0.5
2026-06-21 04:00:00+07:00,23.3405,22.890501,2.3,0.9,0.01,2.4482646,4.1405907,4.336023,107.10281,126.384445,126.384445,19.08,23.240501,25.948,27.198,0.382,0.382,0.381,0.364,25.348,100.0,955.52545,1.4
2026-06-21 05:00:00+07:00,23.1905,22.7905,1.4,0.7,-0.0,3.5455887,6.4937415,6.80024,156.0375,178.45187,178.45187,20.519999,23.1905,25.797998,27.098,0.38,0.384,0.382,0.365,25.147999,100.0,955.8773,0.7
2026-06-21 06:00:00+07:00,23.2905,22.9405,2.2,0.30000007,0.01,2.9024127,4.827059,5.054892,119.74479,160.90642,160.90642,20.880001,23.3405,25.748,26.998,0.372,0.376,0.381,0.367,25.147999,100.0,956.5573,1.9
2026-06-21 07:00:00+07:00,24.2905,23.4405,1.7,1.0,0.02,3.7799997,5.0908556,5.331139,180.0,181.97488,181.97488,20.16,24.4405,25.797998,26.897999,0.357,0.357,0.363,0.368,25.348,100.0,956.8288,0.7
2026-06-21 08:00:00+07:00,24.4405,23.490501,0.3,0.3,0.04,2.0124612,3.787282,3.9660382,153.43501,166.60748,166.60748,14.04,24.5905,26.098,26.848,0.352,0.356,0.362,0.368,25.248,100.0,957.13904,0.0
2026-06-21 09:00:00+07:00,24.890501,23.640501,0.3,0.3,0.12,3.3092597,4.4969435,4.7091947,202.38017,200.55612,200.55612,14.04,25.490501,26.698,26.797998,0.35,0.354,0.361,0.368,25.647999,100.0,957.21844,0.0
2026-06-21 10:00:00+07:00,25.5905,23.890501,0.5,0.3,0.24,3.7064266,5.1149826,5.356405,209.0545,210.96368,210.96368,19.44,27.1905,27.498,26.848,0.36,0.362,0.361,0.367,26.348,100.0,957.34094,0.2
2026-06-21 11:00:00+07:00,26.140501,23.740501,0.5,0.3,0.38,5.904439,7.863659,8.234816,217.56866,218.65984,218.65984,19.44,27.640501,28.547998,26.948,0.354,0.357,0.36,0.367,27.248,98.0,957.05835,0.2
2026-06-21 12:00:00+07:00,27.5905,23.640501,0.5,0.3,0.44,8.953078,11.795163,12.351884,210.17343,210.37904,210.37904,25.199999,30.4405,29.147999,27.098,0.35,0.354,0.359,0.366,27.848,51.0,956.17316,0.2
2026-06-21 13:00:00+07:00,29.0405,23.6905,0.4,0.099999994,0.42000005,7.5942082,9.782392,10.244111,211.42952,212.54999,212.54999,30.599998,32.9905,29.397999,27.198,0.347,0.35,0.356,0.366,27.948,99.0,956.6113,0.3
2026-06-21 14:00:00+07:00,28.6905,23.740501,0.2,0.1,0.37000003,8.643749,11.252962,11.784091,238.62704,239.03632,239.03632,29.16,31.740501,29.948,27.397999,0.346,0.348,0.355,0.365,28.248,66.0,955.22534,0.1
2026-06-21 15:00:00+07:00,28.7905,24.2905,0.4,0.2,0.34,6.2067385,8.009097,8.387119,240.4613,241.1893,241.1893,29.16,31.390501,30.248,27.598,0.345,0.347,0.353,0.364,28.547998,56.0,954.3901,0.2
2026-06-21 16:00:00+07:00,27.7905,23.6905,0.5,0.099999994,0.26,9.793059,12.563444,13.156427,233.97253,234.09018,234.09018,28.44,29.890501,30.098,27.748,0.384,0.371,0.354,0.364,28.147999,90.0,953.7453,0.4
2026-06-21 17:00:00+07:00,27.4405,24.3405,0.9,0.59999996,0.19,4.175069,5.711993,5.9815936,187.43132,190.6196,190.6196,29.88,28.5405,29.698,27.897999,0.375,0.377,0.362,0.363,27.848,98.0,953.6852,0.3
2026-06-21 18:00:00+07:00,27.490501,24.3405,0.0,0.0,0.12,1.98,3.8756504,4.0585775,180.0,185.19434,185.19434,15.4800005,27.8405,29.397999,27.998,0.363,0.367,0.365,0.364,27.848,98.0,953.6937,0.0
2026-06-21 19:00:00+07:00,26.140501,24.740501,0.0,0.0,0.050000004,0.9693296,3.5481043,3.7155714,111.801476,171.46931,171.46931,14.04,25.4405,28.698,28.098,0.349,0.352,0.356,0.363,27.848,98.0,954.50214,0.0
2026-06-21 20:00:00+07:00,26.1905,24.7905,0.0,0.0,0.01,0.17999999,4.1405907,4.336023,90.0,216.38445,216.38445,10.08,25.4405,28.047998,28.098,0.348,0.351,0.356,0.363,27.748,99.0,954.9842,0.0
2026-06-21 21:00:00+07:00,26.0405,24.640501,0.0,0.0,0.01,1.6981165,5.2632737,5.5116954,122.00535,180.0,180.0,12.24,25.140501,27.598,28.047998,0.347,0.35,0.355,0.363,27.448,100.0,955.52594,0.0
2026-06-21 22:00:00+07:00,25.8405,24.640501,0.0,0.0,0.01,2.5455842,6.687557,7.0032034,135.0001,175.4861,175.4861,14.04,24.9405,27.248,27.998,0.347,0.349,0.354,0.363,27.348,100.0,955.8698,0.0
2026-06-21 23:00:00+07:00,25.640501,24.4405,0.0,0.0,-0.0,2.19718,7.158827,7.4967165,145.0079,197.10281,197.10281,14.4,24.7905,26.948,27.897999,0.346,0.349,0.354,0.363,27.047998,100.0,956.1191,0.0
2026-06-22 00:00:00+07:00,25.4405,24.140501,0.0,0.0,-0.0,2.3469126,8.630629,9.037986,175.60138,206.56499,206.56499,15.119999,24.4405,26.698,27.797998,0.346,0.348,0.353,0.363,26.948,100.0,956.0842,0.0
2026-06-22 01:00:00+07:00,24.7905,23.2905,0.1,0.1,-0.0,6.7397914,14.4524555,15.134599,214.11452,213.11134,213.11134,18.72,24.4405,26.448,27.647999,0.352,0.35,0.353,0.362,26.647999,100.0,955.68646,0.0
2026-06-22 02:00:00+07:00,23.240501,22.5905,0.7,0.099999964,-0.0,2.5264204,5.1628995,5.4065833,85.91447,170.21767,170.21767,30.239998,23.3405,26.297998,27.547998,0.352,0.35,0.353,0.362,26.547998,99.0,955.4131,0.6
2026-06-22 03:00:00+07:00,23.0905,22.640501,0.1,0.0,-0.0,2.1068459,5.6387763,5.9049215,109.98319,174.64427,174.64427,21.96,23.140501,26.198,27.448,0.349,0.351,0.353,0.362,26.348,99.0,955.481,0.1
2026-06-22 04:00:00+07:00,23.0905,22.5905,0.1,0.1,-0.0,1.7727944,5.3358746,5.587723,113.962494,170.53775,170.53775,15.4800005,22.990501,26.098,27.348,0.348,0.35,0.353,0.362,26.248,99.0,955.2918,0.0
2026-06-22 05:00:00+07:00,23.0905,22.5905,0.0,0.0,-0.0,1.2727921,3.5263498,3.6927903,81.86999,174.2895,174.2895,13.679999,22.890501,25.998,27.248,0.347,0.349,0.353,0.362,26.047998,98.0,955.2918,0.0
2026-06-22 06:00:00+07:00,23.3405,22.6905,0.0,0.0,-0.0,1.2727921,3.3334067,3.4907405,81.86999,180.0,180.0,12.599999,23.3405,25.897999,27.147999,0.346,0.348,0.352,0.362,25.948,94.0,955.7147,0.0
2026-06-22 07:00:00+07:00,24.740501,23.7905,0.0,0.0,0.01,2.8174455,4.8174853,5.044866,153.43501,169.50858,169.50858,13.679999,25.390501,25.897999,27.047998,0.343,0.345,0.351,0.367,25.848,95.0,955.867,0.0
2026-06-22 08:00:00+07:00,26.0405,23.640501,0.1,0.0,0.050000004,6.452441,9.104432,9.534153,202.98874,205.08356,205.08356,20.16,27.5905,26.297998,26.998,0.341,0.344,0.35,0.366,25.748,99.0,955.7153,0.1
2026-06-22 09:00:00+07:00,27.2905,23.1905,0.1,0.0,0.12,10.185519,13.896548,14.552452,226.43204,226.02293,226.02293,27.0,29.2905,26.797998,26.948,0.339,0.343,0.35,0.366,25.948,100.0,955.93195,0.1
2026-06-22 10:00:00+07:00,28.640501,23.640501,0.1,0.1,0.21000002,10.086427,13.382017,14.013636,235.17543,235.68486,235.68486,31.68,31.6905,27.198,26.948,0.337,0.341,0.349,0.365,26.248,100.0,955.8798,0.0
2026-06-22 11:00:00+07:00,29.0405,23.9405,0.1,0.0,0.27,9.726664,12.879197,13.487083,231.009,232.1934,232.1934,32.039997,31.890501,27.598,26.998,0.335,0.34,0.348,0.364,26.348,99.0,955.3799,0.1
2026-06-22 12:00:00+07:00,29.640501,23.490501,0.1,0.0,0.32,12.730468,17.035093,17.839134,236.53459,237.61934,237.61934,38.16,31.8405,27.948,27.047998,0.334,0.338,0.347,0.364,26.547998,98.0,954.8188,0.1
2026-06-22 13:00:00+07:00,25.1905,24.140501,0.2,0.1,0.32,5.896202,8.710501,9.121629,192.33908,198.79999,198.79999,37.8,26.8405,28.297998,27.147999,0.33,0.336,0.346,0.363,26.448,98.0,955.28314,0.1
2026-06-22 14:00:00+07:00,25.5405,23.890501,2.0,2.0,0.33,3.319036,5.1149826,5.356405,192.5288,202.1664,202.1664,16.56,26.0405,28.848,27.248,0.327,0.334,0.344,0.362,27.047998,93.0,954.30286,0.0
2026-06-22 15:00:00+07:00,26.5905,24.6905,1.9,1.5,0.39000002,4.2481523,5.6496825,5.9163423,216.38445,216.15828,216.15828,22.319998,26.990501,29.297998,27.397999,0.324,0.331,0.343,0.361,27.448,93.0,953.25446,0.4
2026-06-22 16:00:00+07:00,26.9405,24.740501,1.1,0.90000004,0.32,5.904439,8.110301,8.4931,217.56866,218.85338,218.85338,21.96,27.6905,29.248,27.498,0.322,0.329,0.341,0.361,27.848,98.0,952.3683,0.2
2026-06-22 17:00:00+07:00,27.490501,24.1905,0.1,0.1,0.3,7.256032,10.175662,10.655944,226.00499,226.39711,226.39711,21.24,28.140501,29.098,27.647999,0.321,0.327,0.34,0.36,28.348,92.0,952.0839,0.0
2026-06-22 18:00:00+07:00,27.240501,24.1905,0.0,0.0,0.18,5.1575575,8.759832,9.173288,209.24873,212.73521,212.73521,21.24,27.0905,28.547998,27.698,0.321,0.327,0.339,0.359,28.248,63.0,952.1358,0.0
2026-06-22 19:00:00+07:00,26.490501,24.2905,0.0,0.0,0.07000001,3.4388947,9.649336,10.104774,137.12111,180.0,180.0,16.199999,25.490501,27.797998,27.698,0.324,0.327,0.338,0.359,27.848,59.0,952.1011,0.0
2026-06-22 20:00:00+07:00,26.3405,23.7905,0.0,0.0,0.03,1.5273507,7.4040046,7.753466,135.0001,193.70699,193.70699,13.679999,24.6905,27.147999,27.647999,0.325,0.328,0.338,0.358,27.748,32.0,952.16986,0.0
2026-06-22 21:00:00+07:00,26.2905,23.3405,0.0,0.0,0.02,0.6489992,5.605929,5.8705235,123.690094,200.13638,200.13638,11.879999,24.2905,26.647999,27.547998,0.326,0.329,0.338,0.358,27.748,47.0,952.1612,0.0
2026-06-22 22:00:00+07:00,25.990501,23.1905,0.0,0.0,0.01,0.742159,6.904948,7.230855,194.03627,207.21602,207.21602,12.599999,23.9405,26.198,27.448,0.327,0.329,0.337,0.358,27.647999,38.0,952.58264,0.0
2026-06-22 23:00:00+07:00,25.5905,22.890501,0.0,0.0,-0.0,0.9693296,7.453724,7.805533,201.80147,206.56499,206.56499,13.679999,23.5905,25.897999,27.348,0.328,0.33,0.337,0.357,27.547998,45.0,952.6077,0.0
2026-06-23 00:00:00+07:00,25.140501,22.640501,0.0,0.0,-0.0,1.4512063,7.104878,7.440222,172.87508,200.22495,200.22495,13.32,23.390501,25.598,27.198,0.329,0.331,0.337,0.357,27.348,45.0,952.2453,0.0
2026-06-23 01:00:00+07:00,24.7905,22.640501,0.0,0.0,-0.0,3.4949677,10.435509,10.928055,168.11136,196.60706,196.60706,14.04,23.5905,25.348,27.098,0.329,0.331,0.337,0.357,27.348,21.0,951.7111,0.0
2026-06-23 02:00:00+07:00,24.5905,22.2905,0.0,0.0,0.01,1.9386592,7.9338026,8.30827,158.19853,198.03438,198.03438,16.56,22.9405,25.098,26.948,0.329,0.331,0.337,0.356,27.248,45.0,951.6762,0.0
2026-06-23 03:00:00+07:00,24.390501,22.2905,0.0,0.0,0.01,2.5264204,8.666219,9.075256,175.91446,201.37068,201.37068,14.759999,23.0405,24.948,26.797998,0.33,0.331,0.337,0.356,27.047998,41.0,951.5464,0.0
2026-06-23 04:00:00+07:00,24.1905,22.140501,0.0,0.0,-0.0,2.1674871,8.871562,9.290291,175.23645,204.5377,204.5377,15.119999,22.8405,24.848,26.647999,0.33,0.332,0.337,0.356,27.047998,27.0,951.606,0.0
2026-06-23 05:00:00+07:00,23.990501,21.990501,0.0,0.0,-0.0,2.16,8.866355,9.28484,180.0,207.07199,207.07199,14.759999,22.490501,24.748,26.547998,0.33,0.332,0.337,0.355,26.848,27.0,951.5711,0.0
2026-06-23 06:00:00+07:00,24.2905,22.3405,0.0,0.0,0.01,3.244996,10.367448,10.856781,176.82024,203.9625,203.9625,16.56,23.640501,24.698,26.397999,0.33,0.332,0.337,0.355,26.848,31.0,952.286,0.0
2026-06-23 07:00:00+07:00,25.490501,23.490501,0.0,0.0,0.03,4.6938252,10.15295,10.63216,175.60138,198.12195,198.12195,23.4,26.490501,25.098,26.348,0.327,0.329,0.335,0.356,26.647999,32.0,953.3478,0.0
2026-06-23 08:00:00+07:00,26.9405,22.990501,0.1,0.0,0.15,10.075177,14.032108,14.694409,221.37842,222.46638,222.46638,26.64,28.5405,26.098,26.297998,0.324,0.328,0.335,0.355,26.748,42.0,953.5045,0.1
2026-06-23 09:00:00+07:00,27.7905,22.890501,0.2,0.0,0.3,13.356437,18.42146,19.290934,232.66673,233.13002,233.13002,34.56,29.890501,26.848,26.348,0.32,0.326,0.334,0.354,27.147999,52.0,953.3665,0.2
2026-06-23 10:00:00+07:00,28.990501,23.240501,0.1,0.0,0.35000002,12.830604,17.615156,18.446575,235.86401,236.78473,236.78473,36.36,31.6905,27.297998,26.397999,0.317,0.323,0.333,0.354,27.248,38.0,953.4769,0.1
2026-06-23 11:00:00+07:00,30.1905,23.8405,0.1,0.0,0.40000004,12.783802,17.091013,17.897694,237.65257,238.43108,238.43108,36.719997,33.1405,27.797998,26.498,0.313,0.321,0.332,0.353,27.547998,55.0,953.01733,0.1
2026-06-23 12:00:00+07:00,31.140501,23.4405,0.1,0.0,0.49000004,13.619471,17.978357,18.82692,240.72484,241.43425,241.43425,39.96,33.8905,28.498,26.647999,0.308,0.318,0.331,0.352,27.948,92.0,952.6086,0.1
2026-06-23 13:00:00+07:00,31.6905,23.0905,0.0,0.0,0.54,13.451914,17.600298,18.431015,245.49261,246.50142,246.50142,39.6,34.2905,28.998,26.848,0.305,0.315,0.329,0.351,28.547998,88.0,952.5109,0.0
2026-06-23 14:00:00+07:00,29.2905,23.8405,1.1,0.6,0.53,6.6185193,9.35291,9.794358,247.61981,246.80139,246.80139,39.239998,31.1905,29.397999,26.998,0.301,0.312,0.328,0.35,29.348,89.0,951.2545,0.5
2026-06-23 15:00:00+07:00,30.890501,23.890501,0.2,0.1,0.5,9.165871,12.218154,12.79484,250.49745,248.96242,248.96242,29.16,32.9405,29.698,27.198,0.298,0.309,0.326,0.349,29.848,97.0,950.482,0.1
2026-06-23 16:00:00+07:00,28.240501,24.390501,1.4,0.39999998,0.42000005,6.193674,8.517547,8.919567,234.46223,237.61934,237.61934,36.36,29.2905,29.598,27.397999,0.296,0.307,0.324,0.348,29.848,97.0,950.6972,1.0
2026-06-23 17:00:00+07:00,28.390501,24.5905,0.1,0.1,0.32,5.7852573,7.370671,7.7185597,174.64427,181.36389,181.36389,19.44,29.140501,29.348,27.547998,0.296,0.305,0.323,0.347,29.948,94.0,950.4386,0.0
2026-06-23 18:00:00+07:00,27.640501,24.390501,0.0,0.0,0.19,5.5450516,7.926039,8.30014,144.24602,152.30061,152.30061,20.519999,27.5405,28.948,27.647999,0.297,0.304,0.322,0.347,30.047998,94.0,950.59454,0.0
2026-06-23 19:00:00+07:00,27.4405,25.890501,0.0,0.0,0.08,3.3043609,8.963032,9.386078,150.64235,183.3664,183.3664,15.84,26.5905,28.348,27.698,0.299,0.305,0.322,0.347,30.047998,95.0,950.4656,0.0
2026-06-23 20:00:00+07:00,26.9405,24.4405,0.0,0.0,0.04,4.510787,12.46012,13.048226,208.61037,212.34741,212.34741,18.0,25.3405,27.598,27.698,0.302,0.306,0.321,0.346,29.848,95.0,951.5161,0.0
2026-06-23 21:00:00+07:00,26.0405,23.8405,0.0,0.0,0.04,2.6758924,8.095106,8.477188,199.65392,209.8988,209.8988,17.28,24.640501,27.047998,27.647999,0.304,0.307,0.321,0.346,29.647999,96.0,951.9284,0.0
2026-06-23 22:00:00+07:00,25.740501,23.4405,0.0,0.0,0.03,1.781909,5.988219,6.2708573,135.0001,185.04236,185.04236,13.679999,24.490501,26.598,27.547998,0.305,0.309,0.32,0.346,29.248,63.0,952.8233,0.0
2026-06-23 23:00:00+07:00,25.240501,22.990501,0.0,0.0,0.02,1.8089776,8.016779,8.395164,174.2895,203.19861,203.19861,13.679999,23.8405,26.248,27.448,0.307,0.31,0.32,0.345,28.848,90.0,952.83075,0.0
2026-06-24 00:00:00+07:00,25.0405,22.740501,0.0,0.0,0.02,1.4512063,6.9405184,7.268104,150.2552,200.72563,200.72563,14.04,23.740501,25.948,27.348,0.308,0.311,0.32,0.345,28.448,93.0,952.796,0.0
2026-06-24 01:00:00+07:00,25.5905,23.0405,0.0,0.0,0.02,2.9024127,10.809305,11.319495,187.12492,215.75398,215.75398,12.959999,24.0905,25.897999,27.248,0.309,0.311,0.32,0.345,28.248,51.0,952.3237,0.0
2026-06-24 02:00:00+07:00,25.1905,22.9405,0.0,0.0,0.02,2.36753,9.233675,9.669496,188.74608,218.82983,218.82983,16.56,23.5905,25.748,27.098,0.31,0.312,0.32,0.345,28.047998,21.0,951.68616,0.0
2026-06-24 03:00:00+07:00,24.8405,22.740501,0.0,0.0,0.01,1.484318,8.221497,8.609543,194.03627,219.80553,219.80553,15.119999,23.140501,25.647999,26.998,0.311,0.313,0.32,0.344,27.647999,73.0,951.6253,0.0
2026-06-24 04:00:00+07:00,24.5905,22.740501,0.0,0.0,0.01,2.4482646,8.639539,9.0473175,162.89719,203.9625,203.9625,14.4,23.240501,25.498,26.897999,0.312,0.313,0.32,0.344,27.248,80.0,951.6762,0.0
2026-06-24 05:00:00+07:00,24.490501,22.5905,0.0,0.0,0.01,1.5484185,6.555071,6.8644643,144.46223,195.52417,195.52417,14.4,22.990501,25.348,26.748,0.312,0.314,0.32,0.344,27.147999,87.0,951.9426,0.0
2026-06-24 06:00:00+07:00,24.640501,22.9405,0.0,0.0,0.01,1.4058449,5.831978,6.1072416,140.19447,195.7087,195.7087,12.24,24.0405,25.248,26.647999,0.313,0.315,0.321,0.343,27.047998,99.0,952.53674,0.0
2026-06-24 07:00:00+07:00,26.0405,23.140501,0.0,0.0,0.03,2.8460498,6.940518,7.268104,161.56496,196.14441,196.14441,12.599999,27.1905,25.647999,26.598,0.317,0.319,0.325,0.351,26.948,36.0,953.06445,0.0
2026-06-24 08:00:00+07:00,27.640501,23.2905,0.0,0.0,0.10000001,7.1684303,9.989442,10.460935,208.49554,210.61853,210.61853,20.519999,29.6905,26.647999,26.547998,0.315,0.319,0.325,0.351,26.948,30.0,953.43555,0.0
2026-06-24 09:00:00+07:00,28.4405,23.140501,0.2,0.1,0.28000003,12.492829,16.988955,17.790817,233.79045,234.66858,234.66858,31.68,30.5905,27.698,26.647999,0.311,0.317,0.325,0.35,27.748,37.0,953.66736,0.1
2026-06-24 10:00:00+07:00,29.5905,23.0405,0.2,0.2,0.38,14.178927,19.229168,20.136765,236.91513,238.05006,238.05006,35.64,31.8405,28.198,26.748,0.307,0.314,0.324,0.349,28.147999,34.0,953.5787,0.0
2026-06-24 11:00:00+07:00,30.6905,23.0405,0.2,0.2,0.46,14.330079,19.378254,20.292887,237.30801,238.32457,238.32457,36.719997,32.9905,28.897999,26.897999,0.302,0.311,0.323,0.348,28.547998,38.0,953.0066,0.0
2026-06-24 12:00:00+07:00,31.3405,23.490501,0.3,0.20000002,0.55,13.529966,18.448172,19.318909,236.94417,237.82138,237.82138,35.64,33.5905,29.848,27.098,0.296,0.308,0.322,0.347,29.147999,90.0,952.1682,0.1
2026-06-24 13:00:00+07:00,31.9405,23.390501,0.1,0.0,0.59,12.9625,17.191568,18.002995,244.50249,245.26572,245.26572,35.64,34.4905,30.198,27.397999,0.291,0.303,0.32,0.346,29.047998,67.0,952.4582,0.1
2026-06-24 14:00:00+07:00,32.1405,23.5905,0.3,0.10000001,0.52,11.272657,14.929113,15.633754,250.40762,250.07433,250.07433,33.839996,34.5905,30.448,27.598,0.308,0.302,0.319,0.345,29.547998,84.0,950.8801,0.2
2026-06-24 15:00:00+07:00,32.1405,23.2905,0.2,0.1,0.49000004,12.241323,16.643932,17.42951,250.23274,251.56496,251.56496,32.760002,33.4905,30.698,27.848,0.304,0.309,0.318,0.344,30.047998,90.0,949.9324,0.1
2026-06-24 16:00:00+07:00,30.890501,24.140501,0.4,0.0,0.43,11.230904,15.27962,16.000803,248.36905,248.44286,248.44286,32.760002,32.3405,30.647999,28.047998,0.299,0.307,0.317,0.343,30.448,92.0,949.724,0.4
2026-06-24 17:00:00+07:00,28.9405,25.7905,1.2,0.30000007,0.34,1.8,1.7367916,1.8187666,53.13002,44.999897,44.999897,30.239998,30.0405,30.397999,28.198,0.296,0.304,0.316,0.343,30.647999,99.0,949.7741,0.9
2026-06-24 18:00:00+07:00,28.5405,25.390501,0.0,0.0,0.18,6.444905,7.195281,7.5348916,54.090195,44.999897,44.999897,11.5199995,28.490501,29.897999,28.348,0.297,0.303,0.316,0.342,30.748,99.0,950.1798,0.0
2026-06-24 19:00:00+07:00,27.990501,27.140501,0.0,0.0,0.050000004,2.5772078,4.225214,4.42464,102.09474,138.36655,138.36655,10.440001,27.4405,29.297998,28.448,0.289,0.296,0.314,0.342,30.948,96.0,950.08624,0.0
2026-06-24 20:00:00+07:00,27.740501,25.9405,0.0,0.0,0.01,2.9024127,5.5090046,5.7690244,82.875084,127.23492,127.23492,9.0,26.4405,28.498,28.448,0.294,0.297,0.314,0.342,30.848,95.0,950.4223,0.0
2026-06-24 21:00:00+07:00,27.640501,24.990501,0.0,0.0,-0.0,1.4399999,4.472923,4.6840405,90.0,138.17992,138.17992,10.08,25.740501,27.897999,28.397999,0.296,0.299,0.313,0.341,30.647999,63.0,951.1628,0.0
2026-06-24 22:00:00+07:00,27.240501,24.740501,0.0,0.0,0.02,0.76367533,3.9581623,4.144984,135.0001,192.80426,192.80426,10.08,25.2905,27.397999,28.297998,0.298,0.301,0.313,0.341,30.547998,95.0,951.85175,0.0
2026-06-24 23:00:00+07:00,26.6905,24.7905,0.0,0.0,0.02,1.98,8.855935,9.273926,180.0,213.6901,213.6901,12.24,24.990501,26.948,28.147999,0.299,0.302,0.313,0.341,30.348,95.0,952.32513,0.0
2026-06-25 00:00:00+07:00,26.3405,24.5405,0.0,0.0,0.01,2.1897945,8.555407,8.959214,189.46225,208.14151,208.14151,13.679999,24.7905,26.598,28.047998,0.301,0.303,0.313,0.34,29.848,98.0,952.16986,0.0
2026-06-25 01:00:00+07:00,26.9405,23.9405,0.0,0.0,0.02,2.4149535,10.603752,11.1042385,206.56499,231.04408,231.04408,14.4,25.1905,26.348,27.897999,0.302,0.304,0.313,0.34,29.647999,100.0,951.89484,0.0
2026-06-25 02:00:00+07:00,26.3405,23.490501,0.0,0.0,0.01,1.08,7.9551115,8.3305855,180.0,228.57643,228.57643,15.4800005,24.240501,26.098,27.698,0.303,0.305,0.313,0.34,29.348,97.0,951.88586,0.0
2026-06-25 03:00:00+07:00,25.5905,23.4405,0.0,0.0,0.01,2.7059932,8.954443,9.377084,183.814,214.62422,214.62422,14.4,24.0905,25.848,27.547998,0.304,0.306,0.313,0.34,29.047998,84.0,951.2825,0.0
2026-06-25 04:00:00+07:00,25.4405,23.240501,0.0,0.0,0.01,1.835647,8.855935,9.273926,168.69011,213.6901,213.6901,14.4,23.8405,25.748,27.397999,0.305,0.306,0.313,0.339,28.748,93.0,951.44574,0.0
2026-06-25 05:00:00+07:00,25.2905,22.990501,0.0,0.0,0.01,1.9881649,8.639539,9.0473175,174.80566,209.16751,209.16751,13.32,23.5905,25.647999,27.248,0.306,0.307,0.314,0.339,28.448,99.0,951.98755,0.0
2026-06-25 06:00:00+07:00,25.6905,23.390501,0.0,0.0,0.01,1.4512063,6.594863,6.9061346,150.2552,208.61037,208.61037,13.679999,24.9405,25.598,27.098,0.306,0.308,0.314,0.339,28.248,99.0,952.81445,0.0
2026-06-25 07:00:00+07:00,27.1905,23.390501,0.0,0.0,0.02,3.9763298,9.442977,9.888677,174.80566,215.16652,215.16652,13.679999,27.8405,25.897999,26.998,0.31,0.313,0.319,0.344,28.248,94.0,953.73676,0.0
2026-06-25 08:00:00+07:00,28.240501,23.490501,0.0,0.0,0.14000002,7.388775,10.850517,11.362652,214.07724,219.09386,219.09386,20.519999,29.4405,26.848,26.948,0.308,0.312,0.319,0.343,28.047998,98.0,953.91736,0.0
2026-06-25 09:00:00+07:00,29.140501,23.2905,0.0,0.0,0.33,9.1958685,12.332245,12.914315,229.76372,230.19447,230.19447,25.199999,31.1905,27.797998,26.998,0.304,0.31,0.318,0.343,28.348,98.0,953.78656,0.0
2026-06-25 10:00:00+07:00,29.9405,23.140501,0.1,0.1,0.40000004,9.7565975,13.035976,13.651262,240.12408,241.02039,241.02039,26.28,32.3405,28.448,27.098,0.299,0.307,0.318,0.342,28.748,100.0,953.82764,0.0
2026-06-25 11:00:00+07:00,30.5405,23.0405,0.3,0.3,0.47000006,10.1456785,13.431378,14.065327,244.7989,246.1135,246.1135,27.0,32.3905,29.297998,27.248,0.294,0.304,0.317,0.341,29.348,100.0,953.64453,0.0
2026-06-25 12:00:00+07:00,31.4405,23.0905,0.3,0.3,0.43,9.901636,13.026528,13.641369,242.96922,244.47034,244.47034,26.28,33.5405,29.698,27.397999,0.29,0.301,0.316,0.34,29.647999,100.0,953.0377,0.0
2026-06-25 13:00:00+07:00,32.1905,23.4405,0.2,0.2,0.5,8.557102,11.047304,11.568727,247.75093,249.55037,249.55037,27.359999,34.8405,31.198,27.698,0.283,0.297,0.314,0.339,30.448,99.0,953.06836,0.0
2026-06-25 14:00:00+07:00,32.4405,23.740501,0.0,0.0,0.57,7.989242,10.229965,10.71281,247.47939,247.8336,247.8336,25.919998,35.0405,31.698,27.948,0.278,0.294,0.313,0.338,30.948,98.0,951.2144,0.0
2026-06-25 15:00:00+07:00,32.5405,23.490501,0.0,0.0,0.5,7.5019197,9.969394,10.43994,239.74365,241.63104,241.63104,24.119999,34.190502,31.797998,28.248,0.277,0.291,0.311,0.337,31.047998,100.0,950.5675,0.0
2026-06-25 16:00:00+07:00,32.4405,23.490501,0.0,0.0,0.36,5.994297,7.9338026,8.30827,228.65231,234.90411,234.90411,24.48,32.9405,31.448,28.448,0.276,0.289,0.31,0.337,31.348,100.0,950.55096,0.0
2026-06-25 17:00:00+07:00,31.240501,24.5405,0.3,0.0,0.24,3.219938,4.79186,5.0180316,206.56499,203.7495,203.7495,21.599998,30.890501,30.948,28.647999,0.287,0.29,0.309,0.336,30.848,100.0,950.6352,0.3
2026-06-25 18:00:00+07:00,27.5405,25.140501,0.6,0.6,0.10000001,8.6867485,13.430232,14.064126,325.9806,326.7251,326.7251,24.119999,27.5405,30.397999,28.748,0.289,0.292,0.309,0.336,30.748,100.0,951.7138,0.0
2026-06-25 19:00:00+07:00,28.640501,26.9405,0.6,0.6,0.03,2.3469129,7.2123713,7.552788,122.471176,184.18483,184.18483,17.64,27.7905,30.248,28.897999,0.297,0.294,0.308,0.336,30.948,99.0,950.3863,0.0
2026-06-25 20:00:00+07:00,28.640501,25.6905,0.0,0.0,0.02,1.9881649,8.876764,9.29574,174.80566,198.43504,198.43504,10.08,26.890501,29.498,28.897999,0.295,0.294,0.308,0.335,30.848,98.0,951.42816,0.0
2026-06-25 21:00:00+07:00,27.740501,25.4405,0.0,0.0,0.03,1.9881649,7.600931,7.959688,185.19434,198.85326,198.85326,10.799999,26.240501,28.748,28.848,0.298,0.297,0.308,0.335,30.547998,100.0,951.84283,0.0
2026-06-25 22:00:00+07:00,27.490501,25.140501,0.0,0.0,0.02,0.9,4.472923,4.6840405,126.86999,191.30989,191.30989,10.799999,25.9405,28.198,28.797998,0.297,0.299,0.308,0.335,30.348,100.0,952.65204,0.0
2026-06-25 23:00:00+07:00,27.140501,24.740501,0.0,0.0,0.02,0.6489992,4.1070027,4.3008494,123.690094,199.9832,199.9832,9.36,25.5905,27.748,28.698,0.297,0.299,0.308,0.335,30.147999,99.0,953.4443,0.0
2026-06-26 00:00:00+07:00,26.6905,24.740501,0.0,0.0,0.01,1.484318,8.740486,9.153029,194.03627,218.48022,218.48022,12.599999,25.640501,27.348,28.547998,0.297,0.3,0.308,0.335,29.448,98.0,952.988,0.0
2026-06-26 01:00:00+07:00,27.140501,24.1905,0.0,0.0,0.01,0.25455844,4.740194,4.963927,44.999897,218.991,218.991,14.4,25.9405,27.147999,28.448,0.299,0.301,0.308,0.334,30.047998,100.0,952.21326,0.0
2026-06-26 02:00:00+07:00,24.4405,23.6905,1.5,0.5,0.01,4.5891175,3.0184262,3.1608932,64.440094,125.537766,125.537766,18.359999,24.4405,26.897999,28.297998,0.299,0.302,0.308,0.334,29.748,100.0,952.1229,1.0
2026-06-26 03:00:00+07:00,23.740501,23.140501,0.9,0.79999995,0.01,5.402999,13.264193,13.89025,119.98155,127.47626,127.47626,19.8,23.5905,26.698,28.147999,0.3,0.302,0.309,0.334,29.748,100.0,952.56805,0.1
2026-06-26 04:00:00+07:00,23.5405,22.6905,1.2,1.2,0.02,4.514377,8.625277,9.032381,184.57384,175.33322,175.33322,15.119999,23.3405,26.448,27.998,0.3,0.302,0.309,0.334,29.448,100.0,953.0059,0.0
2026-06-26 05:00:00+07:00,23.7905,22.4405,1.2,1.2,0.02,0.76367533,1.2772403,1.3375249,135.0001,164.05453,164.05453,15.4800005,23.890501,26.297998,27.848,0.3,0.302,0.309,0.334,29.248,100.0,953.807,0.0
2026-06-26 06:00:00+07:00,23.390501,22.5905,0.7,0.7,0.01,4.0249224,3.787282,3.9660382,79.69521,76.60749,76.60749,11.5199995,23.2905,26.147999,27.698,0.301,0.303,0.309,0.334,29.047998,100.0,954.11487,0.0
2026-06-26 07:00:00+07:00,26.0405,22.990501,0.3,0.3,-0.0,3.3481934,3.7791462,3.957518,53.74608,68.19853,68.19853,11.159999,26.140501,26.147999,27.498,0.301,0.303,0.31,0.331,28.647999,100.0,954.0112,0.0
2026-06-26 08:00:00+07:00,26.5405,23.2905,0.0,0.0,0.07000001,1.8,2.3862755,2.4989052,53.13002,72.89719,72.89719,9.0,27.390501,26.897999,27.448,0.3,0.303,0.31,0.331,28.547998,100.0,954.5716,0.0
2026-06-26 09:00:00+07:00,27.2905,23.640501,0.1,0.1,0.19,0.17999999,0.7233678,0.75751007,360.0,104.03627,104.03627,7.92,29.0905,28.147999,27.448,0.296,0.302,0.309,0.331,28.647999,100.0,955.07965,0.0
2026-06-26 10:00:00+07:00,28.240501,23.8405,0.0,0.0,0.35000002,1.659518,1.8977004,1.9872701,310.60123,303.6901,303.6901,10.440001,30.890501,29.147999,27.547998,0.29,0.299,0.309,0.33,29.147999,100.0,955.14856,0.0
2026-06-26 11:00:00+07:00,29.0405,23.7905,0.0,0.0,0.40000004,3.244996,4.243387,4.4436707,266.82022,262.8751,262.8751,13.679999,32.0405,29.598,27.698,0.285,0.296,0.308,0.33,29.348,100.0,955.00104,0.0
2026-06-26 12:00:00+07:00,29.4405,23.9405,0.0,0.0,0.40000004,3.148714,3.895455,4.0793166,329.03632,324.16226,324.16226,13.679999,32.0905,29.897999,27.848,0.281,0.293,0.307,0.329,29.448,100.0,954.40594,0.0
2026-06-26 13:00:00+07:00,29.7905,23.5905,0.0,0.0,0.35000002,3.9966483,5.0605345,5.299387,324.16226,326.3099,326.3099,13.32,32.1905,30.397999,27.998,0.28,0.29,0.306,0.329,29.147999,100.0,954.0865,0.0
2026-06-26 14:00:00+07:00,29.990501,23.5405,0.0,0.0,0.34,3.8521678,4.7725515,4.997811,322.59457,323.97253,323.97253,15.119999,32.4905,30.698,28.198,0.282,0.289,0.305,0.328,29.147999,100.0,953.07825,0.0
2026-06-26 15:00:00+07:00,29.6905,23.490501,0.0,0.0,0.31,2.4149535,3.162834,3.3121166,333.43503,326.3099,326.3099,13.679999,31.2905,30.948,28.397999,0.278,0.288,0.304,0.328,29.448,100.0,952.3644,0.0
2026-06-26 16:00:00+07:00,29.490501,23.4405,0.0,0.0,0.26,2.5772078,3.750531,3.9275525,12.094739,10.784258,10.784258,10.08,30.5405,30.848,28.547998,0.277,0.287,0.303,0.327,29.448,100.0,951.9514,0.0
2026-06-26 17:00:00+07:00,29.390501,23.5405,0.0,0.0,0.19,3.143565,3.717559,3.8930247,193.24052,199.29015,199.29015,9.72,29.4405,30.498,28.698,0.288,0.287,0.303,0.327,29.047998,100.0,951.74506,0.0
2026-06-26 18:00:00+07:00,28.490501,24.3405,0.0,0.0,0.10000001,3.7842832,6.150503,6.440801,177.27374,176.72958,176.72958,10.799999,27.890501,29.948,28.797998,0.312,0.295,0.302,0.327,28.348,59.0,951.7815,0.0
2026-06-26 19:00:00+07:00,27.9405,25.6905,0.0,0.0,0.04,0.9,0.7846026,0.8216351,126.86999,243.43501,243.43501,10.08,27.140501,29.397999,28.848,0.291,0.286,0.301,0.326,28.948,94.0,952.16095,0.0
2026-06-26 20:00:00+07:00,27.640501,25.740501,0.0,0.0,0.03,1.1525624,1.7544246,1.8372318,128.65984,216.86998,216.86998,4.68,26.740501,28.698,28.797998,0.311,0.296,0.301,0.326,28.147999,97.0,952.96204,0.0
2026-06-26 21:00:00+07:00,27.1905,25.5905,0.0,0.0,0.03,1.7076298,2.493506,2.611197,108.43504,140.71062,140.71062,5.04,26.240501,28.147999,28.748,0.304,0.301,0.302,0.326,28.147999,96.0,953.4527,0.0
2026-06-26 22:00:00+07:00,26.5905,25.2905,0.0,0.0,0.02,2.50064,5.7281356,5.9984984,120.256355,130.0302,130.0302,7.2,25.740501,27.698,28.647999,0.314,0.305,0.303,0.326,27.647999,89.0,954.1066,0.0
2026-06-26 23:00:00+07:00,26.0905,24.890501,0.0,0.0,0.02,0.40249225,3.0184262,3.1608932,116.56499,144.46223,144.46223,8.28,25.0405,27.348,28.498,0.313,0.307,0.303,0.326,27.448,88.0,954.0199,0.0
2026-06-27 00:00:00+07:00,25.640501,24.990501,0.2,0.2,0.02,0.8049845,3.7216966,3.897357,333.43503,278.13,278.13,6.4799995,25.0405,27.098,28.348,0.313,0.309,0.304,0.326,27.147999,95.0,954.0364,0.0
2026-06-27 01:00:00+07:00,26.1905,25.140501,0.1,0.1,0.02,2.7475805,4.7239327,4.946898,121.60746,121.328636,121.328636,6.8399997,25.740501,26.848,28.198,0.34,0.324,0.305,0.326,26.547998,95.0,952.99603,0.0
2026-06-27 02:00:00+07:00,24.4405,23.7905,2.9,0.0,0.02,7.256032,9.649336,10.104774,352.87506,360.0,360.0,16.919998,24.490501,26.598,28.047998,0.343,0.332,0.308,0.326,25.647999,99.0,952.88007,2.9
2026-06-27 03:00:00+07:00,23.740501,23.140501,7.1,0.7999997,0.02,4.143911,7.885158,8.25733,55.6196,32.275623,32.275623,28.44,23.6905,26.348,27.897999,0.334,0.332,0.311,0.326,25.248,100.0,953.41974,6.3
2026-06-27 04:00:00+07:00,23.9405,23.2905,1.6,1.6,0.02,1.0495713,2.6780128,2.8044126,120.96369,58.392544,58.392544,9.36,23.7905,26.147999,27.748,0.334,0.329,0.313,0.326,24.748,100.0,953.36017,0.0
2026-06-27 05:00:00+07:00,23.8405,23.1905,0.3,0.3,0.02,2.7475805,5.1599183,5.4034615,148.39255,144.6887,144.6887,10.08,23.6905,25.948,27.598,0.33,0.328,0.316,0.326,24.547998,100.0,953.7212,0.0
2026-06-27 06:00:00+07:00,23.8405,23.2905,0.0,0.0,0.02,2.5959969,4.5615044,4.776803,146.3099,157.3801,157.3801,9.72,23.740501,25.848,27.448,0.326,0.326,0.317,0.326,24.547998,97.0,953.7212,0.0
2026-06-27 07:00:00+07:00,24.990501,24.140501,0.0,0.0,0.03,1.0495713,2.6081398,2.7312415,120.96369,160.34608,160.34608,9.36,25.0905,25.998,27.348,0.323,0.324,0.321,0.327,24.848,100.0,953.7338,0.0
2026-06-27 08:00:00+07:00,25.7905,24.0405,0.0,0.0,0.08,0.6489992,0.7233678,0.75751007,236.3099,194.03627,194.03627,8.28,26.5905,26.397999,27.248,0.321,0.323,0.321,0.327,24.948,100.0,954.15735,0.0
2026-06-27 09:00:00+07:00,26.390501,23.5905,0.0,0.0,0.17,0.17999999,0.49622625,0.51964766,180.0,135.0001,135.0001,8.64,27.7905,27.198,27.198,0.317,0.32,0.321,0.327,25.647999,100.0,954.54565,0.0
2026-06-27 10:00:00+07:00,26.6905,23.5405,0.0,0.0,0.27,0.25455844,0.49622625,0.51964766,135.0001,135.0001,135.0001,8.64,28.2905,27.998,27.248,0.313,0.318,0.321,0.327,26.348,100.0,954.69226,0.0
2026-06-27 11:00:00+07:00,27.5905,23.9405,0.1,0.1,0.34,2.7416782,3.4558156,3.6189268,203.19862,203.9625,203.9625,14.759999,30.4405,28.797998,27.348,0.318,0.319,0.32,0.327,27.047998,100.0,954.7526,0.0
2026-06-27 12:00:00+07:00,27.490501,24.140501,0.1,0.1,0.33,2.8460498,3.616839,3.7875502,198.43504,202.8337,202.8337,17.64,30.140501,29.297998,27.498,0.313,0.317,0.32,0.327,27.547998,100.0,954.1672,0.0
2026-06-27 13:00:00+07:00,27.390501,23.640501,0.1,0.0,0.41,2.8174455,3.4558156,3.6189268,153.43501,156.0375,156.0375,18.72,29.740501,29.748,27.647999,0.315,0.319,0.32,0.326,27.848,99.0,954.14996,0.1
2026-06-27 14:00:00+07:00,27.490501,23.7905,0.2,0.2,0.37000003,2.5772076,3.108848,3.255583,155.22488,163.61038,163.61038,14.04,29.990501,30.147999,27.797998,0.311,0.316,0.32,0.326,28.248,98.0,953.0309,0.0
2026-06-27 15:00:00+07:00,28.5905,23.8405,0.1,0.1,0.27,2.4014995,3.0286067,3.1715539,167.00539,169.99208,169.99208,16.919998,32.0905,30.098,27.948,0.307,0.313,0.319,0.326,28.348,98.0,952.36694,0.0
2026-06-27 16:00:00+07:00,29.140501,23.5905,0.0,0.0,0.3,1.5484185,2.045993,2.142562,144.46223,149.03632,149.03632,12.599999,31.4405,30.248,28.147999,0.303,0.31,0.318,0.325,28.348,96.0,951.5131,0.0
2026-06-27 17:00:00+07:00,29.0905,23.5405,0.0,0.0,0.25,1.2979984,1.6551208,1.7332411,213.6901,212.00534,212.00534,9.72,29.990501,30.147999,28.297998,0.302,0.308,0.317,0.325,28.448,97.0,950.84155,0.0
2026-06-27 18:00:00+07:00,28.5405,23.9405,0.0,0.0,0.13,0.9,0.8945845,0.93680805,216.86998,191.30989,191.30989,7.92,28.4405,29.598,28.397999,0.302,0.307,0.316,0.325,28.348,98.0,950.9375,0.0
2026-06-27 19:00:00+07:00,26.640501,25.2905,0.0,0.0,0.050000004,1.659518,2.6316369,2.7558477,77.4712,90.0,90.0,5.04,26.2905,29.198,28.448,0.305,0.308,0.317,0.325,29.047998,100.0,951.6537,0.0
2026-06-27 20:00:00+07:00,26.390501,25.2905,0.0,0.0,0.02,2.3051248,3.1236644,3.2710981,51.34017,38.157276,38.157276,4.68,25.890501,28.348,28.448,0.306,0.308,0.317,0.325,28.848,96.0,951.9893,0.0
2026-06-27 21:00:00+07:00,26.140501,25.1905,0.0,0.0,0.02,0.9693296,2.28749,2.3954573,68.19853,32.471172,32.471172,5.04,25.3405,27.698,28.397999,0.306,0.309,0.316,0.325,28.748,98.0,952.60864,0.0
2026-06-27 22:00:00+07:00,25.7905,24.890501,0.0,0.0,0.01,0.17999999,0.5263274,0.5511696,90.0,270.0,270.0,3.96,24.8405,27.198,28.248,0.307,0.309,0.316,0.325,28.547998,98.0,953.39996,0.0
2026-06-27 23:00:00+07:00,25.390501,24.7905,0.0,0.0,0.01,0.17999999,0.49622625,0.51964766,90.0,224.9999,224.9999,3.6,24.6905,26.748,28.147999,0.307,0.309,0.316,0.326,28.348,87.0,953.7089,0.0
2026-06-28 00:00:00+07:00,25.0905,24.6905,0.0,0.0,0.01,0.0,1.2651336,1.3248467,270.0,213.6901,213.6901,3.96,24.5905,26.397999,27.998,0.308,0.31,0.315,0.326,28.147999,74.0,953.3725,0.0
2026-06-28 01:00:00+07:00,25.1905,24.9405,0.1,0.1,-0.0,0.9,2.307585,2.416501,53.13002,8.746089,8.746089,4.32,24.640501,26.147999,27.848,0.308,0.31,0.315,0.326,28.047998,98.0,952.34875,0.0
2026-06-28 02:00:00+07:00,24.8405,24.740501,0.1,0.1,0.01,0.17999999,2.000352,2.0947666,90.0,307.87503,307.87503,5.04,24.0905,25.897999,27.698,0.309,0.31,0.315,0.326,27.848,100.0,951.8146,0.0
2026-06-28 03:00:00+07:00,24.640501,24.640501,0.1,0.1,-0.0,0.35999998,1.0526547,1.1023391,90.0,90.0,90.0,4.68,23.990501,25.748,27.498,0.309,0.31,0.315,0.326,27.547998,100.0,951.401,0.0
2026-06-28 04:00:00+07:00,24.2905,24.240501,0.9,0.099999964,0.01,5.6233797,9.801253,10.263864,219.80553,224.27486,224.27486,16.199999,24.390501,25.598,27.348,0.309,0.31,0.315,0.326,27.248,100.0,951.8128,0.8
2026-06-28 05:00:00+07:00,24.0405,23.740501,2.8,0.5,0.01,2.657668,6.3862023,6.6876245,151.69934,164.05453,164.05453,18.72,24.0405,25.547998,27.198,0.309,0.311,0.315,0.326,27.047998,100.0,952.5262,2.3
2026-06-28 06:00:00+07:00,23.8405,23.2905,2.4,0.5000001,0.01,3.6402748,4.5917687,4.8084955,261.46933,263.41815,263.41815,14.759999,23.8405,25.498,27.098,0.309,0.311,0.315,0.326,26.848,100.0,953.34265,1.9
2026-06-28 07:00:00+07:00,24.9405,24.740501,1.5,0.39999998,0.02,5.7628117,8.954443,9.377084,321.34018,325.37576,325.37576,15.119999,25.5405,25.748,26.948,0.317,0.313,0.316,0.326,26.647999,100.0,953.34656,1.1
2026-06-28 08:00:00+07:00,25.6905,24.640501,0.3,0.3,0.08,1.8792552,2.219191,2.323935,73.300674,71.564964,71.564964,14.759999,26.7905,26.498,26.897999,0.323,0.317,0.316,0.326,26.147999,97.0,953.7611,0.0
2026-06-28 09:00:00+07:00,27.140501,24.490501,0.0,0.0,0.13,2.2910259,3.0184262,3.1608932,135.0001,144.46223,144.46223,15.4800005,29.4405,27.248,26.897999,0.324,0.32,0.316,0.326,26.147999,93.0,953.823,0.0
2026-06-28 10:00:00+07:00,28.8405,24.9405,0.1,0.0,0.23,3.693291,4.720674,4.9434853,226.97493,228.01286,228.01286,20.16,32.5905,27.948,26.998,0.315,0.319,0.317,0.326,26.547998,91.0,953.9249,0.1
2026-06-28 11:00:00+07:00,30.140501,24.890501,0.1,0.0,0.40000004,6.1305785,7.755271,8.121313,229.76372,232.35231,232.35231,26.28,34.3905,28.998,27.098,0.321,0.321,0.317,0.325,27.547998,94.0,953.4825,0.1
2026-06-28 12:00:00+07:00,30.5905,24.3405,0.1,0.0,0.43,7.562142,9.403783,9.847631,231.76613,233.3438,233.3438,26.28,33.690502,29.897999,27.297998,0.316,0.318,0.316,0.325,28.348,100.0,952.8002,0.1
2026-06-28 13:00:00+07:00,30.7905,23.8405,0.1,0.0,0.39000002,8.643749,10.861858,11.374528,238.62704,238.8776,238.8776,26.28,32.3405,30.647999,27.598,0.317,0.317,0.316,0.324,29.147999,98.0,951.6022,0.1
2026-06-28 14:00:00+07:00,29.8405,24.4405,0.6,0.20000002,0.35000002,7.0199995,9.031453,9.457728,247.3801,245.9245,245.9245,30.960001,31.890501,30.598,27.797998,0.349,0.329,0.316,0.324,28.948,98.0,950.58966,0.4
2026-06-28 15:00:00+07:00,30.490501,24.8405,0.2,0.1,0.36,5.7176566,7.401926,7.7512894,241.8215,238.57048,238.57048,22.68,32.9905,30.647999,27.998,0.357,0.351,0.32,0.324,28.948,98.0,950.03595,0.1
2026-06-28 16:00:00+07:00,30.640501,24.990501,0.1,0.0,0.3,4.1556225,5.1628995,5.4065833,265.03033,260.21765,260.21765,23.039999,32.4405,30.647999,28.198,0.37,0.358,0.325,0.323,28.948,99.0,949.2082,0.1
2026-06-28 17:00:00+07:00,25.9405,24.490501,5.9,0.099999905,0.18,3.4152596,5.8975816,6.1759415,251.56496,247.249,247.249,22.319998,26.490501,30.147999,28.348,0.391,0.379,0.335,0.323,28.547998,100.0,950.1124,5.8
2026-06-28 18:00:00+07:00,25.5405,24.5405,2.6,1.5999999,0.09,4.060985,5.277874,5.5269847,77.19574,74.57778,74.57778,15.4800005,25.390501,29.698,28.448,0.376,0.37,0.345,0.324,28.348,100.0,950.2323,1.0
2026-06-28 19:00:00+07:00,25.490501,24.6905,0.7,0.7,0.03,1.4512063,3.4468975,3.6095877,97.12492,104.743614,104.743614,8.64,25.240501,29.198,28.448,0.397,0.398,0.366,0.325,28.047998,100.0,951.0759,0.0
2026-06-28 20:00:00+07:00,25.5405,24.7905,0.1,0.1,0.02,1.0495713,2.9876773,3.1286929,120.96369,139.76372,139.76372,6.8399997,25.390501,28.647999,28.448,0.365,0.367,0.359,0.325,28.348,99.0,951.8416,0.0
2026-06-28 21:00:00+07:00,25.490501,24.740501,0.0,0.0,0.02,1.2727921,2.2874897,2.395457,44.999897,94.39862,94.39862,6.4799995,25.1905,28.147999,28.448,0.368,0.37,0.361,0.327,28.047998,100.0,952.3065,0.0
2026-06-28 22:00:00+07:00,25.3405,24.5905,0.0,0.0,0.01,1.0948973,2.8934712,3.0300403,80.53775,104.03627,104.03627,6.12,24.9405,27.698,28.348,0.371,0.365,0.361,0.328,27.848,99.0,952.46967,0.0
2026-06-28 23:00:00+07:00,25.2905,24.5405,0.0,0.0,0.01,0.71999997,2.7739887,2.9049184,90.0,124.69522,124.69522,6.12,24.9405,27.397999,28.248,0.362,0.364,0.361,0.329,27.647999,100.0,952.36615,0.0
2026-06-29 00:00:00+07:00,24.740501,24.140501,0.8,0.0,0.01,2.968636,6.6806498,6.9959702,194.03627,193.67133,193.67133,10.799999,24.5905,27.147999,28.147999,0.366,0.361,0.361,0.33,27.448,100.0,952.08105,0.8
2026-06-29 01:00:00+07:00,26.0405,26.0405,2.7,0.5,0.01,0.25455844,0.6325668,0.6624234,44.999897,303.6901,303.6901,15.4800005,25.990501,27.198,28.098,0.387,0.377,0.357,0.33,27.748,100.0,951.455,2.2
2026-06-29 02:00:00+07:00,25.640501,25.5905,0.7,0.099999964,0.01,0.6489992,2.3538077,2.4649053,213.6901,243.43501,243.43501,7.5599995,25.7905,26.948,27.998,0.392,0.387,0.365,0.331,27.147999,100.0,951.0071,0.6
2026-06-29 03:00:00+07:00,24.740501,24.740501,3.5,0.20000005,0.01,2.7534704,1.5886991,1.6636841,78.6901,96.340096,96.340096,11.879999,25.0405,26.748,27.897999,0.397,0.392,0.373,0.332,26.647999,100.0,950.94525,3.3
2026-06-29 04:00:00+07:00,24.640501,24.390501,1.6,0.8,0.01,3.2599385,3.4064765,3.5672588,96.340096,124.50858,124.50858,11.879999,24.6905,26.598,27.748,0.394,0.393,0.38,0.334,25.948,100.0,951.11707,0.8
2026-06-29 05:00:00+07:00,24.390501,24.0905,2.1,0.19999993,0.01,0.17999999,1.7367916,1.8187666,180.0,224.9999,224.9999,9.36,24.390501,26.498,27.647999,0.379,0.383,0.382,0.336,25.748,100.0,951.7356,1.9
2026-06-29 06:00:00+07:00,24.1905,24.0405,3.2,0.29999995,-0.0,0.40249225,2.493506,2.611197,243.43501,219.28938,219.28938,10.08,24.3405,26.348,27.547998,0.382,0.379,0.38,0.338,25.448,100.0,951.8899,2.9
2026-06-29 07:00:00+07:00,24.2905,23.640501,1.3,1.0999999,0.01,0.8049845,1.0671749,1.1175445,296.56497,260.53775,260.53775,9.0,24.490501,26.248,27.397999,0.399,0.394,0.382,0.34,25.047998,100.0,952.66455,0.2
2026-06-29 08:00:00+07:00,24.6905,24.1905,0.5,0.3,0.04,1.1384199,1.4467356,1.5150201,198.43504,194.03627,194.03627,12.599999,25.1905,26.448,27.348,0.394,0.394,0.386,0.342,24.948,100.0,953.0188,0.2
2026-06-29 09:00:00+07:00,25.5905,24.240501,0.4,0.099999994,0.09,1.9469976,2.6316369,2.7558477,213.6901,216.86998,216.86998,13.32,26.890501,26.848,27.297998,0.392,0.391,0.387,0.344,25.147999,100.0,953.1757,0.3
2026-06-29 10:00:00+07:00,26.7905,24.490501,0.3,0.20000002,0.18,3.572898,4.472923,4.6840405,229.08571,228.17992,228.17992,14.759999,29.240501,27.348,27.248,0.393,0.392,0.388,0.346,25.448,98.0,952.9105,0.1
2026-06-29 11:00:00+07:00,28.4405,24.7905,0.3,0.10000001,0.22,8.338489,10.953568,11.470568,237.3391,238.09193,238.09193,24.119999,31.8405,27.797998,27.297998,0.399,0.396,0.39,0.349,25.848,100.0,952.7202,0.2
2026-06-29 12:00:00+07:00,28.240501,24.640501,0.3,0.0,0.23,3.6,4.8174853,5.044866,233.13002,236.88864,236.88864,24.119999,30.5905,28.147999,27.348,0.397,0.399,0.393,0.351,26.248,99.0,952.1178,0.3
2026-06-29 13:00:00+07:00,28.9405,24.5905,0.4,0.099999994,0.33,4.942631,6.2473288,6.5421963,213.11136,218.15727,218.15727,20.16,32.0405,28.748,27.397999,0.373,0.378,0.383,0.351,26.848,100.0,952.3316,0.3
2026-06-29 14:00:00+07:00,28.990501,24.8405,0.4,0.099999994,0.34,4.39436,5.6168995,5.882012,214.9921,218.65984,218.65984,19.08,31.390501,29.147999,27.547998,0.368,0.372,0.379,0.353,27.248,100.0,950.9195,0.3
2026-06-29 15:00:00+07:00,27.490501,25.0905,2.9,0.5,0.32,3.8647635,5.02697,5.264238,207.75845,209.24873,209.24873,17.64,27.7905,29.348,27.647999,0.364,0.368,0.375,0.354,27.348,99.0,950.2846,2.4
2026-06-29 16:00:00+07:00,26.890501,25.240501,1.1,0.40000004,0.24,2.0124612,2.5903769,2.7126403,243.43501,241.69934,241.69934,12.959999,27.490501,29.297998,27.797998,0.361,0.364,0.372,0.355,27.348,100.0,949.61365,0.7
2026-06-29 17:00:00+07:00,26.140501,24.5405,1.1,0.100000024,0.17,3.9477081,5.5839233,5.8474793,226.8476,226.27295,226.27295,14.4,26.640501,29.147999,27.897999,0.364,0.364,0.369,0.355,27.348,100.0,949.8631,1.0
2026-06-29 18:00:00+07:00,25.7905,24.5405,1.7,0.6,0.08,1.4512063,3.374703,3.5339859,299.74478,278.97253,278.97253,13.679999,25.6905,28.698,27.948,0.38,0.375,0.368,0.356,27.147999,100.0,950.55994,1.1
2026-06-29 19:00:00+07:00,25.7905,25.240501,0.8,0.7,0.03,1.0948973,1.8977004,1.9872701,80.53775,123.6901,123.6901,8.64,25.5905,28.647999,28.047998,0.386,0.38,0.37,0.357,28.147999,100.0,951.22266,0.1
2026-06-29 20:00:00+07:00,25.7905,25.3405,0.0,0.0,-0.0,1.26,1.5692052,1.6432703,90.0,153.43501,153.43501,6.12,25.640501,28.147999,28.047998,0.376,0.379,0.375,0.358,28.047998,100.0,951.6013,0.0
2026-06-29 21:00:00+07:00,25.740501,25.140501,0.1,0.1,-0.0,0.8049845,1.6174996,1.6938441,116.56499,167.4712,167.4712,5.7599998,25.390501,27.797998,28.047998,0.369,0.372,0.375,0.359,28.047998,100.0,952.066,0.0
2026-06-29 22:00:00+07:00,25.1905,24.5905,2.4,0.0,0.01,3.3043609,7.9279804,8.302174,150.64235,155.13632,155.13632,10.440001,24.9405,27.448,27.998,0.378,0.381,0.376,0.36,27.748,99.0,952.7274,2.4
2026-06-29 23:00:00+07:00,25.0905,24.4405,4.1,0.5999999,0.01,1.8792552,4.0389886,4.229625,73.300674,92.4895,92.4895,11.159999,24.8405,27.147999,27.897999,0.378,0.377,0.376,0.361,27.547998,100.0,953.18317,3.5
2026-06-30 00:00:00+07:00,24.890501,24.390501,1.6,1.3,-0.0,1.26,2.8559966,2.9907968,180.0,137.4896,137.4896,5.7599998,24.7905,26.998,27.848,0.376,0.378,0.376,0.362,27.147999,100.0,952.86444,0.3
2026-06-30 01:00:00+07:00,25.390501,24.890501,0.6,0.6,-0.0,2.0523157,3.0030913,3.1448343,74.74483,83.29026,83.29026,6.12,25.240501,26.848,27.748,0.397,0.386,0.371,0.362,27.047998,94.0,951.81573,0.0
2026-06-30 02:00:00+07:00,24.7905,23.9405,0.5,0.099999994,-0.0,1.8532133,4.605156,4.8225145,299.0545,287.74475,287.74475,6.4799995,24.490501,26.748,27.647999,0.407,0.401,0.38,0.363,26.448,100.0,951.3325,0.4
2026-06-30 03:00:00+07:00,24.640501,23.890501,0.8,0.7,0.01,2.4482646,4.7725515,4.997811,287.1028,306.02747,306.02747,7.2,24.490501,26.647999,27.598,0.41,0.407,0.391,0.364,25.948,100.0,951.3063,0.1
2026-06-30 04:00:00+07:00,23.990501,23.5405,1.1,0.70000005,0.01,2.7238941,4.5917687,4.8084955,262.40546,276.58185,276.58185,11.879999,23.9405,26.498,27.498,0.409,0.408,0.399,0.367,25.547998,100.0,951.5711,0.4
2026-06-30 05:00:00+07:00,23.5905,23.1905,1.1,0.40000004,0.01,1.659518,1.9615062,2.0540876,347.4712,10.304792,10.304792,9.36,23.640501,26.397999,27.397999,0.407,0.407,0.403,0.37,25.248,100.0,951.5952,0.7
2026-06-30 06:00:00+07:00,23.6905,23.0905,2.9,0.60000014,0.01,2.1674871,2.307585,2.416501,318.36655,351.2539,351.2539,9.36,23.6905,26.297998,27.348,0.406,0.407,0.406,0.374,25.047998,100.0,952.0858,2.3
2026-06-30 07:00:00+07:00,23.8405,23.5905,2.8,1.0999999,0.02,0.5091169,0.7017699,0.7348927,315.0001,270.0,270.0,12.24,24.140501,26.147999,27.198,0.396,0.399,0.401,0.376,24.748,100.0,952.20703,1.7
2026-06-30 08:00:00+07:00,24.390501,23.390501,0.1,0.1,0.03,0.17999999,0.6325668,0.6624234,90.0,123.690094,123.690094,6.4799995,24.7905,26.297998,27.147999,0.394,0.396,0.4,0.379,24.647999,100.0,952.966,0.0
2026-06-30 09:00:00+07:00,25.0905,23.490501,0.3,0.20000002,0.06,0.56920993,1.0526547,1.1023391,198.43504,180.0,180.0,7.5599995,25.6905,26.547998,27.098,0.397,0.396,0.398,0.381,24.748,100.0,953.18317,0.1
2026-06-30 10:00:00+07:00,25.9405,23.740501,0.4,0.4,0.12,1.781909,2.28749,2.3954573,224.9999,212.47118,212.47118,10.08,27.1905,26.948,27.047998,0.399,0.399,0.398,0.383,25.147999,100.0,953.04724,0.0
2026-06-30 11:00:00+07:00,26.5405,23.640501,0.5,0.3,0.15,3.01735,3.612581,3.7830918,252.64589,240.94548,240.94548,11.159999,27.6905,27.297998,27.098,0.402,0.401,0.399,0.384,25.448,100.0,953.0567,0.2
2026-06-30 12:00:00+07:00,25.240501,24.140501,1.4,0.29999995,0.17,6.9270773,9.220332,9.655523,294.56717,291.19412,291.19412,19.08,25.7905,27.547998,27.098,0.397,0.4,0.4,0.386,25.748,100.0,952.83075,1.1
2026-06-30 13:00:00+07:00,24.7905,24.6905,3.4,1.0,0.18,3.6179552,5.547978,5.809837,275.7105,288.43503,288.43503,19.44,26.0905,28.248,27.198,0.396,0.393,0.394,0.388,26.448,100.0,953.03625,2.4
2026-06-30 14:00:00+07:00,25.5905,24.390501,1.7,0.6,0.22,2.5455842,2.982522,3.123294,98.13002,90.0,90.0,14.04,26.0405,28.198,27.297998,0.407,0.407,0.4,0.389,26.448,100.0,952.4184,1.1
2026-06-30 15:00:00+07:00,25.7905,24.1905,0.4,0.4,0.20000002,2.7534704,3.2349992,3.3876882,78.6901,77.4712,77.4712,10.799999,26.4405,28.198,27.348,0.402,0.403,0.403,0.391,26.348,99.0,951.7907,0.0
2026-06-30 16:00:00+07:00,26.4405,24.0905,0.3,0.3,0.15,3.244996,4.1405907,4.336023,56.3099,53.61555,53.61555,12.599999,27.5905,28.047998,27.397999,0.39,0.395,0.401,0.392,26.248,98.0,951.33496,0.0
2026-06-30 17:00:00+07:00,26.5405,24.240501,0.3,0.3,0.10000001,1.26,1.4467356,1.5150201,180.0,165.96373,165.96373,10.440001,27.3405,27.797998,27.448,0.382,0.387,0.396,0.394,26.147999,100.0,951.2578,0.0
2026-06-30 18:00:00+07:00,26.0405,24.4405,0.3,0.3,0.06,1.9881649,2.0535014,2.1504247,185.19434,160.0168,160.0168,7.5599995,26.5905,27.498,27.448,0.385,0.387,0.393,0.394,25.948,100.0,951.3604,0.0
2026-06-30 19:00:00+07:00,25.3405,24.890501,0.6,0.6,0.03,1.0182338,2.360337,2.4717426,44.999897,48.01287,48.01287,6.4799995,25.240501,27.198,27.498,0.378,0.38,0.388,0.394,25.848,100.0,951.9017,0.0
2026-06-30 20:00:00+07:00,25.140501,24.740501,0.6,0.3,0.01,2.4482648,3.3518233,3.5100262,143.97253,132.87889,132.87889,6.4799995,25.0405,26.848,27.448,0.38,0.379,0.385,0.394,25.547998,100.0,952.43463,0.3
2026-06-30 21:00:00+07:00,24.9405,24.4405,0.5,0.19999999,-0.0,2.3400002,4.3153143,4.518993,157.3801,153.43501,153.43501,7.2,24.740501,26.598,27.397999,0.375,0.378,0.384,0.394,25.547998,100.0,952.9679,0.3
2026-06-30 22:00:00+07:00,24.740501,24.1905,0.5,0.3,-0.0,2.7475805,4.874649,5.104728,148.39255,149.74365,149.74365,7.2,24.5405,26.397999,27.348,0.373,0.376,0.382,0.393,25.547998,99.0,953.69006,0.2
2026-06-30 23:00:00+07:00,24.1905,23.740501,1.6,0.70000005,-0.0,3.143565,6.826493,7.148697,113.62939,115.906456,115.906456,10.440001,24.0405,26.248,27.248,0.379,0.378,0.381,0.393,25.348,100.0,953.972,0.9
2026-07-01 00:00:00+07:00,24.1905,23.6905,1.6,0.8,0.01,1.609969,4.438382,4.64787,116.56499,108.43504,108.43504,8.64,24.0905,26.098,27.198,0.387,0.388,0.383,0.392,25.147999,99.0,953.59344,0.8
2026-07-01 01:00:00+07:00,25.0405,24.2905,0.7,0.59999996,0.01,1.781909,4.1107483,4.3047714,135.0001,140.19447,140.19447,7.5599995,24.7905,26.047998,27.098,0.42,0.419,0.407,0.395,24.948,100.0,952.98535,0.1
2026-07-01 02:00:00+07:00,24.640501,24.0905,0.9,0.19999999,0.01,1.0182338,2.360337,2.4717426,135.0001,131.98714,131.98714,6.8399997,24.490501,25.948,27.047998,0.405,0.408,0.411,0.397,24.848,100.0,952.726,0.7
2026-07-01 03:00:00+07:00,24.390501,22.640501,1.9,0.19999993,-0.0,0.8049845,2.112607,2.21232,153.43501,131.63345,131.63345,6.12,23.7905,25.897999,26.948,0.394,0.398,0.406,0.399,24.647999,100.0,952.4928,1.7
2026-07-01 04:00:00+07:00,24.240501,22.9405,1.7,0.70000005,-0.0,0.742159,2.6316369,2.7558477,104.03627,90.0,90.0,6.4799995,23.7905,25.797998,26.897999,0.398,0.398,0.402,0.401,24.547998,100.0,951.9934,1.0
2026-07-01 05:00:00+07:00,24.240501,23.1905,0.7,0.7,0.01,0.742159,1.0671749,1.1175445,255.96373,260.53775,260.53775,3.6,23.990501,25.698,26.797998,0.398,0.4,0.402,0.402,24.647999,100.0,951.9934,0.0
2026-07-01 06:00:00+07:00,24.1905,23.240501,0.5,0.19999999,0.01,1.26,2.8934712,3.0300403,90.0,75.96373,75.96373,5.04,24.0405,25.598,26.748,0.404,0.403,0.402,0.403,24.647999,100.0,952.7417,0.3
2026-07-01 07:00:00+07:00,24.6905,23.740501,1.6,0.0,0.01,2.0523157,2.8289247,2.9624472,164.74483,150.2552,150.2552,8.28,24.7905,25.647999,26.698,0.41,0.407,0.405,0.405,24.547998,100.0,953.20807,1.6
2026-07-01 08:00:00+07:00,25.240501,24.0905,0.3,0.20000002,0.03,2.3469126,2.8125565,2.9453068,184.39862,176.42374,176.42374,12.24,25.740501,25.848,26.647999,0.398,0.401,0.405,0.406,24.647999,100.0,953.77734,0.1
2026-07-01 09:00:00+07:00,26.2905,24.640501,0.3,0.10000001,0.06,2.0364676,2.112607,2.21232,224.9999,221.63345,221.63345,13.679999,28.4405,26.147999,26.598,0.396,0.395,0.402,0.407,24.748,99.0,953.86536,0.2
2026-07-01 10:00:00+07:00,27.2905,24.5905,0.2,0.0,0.12,2.968636,3.063971,3.2085874,255.96373,256.75946,256.75946,14.4,30.4405,26.547998,26.598,0.4,0.401,0.401,0.407,25.047998,98.0,953.94336,0.2
2026-07-01 11:00:00+07:00,28.1905,24.4405,0.2,0.1,0.21000002,6.130579,7.201694,7.541607,273.3664,272.79263,272.79263,20.16,31.140501,27.047998,26.598,0.388,0.394,0.4,0.407,25.448,99.0,953.5297,0.1
2026-07-01 12:00:00+07:00,28.4405,24.3405,0.3,0.10000001,0.20000002,1.6981165,2.1198792,2.219936,302.00534,294.44394,294.44394,20.16,31.140501,27.397999,26.698,0.413,0.406,0.399,0.407,25.647999,99.0,953.09906,0.2
2026-07-01 13:00:00+07:00,27.0905,24.5905,0.6,0.100000024,0.18,2.50064,2.982522,3.123294,239.74365,270.0,270.0,14.4,29.740501,27.748,26.748,0.392,0.392,0.4,0.409,26.448,95.0,953.34076,0.5
2026-07-01 14:00:00+07:00,27.2905,25.0405,1.1,1.1,0.28000003,1.1384199,1.1769038,1.2324526,161.56496,153.43501,153.43501,14.759999,29.4405,28.047998,26.848,0.408,0.408,0.406,0.41,26.547998,67.0,952.0495,0.0
2026-07-01 15:00:00+07:00,28.490501,25.5905,0.6,0.20000002,0.38,2.7416782,2.9409518,3.079762,246.80138,252.64589,252.64589,12.959999,31.4405,28.547998,26.948,0.39,0.398,0.406,0.41,27.147999,81.0,951.49725,0.4
2026-07-01 16:00:00+07:00,29.0905,25.8405,0.4,0.0,0.36,0.742159,0.7846026,0.8216351,255.96373,296.56497,296.56497,12.959999,31.6905,28.897999,27.098,0.378,0.385,0.398,0.41,27.748,94.0,950.7469,0.4
2026-07-01 17:00:00+07:00,25.5405,24.3405,6.5,0.0,0.21000002,7.8954163,11.058443,11.580391,133.1524,131.78442,131.78442,21.24,26.140501,28.848,27.198,0.383,0.383,0.392,0.409,27.848,98.0,950.9896,6.5
2026-07-01 18:00:00+07:00,25.140501,24.490501,1.3,1.3,0.10000001,1.2979984,2.8559966,2.9907968,123.690094,100.619606,100.619606,19.44,25.240501,28.598,27.297998,0.374,0.379,0.389,0.408,27.848,98.0,951.2987,0.0
2026-07-01 19:00:00+07:00,26.4405,25.5905,0.2,0.2,0.03,2.6758924,5.5479774,5.809837,47.72637,55.304783,55.304783,7.5599995,26.0405,28.348,27.448,0.371,0.376,0.388,0.407,28.348,81.0,951.80835,0.0
2026-07-01 20:00:00+07:00,25.8405,25.0905,0.0,0.0,0.01,3.2048087,5.711993,5.9815936,38.157276,47.489597,47.489597,9.72,25.140501,27.748,27.498,0.369,0.373,0.384,0.406,28.248,68.0,952.2724,0.0
2026-07-01 21:00:00+07:00,25.5405,24.7905,0.0,0.0,0.01,3.06,6.217696,6.511166,61.92762,73.61038,73.61038,10.799999,24.740501,27.297998,27.498,0.378,0.377,0.382,0.404,27.848,74.0,952.9776,0.0
2026-07-01 22:00:00+07:00,25.3405,24.7905,0.1,0.1,0.01,1.0948973,6.606521,6.9183426,99.46225,100.71308,100.71308,14.04,24.8405,26.998,27.448,0.377,0.379,0.382,0.403,27.448,82.0,953.9842,0.0
2026-07-01 23:00:00+07:00,24.6905,23.990501,1.1,0.0,0.01,2.3469126,6.5291944,6.837366,85.60138,96.17008,96.17008,12.24,24.490501,26.748,27.397999,0.37,0.374,0.382,0.402,27.448,95.0,954.6278,1.1
2026-07-02 00:00:00+07:00,24.240501,23.990501,2.6,0.89999986,-0.0,4.143911,7.233678,7.5751004,55.6196,75.96373,75.96373,15.4800005,24.240501,26.498,27.348,0.367,0.371,0.38,0.4,27.147999,94.0,954.45404,1.7
2026-07-02 01:00:00+07:00,25.0405,24.740501,3.4,0.3000002,-0.0,4.510787,7.9898586,8.366973,61.389645,70.76923,70.76923,13.32,24.9405,26.248,27.248,0.433,0.4,0.38,0.399,25.948,82.0,953.36395,3.1
2026-07-02 02:00:00+07:00,24.390501,24.0905,0.3,0.3,0.01,3.1072817,6.703647,7.020053,100.00792,96.00892,96.00892,12.959999,24.240501,26.098,27.198,0.469,0.468,0.439,0.401,24.248,85.0,953.06067,0.0
2026-07-02 03:00:00+07:00,23.8405,23.640501,2.0,0.0,0.01,2.8856194,3.3287866,3.485902,3.5762644,18.435053,18.435053,14.759999,23.890501,25.998,27.098,0.472,0.471,0.466,0.418,24.047998,98.0,953.248,2.0
2026-07-02 04:00:00+07:00,23.7905,23.5405,2.7,0.4000001,0.01,1.659518,2.1343498,2.235089,102.5288,80.53775,80.53775,12.959999,23.7905,25.848,26.998,0.407,0.414,0.434,0.432,24.047998,97.0,953.5231,2.3
2026-07-02 05:00:00+07:00,23.390501,23.1905,1.7,0.20000005,0.01,1.1525624,2.5302672,2.6496935,231.34016,213.6901,213.6901,12.24,23.4405,25.748,26.948,0.411,0.408,0.416,0.433,24.147999,100.0,953.73645,1.5
2026-07-02 06:00:00+07:00,23.3405,22.9405,3.5,0.0,0.01,1.3708391,2.7461088,2.8757226,113.19862,116.56499,116.56499,11.879999,23.4405,25.698,26.848,0.429,0.423,0.417,0.432,24.348,100.0,954.4846,3.5
2026-07-02 07:00:00+07:00,24.5905,23.890501,1.5,0.6,0.01,2.0523157,3.0689898,3.213843,52.124958,59.03632,59.03632,11.879999,24.8405,25.797998,26.797998,0.403,0.411,0.422,0.431,24.547998,89.0,954.421,0.9
2026-07-02 08:00:00+07:00,25.640501,24.1905,0.0,0.0,0.07000001,2.0523157,2.6081398,2.7312415,37.875053,42.27363,42.27363,14.04,26.5905,26.198,26.748,0.39,0.396,0.41,0.431,24.748,79.0,954.60443,0.0
2026-07-02 09:00:00+07:00,27.4405,24.640501,0.1,0.0,0.17,1.659518,2.493506,2.611197,12.528798,39.289394,39.289394,14.759999,30.640501,26.897999,26.748,0.396,0.394,0.402,0.428,25.448,96.0,954.72687,0.1
2026-07-02 10:00:00+07:00,28.6905,24.2905,0.1,0.0,0.28000003,0.9693296,1.5092131,1.5804466,158.19853,125.537766,125.537766,15.119999,31.8405,27.498,26.797998,0.39,0.393,0.4,0.425,26.248,100.0,954.7518,0.1
2026-07-02 11:00:00+07:00,29.5905,24.3405,0.2,0.1,0.29000002,0.0,0.35088494,0.36744636,270.0,90.0,90.0,14.759999,32.8905,28.098,26.848,0.411,0.405,0.401,0.422,27.047998,51.0,954.1471,0.1
2026-07-02 12:00:00+07:00,30.740501,24.6905,0.3,0.10000001,0.39000002,6.854195,8.318267,8.710881,119.93143,117.64589,117.64589,23.039999,34.7905,28.848,26.998,0.4,0.404,0.404,0.42,27.948,20.0,953.67834,0.2
2026-07-02 13:00:00+07:00,30.4405,23.640501,0.7,0.29999998,0.47000006,5.8104043,7.5358605,7.8915462,106.18928,102.09474,102.09474,26.64,33.2405,29.598,27.198,0.387,0.39,0.394,0.415,28.948,100.0,954.00696,0.4
2026-07-02 14:00:00+07:00,28.3405,25.4405,2.6,0.79999995,0.33,5.4744864,6.6806498,6.9959702,170.53775,166.32867,166.32867,20.519999,29.240501,29.897999,27.397999,0.38,0.384,0.391,0.412,29.147999,60.0,952.703,1.8
2026-07-02 15:00:00+07:00,29.390501,25.890501,1.3,0.29999995,0.32,5.1197267,6.170489,6.46173,169.8754,165.17348,165.17348,20.519999,33.0905,30.098,27.547998,0.374,0.379,0.388,0.41,29.448,69.0,952.88184,1.0
2026-07-02 16:00:00+07:00,27.140501,25.2905,6.9,0.8000002,0.32,2.3469126,2.481131,2.598238,274.39862,261.87,261.87,23.039999,27.5905,30.098,27.698,0.372,0.376,0.385,0.408,29.547998,87.0,952.59204,6.1
2026-07-02 17:00:00+07:00,27.640501,25.0905,0.3,0.3,0.29000002,3.381893,4.438382,4.64787,64.79892,71.564964,71.564964,13.679999,28.3405,30.147999,27.848,0.367,0.373,0.383,0.406,29.848,75.0,951.9204,0.0
2026-07-02 18:00:00+07:00,27.240501,25.0405,0.3,0.3,0.17,0.742159,1.4886787,1.5589429,345.9637,44.999897,44.999897,12.24,27.490501,29.647999,27.998,0.368,0.373,0.381,0.404,29.248,83.0,952.3252,0.0
2026-07-02 19:00:00+07:00,27.390501,26.0905,0.0,0.0,0.06,2.1749482,5.051403,5.289824,114.44395,110.32322,110.32322,6.4799995,26.8405,29.198,28.098,0.364,0.369,0.38,0.403,29.647999,84.0,952.72955,0.0
2026-07-02 20:00:00+07:00,26.5905,25.490501,0.0,0.0,0.03,2.7416782,6.3862023,6.6876245,66.801384,69.075424,69.075424,11.5199995,25.8405,28.448,28.098,0.363,0.367,0.378,0.402,29.348,83.0,953.25446,0.0
2026-07-02 21:00:00+07:00,26.0905,25.0905,0.0,0.0,0.02,2.3469126,5.0908556,5.331139,94.39862,88.025116,88.025116,10.799999,25.390501,27.897999,28.098,0.362,0.366,0.376,0.4,29.047998,95.0,954.11456,0.0
2026-07-02 22:00:00+07:00,25.5905,24.9405,0.0,0.0,0.02,3.5864744,6.6413727,6.954839,72.47434,77.79955,77.79955,12.24,25.140501,27.498,28.047998,0.361,0.365,0.374,0.398,28.848,96.0,954.9743,0.0
2026-07-02 23:00:00+07:00,25.0405,24.5905,0.0,0.0,0.01,3.2599385,7.19528,7.5348907,83.659904,88.60285,88.60285,13.32,24.6905,27.147999,27.998,0.36,0.364,0.373,0.397,28.647999,88.0,955.06775,0.0
2026-07-03 00:00:00+07:00,24.140501,24.0905,0.3,0.10000001,0.01,3.7064266,3.7216966,3.897357,299.0545,278.13,278.13,13.679999,24.390501,26.797998,27.897999,0.359,0.363,0.372,0.395,28.448,100.0,955.1936,0.2
2026-07-03 01:00:00+07:00,24.8405,24.6905,0.4,0.3,0.01,3.6179552,6.3378205,6.63696,84.2895,85.23644,85.23644,13.32,24.6905,26.748,27.797998,0.358,0.362,0.371,0.394,28.547998,84.0,954.46484,0.1
2026-07-03 02:00:00+07:00,24.5405,24.240501,0.0,0.0,0.02,0.56920993,2.1053095,2.2046783,18.435053,90.0,90.0,14.04,24.0905,26.448,27.698,0.357,0.361,0.37,0.392,28.248,97.0,953.84436,0.0
2026-07-03 03:00:00+07:00,24.3405,24.0405,0.4,0.0,0.02,1.3708391,2.045993,2.142562,23.198618,30.963696,30.963696,14.04,24.0905,26.147999,27.598,0.356,0.36,0.369,0.391,27.848,100.0,953.9036,0.4
2026-07-03 04:00:00+07:00,24.1905,23.890501,0.0,0.0,0.02,1.0948973,2.2874897,2.395457,9.462248,4.398633,4.398633,14.04,23.8405,25.897999,27.448,0.355,0.359,0.368,0.39,27.547998,99.0,953.8774,0.0
2026-07-03 05:00:00+07:00,23.990501,23.7905,0.0,0.0,0.02,0.40249225,1.6551208,1.7332411,26.564985,57.99466,57.99466,13.679999,23.740501,25.698,27.348,0.354,0.358,0.367,0.389,27.448,99.0,953.8424,0.0
2026-07-03 06:00:00+07:00,23.9405,23.890501,0.0,0.0,0.02,2.19718,3.1038938,3.2503948,325.0079,312.70938,312.70938,7.92,24.0405,25.547998,27.198,0.354,0.357,0.366,0.388,27.348,89.0,954.3066,0.0
2026-07-03 07:00:00+07:00,25.6905,24.640501,0.0,0.0,0.050000004,2.52,3.4558156,3.6189268,360.0,23.962492,23.962492,11.879999,25.990501,25.647999,27.098,0.347,0.351,0.359,0.386,27.348,68.0,954.3291,0.0
2026-07-03 08:00:00+07:00,26.990501,24.490501,0.1,0.0,0.10000001,2.6208394,3.3518236,3.5100265,344.05453,353.9911,353.9911,10.799999,28.4405,26.448,27.047998,0.346,0.35,0.359,0.385,27.448,91.0,954.55457,0.1
2026-07-03 09:00:00+07:00,28.640501,23.490501,0.1,0.1,0.28000003,3.8773184,4.99318,5.2288537,68.19853,71.564964,71.564964,13.679999,31.3405,27.698,27.047998,0.342,0.348,0.358,0.383,27.948,93.0,954.64856,0.0
2026-07-03 10:00:00+07:00,30.0905,22.7905,0.0,0.0,0.44,3.644722,5.233952,5.4809895,110.22495,103.57046,103.57046,14.4,33.8405,28.897999,27.147999,0.338,0.345,0.356,0.382,28.647999,84.0,954.61096,0.0
2026-07-03 11:00:00+07:00,31.2905,22.5405,0.1,0.1,0.48,4.080882,5.4641237,5.722026,138.57643,132.39738,132.39738,15.84,35.190502,29.948,27.297998,0.333,0.341,0.354,0.38,29.348,55.0,954.2445,0.0
2026-07-03 12:00:00+07:00,31.9405,22.490501,0.2,0.2,0.58000004,3.8268526,5.1240015,5.365849,131.18582,128.04709,128.04709,16.199999,35.3905,31.098,27.498,0.328,0.337,0.352,0.378,30.248,27.0,953.4059,0.0
2026-07-03 13:00:00+07:00,32.5405,21.7905,0.1,0.1,0.59,0.54,0.8772123,0.9186159,180.0,143.13002,143.13002,15.4800005,36.4905,31.897999,27.797998,0.323,0.334,0.35,0.377,31.147999,17.0,953.50574,0.0
2026-07-03 14:00:00+07:00,32.7405,22.6905,0.0,0.0,0.59,3.4247334,4.2686996,4.470178,86.98728,80.53775,80.53775,13.32,36.0405,32.548,28.098,0.319,0.33,0.347,0.375,31.647999,7.0,951.26404,0.0
2026-07-03 15:00:00+07:00,32.4405,22.890501,0.0,0.0,0.52,3.9477081,4.631814,4.850431,133.1524,127.30403,127.30403,13.679999,35.1405,32.798,28.397999,0.317,0.327,0.345,0.373,31.848,5.0,951.4988,0.0
2026-07-03 16:00:00+07:00,31.9405,23.240501,0.0,0.0,0.46,2.4482646,2.9979622,3.1394632,72.89719,69.44387,69.44387,14.4,34.190502,32.748,28.647999,0.314,0.324,0.343,0.372,32.048,50.0,951.13135,0.0
2026-07-03 17:00:00+07:00,30.5405,23.390501,0.3,0.0,0.29000002,1.2727921,1.9615062,2.0540876,224.9999,243.43501,243.43501,10.08,31.7905,32.498,28.897999,0.314,0.323,0.342,0.371,32.048,70.0,950.9916,0.3
2026-07-03 18:00:00+07:00,28.8405,25.490501,1.1,0.70000005,0.18,2.8174455,3.616839,3.7875502,116.56499,112.833694,112.833694,8.64,29.640501,31.797998,29.098,0.316,0.323,0.34,0.37,31.748,57.0,951.4622,0.4
2026-07-03 19:00:00+07:00,28.990501,26.5905,0.2,0.2,0.07000001,1.2979984,2.307585,2.416501,56.309914,81.25392,81.25392,9.0,27.890501,30.998,29.248,0.318,0.323,0.34,0.369,31.848,74.0,950.63525,0.0
2026-07-03 20:00:00+07:00,28.0905,26.240501,0.0,0.0,0.04,0.6489992,1.8316731,1.9181263,123.690094,163.30067,163.30067,5.7599998,26.240501,29.948,29.248,0.32,0.324,0.339,0.368,31.047998,69.0,951.5237,0.0
2026-07-03 21:00:00+07:00,27.240501,26.0905,0.1,0.1,0.03,2.5772078,4.2830963,4.485255,102.09474,124.992096,124.992096,7.5599995,26.0405,29.147999,29.248,0.322,0.326,0.338,0.368,30.248,68.0,952.23047,0.0
2026-07-03 22:00:00+07:00,26.7905,25.7905,0.5,0.5,0.02,2.5455842,4.99318,5.2288537,81.86999,71.564964,71.564964,9.36,25.990501,28.598,29.147999,0.324,0.327,0.338,0.367,29.948,63.0,952.6264,0.0
2026-07-03 23:00:00+07:00,26.3405,25.5905,0.1,0.1,0.01,2.7059932,6.3862023,6.6876245,176.186,195.94547,195.94547,8.28,25.740501,28.098,29.047998,0.329,0.329,0.338,0.366,29.047998,54.0,952.9273,0.0
2026-07-04 00:00:00+07:00,25.6905,24.990501,0.1,0.0,0.01,2.5264204,4.7499247,4.974117,94.08554,94.23632,94.23632,8.64,25.2905,27.797998,28.948,0.34,0.334,0.338,0.366,27.547998,88.0,953.09845,0.1
2026-07-04 01:00:00+07:00,26.390501,25.240501,1.0,0.39999998,0.01,2.9024127,5.7549405,6.026568,60.255207,52.431335,52.431335,11.159999,25.7905,27.598,28.797998,0.328,0.33,0.338,0.365,28.248,98.0,952.1787,0.6
2026-07-04 02:00:00+07:00,25.5905,24.6905,0.1,0.1,0.01,1.2074767,1.8977004,1.9872701,153.43501,123.6901,123.6901,6.8399997,24.9405,27.397999,28.647999,0.332,0.331,0.338,0.365,27.448,95.0,951.3771,0.0
2026-07-04 03:00:00+07:00,25.390501,24.5905,0.0,0.0,0.01,0.71999997,3.0184262,3.1608932,180.0,234.46223,234.46223,5.3999996,24.8405,27.147999,28.547998,0.353,0.338,0.339,0.364,26.748,98.0,950.96375,0.0
2026-07-04 04:00:00+07:00,24.8405,24.390501,0.0,0.0,0.01,0.35999998,2.9876776,3.128693,360.0,266.6336,266.6336,2.52,24.0405,26.948,28.397999,0.379,0.362,0.342,0.364,26.147999,99.0,951.15204,0.0
2026-07-04 05:00:00+07:00,23.990501,23.2905,1.0,0.8,0.01,4.5,7.011116,7.3420343,53.13002,58.29862,58.29862,9.72,23.640501,26.647999,28.248,0.386,0.38,0.351,0.363,25.848,96.0,951.7604,0.2
2026-07-04 06:00:00+07:00,24.2905,23.5905,0.3,0.3,0.01,1.4512063,1.5886991,1.6636841,82.875084,96.340096,96.340096,9.72,24.140501,26.348,28.098,0.378,0.378,0.36,0.363,25.448,90.0,952.286,0.0
2026-07-04 07:00:00+07:00,25.2905,23.9405,1.1,0.8,0.03,1.6199999,1.7631749,1.8463951,90.0,84.2895,84.2895,6.8399997,25.890501,26.397999,27.948,0.365,0.368,0.362,0.365,25.147999,70.0,953.02875,0.3
2026-07-04 08:00:00+07:00,26.0405,24.0405,0.3,0.3,0.15,1.484318,1.8316731,1.9181263,165.96373,163.30067,163.30067,9.36,27.2905,27.248,27.848,0.356,0.36,0.362,0.365,25.547998,30.0,953.1591,0.0
2026-07-04 09:00:00+07:00,27.6905,23.9405,0.0,0.0,0.29000002,2.0991426,2.493506,2.611197,149.03632,140.71062,140.71062,11.5199995,31.0905,28.198,27.797998,0.351,0.355,0.361,0.365,26.448,14.0,953.15985,0.0
2026-07-04 10:00:00+07:00,29.0405,24.240501,0.0,0.0,0.37000003,4.080882,4.720674,4.9434853,221.42357,221.98714,221.98714,15.4800005,33.7905,29.098,27.848,0.345,0.351,0.359,0.364,27.348,15.0,953.01184,0.0
2026-07-04 11:00:00+07:00,29.990501,24.490501,0.1,0.0,0.48,3.494968,3.8477535,4.029364,214.50858,223.1524,223.1524,16.199999,35.190502,30.098,27.998,0.345,0.348,0.357,0.364,27.948,18.0,952.60455,0.1
2026-07-04 12:00:00+07:00,30.8405,24.1905,0.1,0.0,0.46,3.143565,3.616839,3.7875502,193.24052,202.8337,202.8337,15.84,35.3405,30.797998,28.147999,0.369,0.354,0.355,0.363,27.948,77.0,951.42114,0.1
2026-07-04 13:00:00+07:00,31.5905,23.890501,0.1,0.1,0.38,3.604497,4.4418483,4.6514993,272.86234,279.09018,279.09018,16.56,35.2405,31.647999,28.397999,0.364,0.356,0.353,0.362,28.647999,94.0,951.45197,0.0
2026-07-04 14:00:00+07:00,30.7905,23.2905,0.2,0.1,0.43,6.9480934,8.46862,8.868331,253.44284,256.82745,256.82745,21.24,33.8905,31.897999,28.598,0.351,0.355,0.354,0.362,29.147999,93.0,949.6124,0.1
2026-07-04 15:00:00+07:00,30.490501,24.390501,0.8,0.5,0.40000004,4.6452556,5.988219,6.2708573,234.46223,238.17259,238.17259,21.24,33.3905,32.148,28.848,0.345,0.349,0.354,0.361,29.748,91.0,950.22546,0.3
2026-07-04 16:00:00+07:00,29.7905,24.5905,0.1,0.1,0.36,10.055864,13.320924,13.949659,225.72514,229.80801,229.80801,27.72,31.890501,32.198,29.047998,0.34,0.345,0.352,0.361,30.047998,97.0,949.5392,0.0
2026-07-04 17:00:00+07:00,29.1905,24.5905,0.1,0.1,0.26,7.289444,9.744561,10.204495,200.22495,203.33406,203.33406,25.56,30.2905,31.748,29.198,0.388,0.373,0.354,0.361,29.147999,91.0,949.1534,0.0
2026-07-04 18:00:00+07:00,28.5905,24.8405,0.0,0.0,0.12,4.2366967,6.2620916,6.5576563,192.26476,191.30989,191.30989,19.08,28.5905,30.998,29.297998,0.386,0.386,0.363,0.361,28.948,89.0,949.7149,0.0
2026-07-04 19:00:00+07:00,27.4405,26.0405,0.0,0.0,0.06,0.56920993,5.1599183,5.4034615,251.56496,215.3113,215.3113,11.159999,27.140501,30.047998,29.297998,0.393,0.384,0.361,0.36,28.448,88.0,950.65497,0.0
2026-07-04 20:00:00+07:00,26.890501,25.8405,0.1,0.1,0.03,1.9134263,5.831978,6.1072416,228.81418,223.7812,223.7812,9.0,26.140501,29.297998,29.297998,0.406,0.396,0.369,0.361,27.848,92.0,950.9393,0.0
2026-07-04 21:00:00+07:00,26.6905,25.5405,0.2,0.2,0.02,0.40249225,3.7954009,3.9745402,206.56499,213.6901,213.6901,9.72,25.740501,28.647999,29.198,0.392,0.397,0.383,0.362,27.448,99.0,951.3783,0.0
2026-07-04 22:00:00+07:00,26.3405,25.140501,0.0,0.0,0.01,0.8049845,3.8954554,4.079317,153.43501,172.23492,172.23492,7.92,25.2905,28.198,29.098,0.377,0.381,0.384,0.364,27.448,98.0,951.9805,0.0
2026-07-04 23:00:00+07:00,25.9405,25.140501,0.0,0.0,0.01,1.1384199,4.4418483,4.6514993,161.56496,189.0902,189.0902,9.72,25.3405,27.897999,28.998,0.371,0.375,0.381,0.365,27.248,100.0,952.1006,0.0
2026-07-05 00:00:00+07:00,24.740501,23.7905,1.5,0.20000005,0.01,3.4949677,10.165071,10.644853,191.88864,201.25058,201.25058,14.4,24.640501,27.598,28.848,0.367,0.371,0.378,0.366,27.047998,100.0,952.17566,1.3
2026-07-05 01:00:00+07:00,24.1905,23.640501,3.8,0.099999905,0.02,4.2481523,6.8512473,7.1746197,126.384445,140.19447,140.19447,19.8,24.0405,27.397999,28.698,0.392,0.388,0.382,0.368,26.547998,100.0,952.8363,3.7
2026-07-05 02:00:00+07:00,23.8405,23.4405,2.9,1.0000001,0.01,3.01735,2.7235994,2.852151,72.64589,104.93147,104.93147,18.0,23.8405,27.198,28.598,0.388,0.392,0.386,0.369,26.248,98.0,952.20703,1.9
2026-07-05 03:00:00+07:00,23.390501,23.0405,3.1,0.5,0.01,1.6299692,2.6081398,2.7312415,96.340096,132.27362,132.27362,14.759999,23.390501,26.998,28.448,0.376,0.38,0.385,0.371,26.248,100.0,952.317,2.6
2026-07-05 04:00:00+07:00,23.390501,23.0905,2.5,1.1,0.01,1.26,4.2397585,4.439872,180.0,204.44394,204.44394,12.959999,23.4405,26.848,28.297998,0.37,0.375,0.382,0.372,26.147999,100.0,952.6955,1.4
2026-07-05 05:00:00+07:00,23.4405,23.140501,0.5,0.5,0.01,1.2074767,4.000704,4.189533,243.43501,217.87505,217.87505,11.159999,23.4405,26.698,28.147999,0.367,0.371,0.379,0.373,25.948,100.0,952.8935,0.0
2026-07-05 06:00:00+07:00,23.4405,22.990501,0.4,0.4,0.01,2.1068459,4.3331094,4.537628,199.9832,201.37068,201.37068,11.5199995,23.490501,26.547998,28.047998,0.364,0.368,0.376,0.373,25.848,100.0,952.9881,0.0
2026-07-05 07:00:00+07:00,24.0905,23.5905,0.3,0.3,0.02,3.671294,5.3818245,5.6358414,191.30989,199.0257,199.0257,15.84,24.2905,26.448,27.897999,0.358,0.362,0.369,0.366,25.748,99.0,953.10266,0.0
2026-07-05 08:00:00+07:00,24.6905,24.0905,0.5,0.099999994,0.06,4.6452556,7.1243467,7.4606094,215.53777,217.99878,217.99878,18.359999,25.3405,26.748,27.797998,0.357,0.36,0.367,0.366,25.748,100.0,953.3974,0.4
2026-07-05 09:00:00+07:00,25.1905,24.640501,0.4,0.2,0.12,4.293669,6.0010552,6.2843,213.02386,217.87505,217.87505,19.08,26.3405,27.147999,27.698,0.356,0.359,0.366,0.367,25.948,100.0,953.4846,0.2
2026-07-05 10:00:00+07:00,26.140501,24.5405,0.3,0.10000001,0.22,8.53815,11.263898,11.795544,214.69522,217.40543,217.40543,26.64,28.4405,27.748,27.698,0.362,0.359,0.364,0.367,26.248,84.0,953.27136,0.2
2026-07-05 11:00:00+07:00,27.6905,24.490501,0.2,0.1,0.29000002,11.500296,15.590707,16.326574,230.07967,230.93742,230.93742,34.92,30.890501,28.198,27.698,0.369,0.364,0.363,0.366,26.248,100.0,952.8758,0.1
2026-07-05 12:00:00+07:00,28.140501,24.240501,0.2,0.1,0.27,10.261579,13.40385,14.036499,232.12495,232.98003,232.98003,36.0,29.990501,28.448,27.748,0.367,0.368,0.364,0.366,26.448,99.0,952.1954,0.1
2026-07-05 13:00:00+07:00,27.7905,23.6905,0.4,0.0,0.34,9.085988,12.252116,12.830403,236.3099,240.8658,240.8658,34.92,28.7905,29.047998,27.797998,0.363,0.366,0.367,0.366,27.147999,95.0,952.1354,0.4
2026-07-05 14:00:00+07:00,26.490501,24.1905,2.3,0.6999999,0.33,5.5567255,7.4640408,7.816336,204.90474,203.55228,203.55228,29.519999,27.0405,29.448,27.897999,0.361,0.363,0.366,0.366,27.448,98.0,951.05963,1.6
2026-07-05 15:00:00+07:00,27.2905,24.7905,0.8,0.6,0.31,7.3469996,9.4478655,9.893796,210.96368,211.32863,211.32863,24.119999,29.0405,29.498,27.998,0.399,0.387,0.368,0.366,27.348,95.0,951.29193,0.2
2026-07-05 16:00:00+07:00,26.740501,24.8405,0.9,0.39999998,0.20000002,8.805294,11.543261,12.088092,229.14471,226.8476,226.8476,27.0,28.140501,29.147999,28.098,0.395,0.393,0.377,0.367,27.248,98.0,950.6292,0.5
2026-07-05 17:00:00+07:00,25.2905,24.4405,1.1,0.6,0.13,6.248359,10.220935,10.703354,228.50363,230.57222,230.57222,27.0,25.490501,28.647999,28.147999,0.416,0.414,0.391,0.368,26.748,98.0,951.04095,0.5
2026-07-05 18:00:00+07:00,25.1905,24.4405,1.5,1.4,0.07000001,3.2846913,8.435845,8.834009,189.46225,196.9276,196.9276,22.319998,24.990501,28.098,28.147999,0.386,0.392,0.396,0.37,26.848,98.0,951.40216,0.1
2026-07-05 19:00:00+07:00,25.2905,24.4405,1.0,1.0,0.03,2.4482648,6.7151155,7.0320625,143.97253,199.8553,199.8553,16.919998,25.3405,27.547998,28.047998,0.397,0.396,0.398,0.375,26.348,100.0,951.41956,0.0
2026-07-05 20:00:00+07:00,25.390501,24.490501,0.2,0.2,0.03,1.0948973,6.5691423,6.8792,170.53775,214.11452,214.11452,13.32,25.1905,27.198,27.998,0.382,0.386,0.393,0.377,25.848,100.0,952.00507,0.0
2026-07-05 21:00:00+07:00,25.390501,24.4405,0.2,0.2,0.02,2.19718,8.035954,8.415244,214.9921,216.11943,216.11943,13.32,24.9405,26.897999,27.897999,0.395,0.392,0.391,0.378,25.248,94.0,952.66766,0.0
2026-07-05 22:00:00+07:00,24.9405,24.1905,0.2,0.2,0.02,3.745557,12.248347,12.826457,215.21768,218.019,218.019,17.64,24.490501,26.647999,27.797998,0.397,0.397,0.393,0.38,25.147999,98.0,952.9679,0.0
2026-07-05 23:00:00+07:00,24.740501,23.9405,1.1,0.20000005,0.02,3.572898,11.233799,11.764024,220.91429,218.65984,218.65984,20.16,24.390501,26.448,27.698,0.392,0.394,0.394,0.381,25.448,99.0,953.2168,0.9
2026-07-06 00:00:00+07:00,24.2905,23.640501,3.7,0.20000005,0.02,3.9312592,10.952163,11.469094,254.05453,234.78232,234.78232,21.24,24.0905,26.248,27.598,0.391,0.394,0.395,0.383,25.448,100.0,953.2324,3.5
2026-07-06 01:00:00+07:00,24.3405,23.640501,3.1,1.3,0.02,5.441838,12.826511,13.4319105,214.21576,220.0062,220.0062,21.599998,24.0905,26.098,27.498,0.398,0.398,0.397,0.384,24.948,100.0,952.484,1.8
2026-07-06 02:00:00+07:00,24.0405,23.490501,2.3,1.0999999,0.02,4.5,12.049462,12.618185,216.86998,222.04915,222.04915,24.119999,23.890501,25.948,27.397999,0.397,0.398,0.398,0.386,24.647999,100.0,952.1476,1.2
2026-07-06 03:00:00+07:00,24.0405,23.5905,1.3,1.3,0.02,3.3092597,9.932275,10.401069,202.38017,215.65541,215.65541,20.519999,23.890501,25.797998,27.248,0.396,0.398,0.399,0.388,24.647999,100.0,951.57983,0.0
2026-07-06 04:00:00+07:00,23.990501,23.5905,0.8,0.6,0.02,4.060985,10.124109,10.601957,192.80426,207.89719,207.89719,21.96,23.890501,25.698,27.147999,0.389,0.392,0.397,0.389,24.647999,100.0,951.38184,0.2
2026-07-06 05:00:00+07:00,23.8405,23.140501,0.3,0.0,0.02,5.00128,12.808501,13.413051,210.25635,216.08516,216.08516,22.68,23.490501,25.598,27.047998,0.386,0.389,0.394,0.39,24.647999,100.0,951.3553,0.3
2026-07-06 06:00:00+07:00,23.890501,23.1905,0.1,0.0,0.02,4.846648,11.493825,12.036322,201.80147,211.26367,211.26367,23.759998,23.640501,25.547998,26.948,0.381,0.385,0.392,0.391,24.848,100.0,951.83716,0.1
2026-07-06 07:00:00+07:00,24.1905,23.490501,0.3,0.10000001,0.03,6.6185193,12.186623,12.76182,202.38017,210.25635,210.25635,25.919998,24.1905,25.498,26.848,0.379,0.383,0.389,0.391,24.948,99.0,952.45776,0.2
2026-07-06 08:00:00+07:00,24.740501,23.7905,1.1,0.5,0.050000004,7.9932966,12.987483,13.60048,215.83774,218.41809,218.41809,26.64,24.890501,25.598,26.748,0.403,0.397,0.39,0.391,25.047998,98.0,952.55426,0.6
2026-07-06 09:00:00+07:00,24.990501,23.740501,0.4,0.2,0.08,7.491114,11.755955,12.310825,215.21768,217.72505,217.72505,26.28,25.4405,25.698,26.698,0.407,0.406,0.397,0.392,25.147999,98.0,952.4087,0.2
2026-07-06 10:00:00+07:00,25.890501,24.1905,0.5,0.19999999,0.14000002,9.139322,12.554867,13.147444,212.12497,213.02388,213.02388,27.72,27.240501,26.047998,26.647999,0.387,0.393,0.399,0.393,25.448,96.0,952.5652,0.3
2026-07-06 11:00:00+07:00,27.140501,24.1905,0.5,0.19999999,0.24,9.648067,13.097223,13.715401,216.6562,219.0194,219.0194,29.519999,29.640501,26.547998,26.647999,0.398,0.4,0.397,0.394,25.647999,91.0,952.308,0.3
2026-07-06 12:00:00+07:00,27.5405,24.9405,0.6,0.20000002,0.22,8.244708,10.714925,11.220659,216.11943,219.68541,219.68541,28.8,30.490501,26.698,26.647999,0.381,0.386,0.395,0.395,26.047998,100.0,951.7138,0.4
2026-07-06 13:00:00+07:00,27.5405,24.4405,1.0,0.3,0.25,10.185519,13.159354,13.780463,226.43204,227.16109,227.16109,33.48,31.5405,27.147999,26.748,0.401,0.407,0.399,0.395,25.748,100.0,951.9032,0.7
2026-07-06 14:00:00+07:00,27.490501,25.740501,2.5,0.5,0.24,6.8423676,8.793151,9.208179,243.43501,241.38963,241.38963,31.68,28.7905,27.248,26.797998,0.413,0.406,0.399,0.396,25.948,100.0,950.66345,2.0
2026-07-06 15:00:00+07:00,26.8405,24.3405,0.9,0.19999999,0.20000002,9.567131,12.248347,12.826457,228.81418,231.981,231.981,32.760002,29.2905,27.448,26.848,0.426,0.422,0.409,0.397,25.848,100.0,949.9836,0.7
2026-07-06 16:00:00+07:00,25.640501,24.390501,1.7,0.30000007,0.18,1.9469976,2.360337,2.4717426,123.6901,138.01286,138.01286,31.319998,26.390501,27.547998,26.897999,0.408,0.416,0.417,0.4,25.948,98.0,949.87115,1.4
2026-07-06 17:00:00+07:00,26.390501,24.5405,0.1,0.1,0.14000002,3.8521678,5.0999165,5.340627,142.59457,139.18501,139.18501,14.4,27.0405,27.448,26.948,0.396,0.4,0.41,0.402,25.948,95.0,950.0011,0.0
2026-07-06 18:00:00+07:00,25.740501,24.3405,0.6,0.20000002,0.08,5.2694216,8.666219,9.075256,187.85323,201.37068,201.37068,26.28,25.740501,27.248,26.998,0.384,0.39,0.402,0.404,26.248,96.0,950.92993,0.4
2026-07-06 19:00:00+07:00,25.5405,23.990501,0.1,0.1,0.03,4.060985,11.326574,11.861177,192.80426,196.18927,196.18927,16.56,24.8405,26.897999,27.047998,0.379,0.383,0.394,0.4,26.448,66.0,950.7056,0.0
2026-07-06 20:00:00+07:00,25.0905,23.6905,0.0,0.0,0.01,2.6208394,9.362778,9.804691,164.05453,192.99461,192.99461,16.199999,24.0905,26.498,26.998,0.375,0.379,0.389,0.399,26.448,53.0,951.1007,0.0
2026-07-06 21:00:00+07:00,24.990501,23.390501,0.0,0.0,0.01,3.319036,9.938472,10.4075575,192.5288,200.6745,200.6745,15.119999,23.8405,26.198,26.948,0.372,0.376,0.386,0.399,26.448,51.0,951.74615,0.0
2026-07-06 22:00:00+07:00,24.9405,22.9405,0.0,0.0,0.01,1.8532133,8.963033,9.38608,240.94548,220.23628,220.23628,16.199999,23.5905,25.998,26.897999,0.37,0.374,0.383,0.398,26.348,74.0,952.3053,0.0
2026-07-06 23:00:00+07:00,24.990501,22.890501,0.3,0.0,0.01,2.8116899,9.687539,10.144781,219.80553,215.41714,215.41714,17.64,23.890501,25.797998,26.848,0.37,0.372,0.381,0.397,26.248,59.0,952.598,0.3
2026-07-07 00:00:00+07:00,24.490501,22.490501,0.6,0.0,0.01,1.3708391,8.450428,8.84928,246.80138,221.63345,221.63345,18.72,23.5405,25.647999,26.748,0.37,0.373,0.379,0.396,26.047998,98.0,952.69977,0.6
2026-07-07 01:00:00+07:00,24.5905,23.240501,0.7,0.5,0.01,3.4763772,9.514419,9.9634905,158.74942,185.29,185.29,16.199999,23.8405,25.547998,26.698,0.367,0.37,0.377,0.395,26.047998,49.0,952.1495,0.2
2026-07-07 02:00:00+07:00,24.1905,22.990501,0.1,0.1,0.01,2.1674871,7.401926,7.7512894,221.63345,211.42952,211.42952,16.56,23.1905,25.448,26.647999,0.365,0.368,0.376,0.394,25.848,52.0,951.4167,0.0
2026-07-07 03:00:00+07:00,24.0405,22.9405,0.0,0.0,0.01,2.0523157,7.4040046,7.753466,164.74483,193.70699,193.70699,13.679999,23.0905,25.348,26.547998,0.363,0.367,0.375,0.393,25.748,55.0,951.012,0.0
2026-07-07 04:00:00+07:00,23.990501,22.890501,0.0,0.0,0.01,1.4512063,7.10921,7.444758,172.87508,195.75124,195.75124,13.679999,23.140501,25.297998,26.498,0.362,0.365,0.373,0.392,25.547998,70.0,951.28723,0.0
2026-07-07 05:00:00+07:00,23.740501,22.8405,0.0,0.0,0.01,2.52,8.439493,8.83783,180.0,200.69553,200.69553,14.04,23.0405,25.198,26.397999,0.361,0.364,0.372,0.391,25.448,50.0,951.14856,0.0
2026-07-07 06:00:00+07:00,23.8405,22.990501,0.0,0.0,0.01,2.1674871,7.7869573,8.154494,175.23645,202.52061,202.52061,14.04,23.5405,25.098,26.348,0.36,0.363,0.371,0.39,25.348,63.0,952.01776,0.0
2026-07-07 07:00:00+07:00,24.9405,23.990501,0.0,0.0,0.02,4.278551,7.2123713,7.552788,194.62091,198.43504,198.43504,17.28,25.240501,25.498,26.297998,0.356,0.359,0.367,0.389,25.948,27.0,952.4,0.0
2026-07-07 08:00:00+07:00,25.740501,24.0905,0.1,0.0,0.06,5.22,7.320388,7.6659036,223.60289,224.02907,224.02907,18.359999,27.0905,26.047998,26.248,0.355,0.358,0.366,0.388,25.948,34.0,952.4446,0.1
2026-07-07 09:00:00+07:00,27.2905,24.740501,0.1,0.0,0.18,7.674842,10.422228,10.914146,230.7106,233.90163,233.90163,24.84,29.990501,26.647999,26.297998,0.372,0.373,0.367,0.387,26.147999,44.0,952.6177,0.1
2026-07-07 10:00:00+07:00,28.990501,24.6905,0.1,0.0,0.28000003,10.589448,14.211923,14.882711,238.20113,241.22029,241.22029,34.56,32.0405,27.198,26.397999,0.361,0.365,0.368,0.385,26.547998,100.0,952.5297,0.1
2026-07-07 11:00:00+07:00,30.140501,24.390501,0.3,0.10000001,0.41,12.134992,15.979717,16.733946,249.14546,250.76923,250.76923,35.64,32.8405,27.948,26.498,0.356,0.361,0.367,0.384,27.248,100.0,951.8719,0.2
2026-07-07 12:00:00+07:00,26.2905,24.5905,2.1,0.099999905,0.46,11.709688,16.15786,16.920496,224.9999,228.52155,228.52155,34.56,26.990501,28.547998,26.647999,0.365,0.365,0.366,0.383,27.547998,97.0,951.2144,2.0
2026-07-07 13:00:00+07:00,30.390501,24.0405,3.4,0.9000001,0.35000002,10.837435,13.763011,14.412612,258.50348,258.9766,258.9766,28.44,32.8905,29.397999,26.897999,0.365,0.366,0.368,0.382,27.948,84.0,951.6298,2.5
2026-07-07 14:00:00+07:00,28.0905,24.390501,1.7,0.100000024,0.36,9.109138,11.703472,12.255865,217.77574,220.13542,220.13542,30.239998,31.7905,29.598,27.098,0.394,0.377,0.37,0.381,27.848,93.0,950.6713,1.6
2026-07-07 15:00:00+07:00,26.9405,25.140501,1.7,0.8000001,0.28000003,5.771239,7.846025,8.216351,266.42374,259.69522,259.69522,29.16,28.2905,29.297998,27.248,0.405,0.402,0.38,0.381,27.448,94.0,950.3798,0.9
2026-07-07 16:00:00+07:00,26.640501,25.140501,0.8,0.4,0.22,1.3708391,1.8977004,1.9872701,203.19862,213.6901,213.6901,20.16,28.390501,28.948,27.397999,0.387,0.392,0.388,0.381,27.547998,98.0,949.9494,0.4
2026-07-07 17:00:00+07:00,26.5905,24.9405,0.3,0.20000002,0.17,4.293669,5.5976872,5.8618927,236.97612,237.80429,237.80429,18.359999,27.5905,28.598,27.498,0.41,0.405,0.392,0.382,27.348,98.0,950.12994,0.1
2026-07-07 18:00:00+07:00,26.140501,24.990501,0.6,0.40000004,0.09,2.4014995,2.8289247,2.9624472,12.99463,7.12493,7.12493,18.72,26.3405,28.147999,27.547998,0.398,0.398,0.396,0.384,27.348,87.0,950.2418,0.2
2026-07-07 19:00:00+07:00,26.0405,25.3405,0.9,0.79999995,0.050000004,2.5772076,7.376933,7.725117,155.22488,182.72626,182.72626,18.72,25.740501,27.698,27.598,0.4,0.399,0.398,0.384,27.248,98.0,950.9817,0.1
2026-07-07 20:00:00+07:00,25.890501,24.8405,0.0,0.0,0.03,1.1525624,4.990097,5.225625,141.34016,190.1246,190.1246,11.879999,25.0405,27.248,27.547998,0.399,0.404,0.4,0.386,26.547998,97.0,951.6185,0.0
2026-07-07 21:00:00+07:00,25.890501,24.490501,0.0,0.0,0.01,1.2979984,4.5749793,4.790914,146.3099,175.60138,175.60138,9.36,24.990501,26.848,27.498,0.384,0.389,0.398,0.388,26.848,98.0,951.80786,0.0
2026-07-07 22:00:00+07:00,25.4405,24.4405,0.1,0.1,-0.0,1.8532133,7.9434953,8.31842,209.0545,210.52963,210.52963,12.24,24.6905,26.598,27.448,0.379,0.383,0.393,0.389,26.848,98.0,952.20306,0.0
2026-07-07 23:00:00+07:00,25.3405,24.2905,0.2,0.2,0.01,3.2048087,10.467903,10.961979,218.15727,219.55963,219.55963,15.119999,24.5405,26.448,27.397999,0.375,0.379,0.389,0.389,26.748,100.0,952.37494,0.0
2026-07-08 00:00:00+07:00,24.990501,24.140501,0.2,0.2,0.01,3.550155,11.629599,12.178506,210.46547,213.92984,213.92984,16.56,24.490501,26.297998,27.297998,0.396,0.392,0.388,0.39,26.248,99.0,952.12476,0.0
2026-07-08 01:00:00+07:00,25.140501,24.140501,1.8,0.5999999,0.01,3.6,8.740486,9.153029,180.0,190.40765,190.40765,19.08,24.740501,26.248,27.248,0.387,0.385,0.381,0.387,26.248,98.0,952.15063,1.2
2026-07-08 02:00:00+07:00,24.2905,23.640501,2.7,0.4000001,0.01,1.609969,5.5090046,5.7690244,116.56499,170.83772,170.83772,16.56,24.140501,26.098,27.147999,0.377,0.38,0.382,0.387,26.248,100.0,951.8128,2.3
2026-07-08 03:00:00+07:00,24.140501,23.390501,2.0,0.79999995,-0.0,1.5379207,5.02697,5.264238,290.55612,240.75127,240.75127,13.679999,23.890501,25.998,27.047998,0.378,0.377,0.381,0.387,26.147999,98.0,951.5027,1.2
2026-07-08 04:00:00+07:00,24.0905,23.5405,1.3,1.3,-0.0,0.742159,5.2162795,5.462483,104.03627,199.65392,199.65392,12.599999,23.9405,25.948,26.998,0.376,0.379,0.381,0.387,26.047998,100.0,951.2099,0.0
2026-07-08 05:00:00+07:00,24.240501,23.490501,0.8,0.8,-0.0,1.0182338,5.810828,6.085094,135.0001,208.88649,208.88649,11.5199995,24.0905,25.897999,26.897999,0.381,0.38,0.381,0.387,25.748,98.0,951.2362,0.0
2026-07-08 06:00:00+07:00,24.240501,23.3405,0.5,0.099999994,-0.0,3.4949677,9.191913,9.625763,191.88864,203.6294,203.6294,18.0,23.990501,25.797998,26.848,0.372,0.375,0.38,0.387,25.948,100.0,951.8041,0.4
2026-07-08 07:00:00+07:00,25.490501,23.5405,0.3,0.10000001,0.01,5.068846,8.275604,8.666205,196.50444,201.12479,201.12479,18.0,25.390501,25.748,26.748,0.376,0.378,0.38,0.387,26.248,97.0,952.2119,0.2
2026-07-08 08:00:00+07:00,25.4405,24.3405,1.0,0.100000024,0.07000001,6.9153743,9.952397,10.422142,218.65984,220.71075,220.71075,23.039999,25.7905,26.098,26.698,0.376,0.375,0.379,0.387,26.248,96.0,952.48706,0.9
2026-07-08 09:00:00+07:00,25.740501,24.7905,0.9,0.39999998,0.15,7.0199995,9.338089,9.778838,202.6199,205.60214,205.60214,23.039999,26.240501,26.397999,26.698,0.374,0.378,0.379,0.386,26.248,91.0,952.72864,0.5
2026-07-08 10:00:00+07:00,26.6905,25.140501,0.8,0.19999999,0.21000002,7.970972,10.122588,10.600366,205.40767,205.67677,205.67677,26.64,28.4405,26.748,26.698,0.367,0.371,0.378,0.386,26.348,98.0,952.6092,0.6
2026-07-08 11:00:00+07:00,27.2905,25.0905,0.7,0.099999964,0.22,9.354806,12.035403,12.603464,210.01828,210.6772,210.6772,29.519999,29.9405,26.948,26.698,0.363,0.367,0.376,0.385,26.348,99.0,952.52295,0.6
2026-07-08 12:00:00+07:00,26.3405,25.4405,2.0,0.5,0.33,6.037383,7.689506,8.052443,206.56499,207.1496,207.1496,29.16,27.140501,27.498,26.748,0.36,0.364,0.373,0.385,26.647999,99.0,952.16986,1.5
2026-07-08 13:00:00+07:00,26.640501,25.4405,3.5,0.4000001,0.27,6.2379804,7.695507,8.058728,223.83095,223.1524,223.1524,27.72,28.890501,27.147999,26.797998,0.357,0.362,0.371,0.384,25.848,100.0,952.41113,3.1
2026-07-08 14:00:00+07:00,26.390501,25.890501,1.9,0.6999999,0.26,5.983477,8.072259,8.453262,226.2188,227.6426,227.6426,25.56,27.6905,27.397999,26.848,0.357,0.36,0.369,0.383,25.848,99.0,950.75854,1.2
2026-07-08 15:00:00+07:00,27.240501,25.7905,0.6,0.100000024,0.19,5.728979,7.370671,7.7185597,226.27295,231.76613,231.76613,23.039999,29.4405,27.198,26.897999,0.356,0.359,0.367,0.382,25.348,91.0,950.526,0.5
2026-07-08 16:00:00+07:00,27.5405,24.890501,0.4,0.0,0.14000002,9.044888,11.90943,12.471543,222.58046,224.9999,224.9999,27.359999,29.240501,26.897999,26.897999,0.358,0.359,0.366,0.382,24.848,73.0,949.9145,0.4
2026-07-08 17:00:00+07:00,27.490501,24.5405,0.5,0.19999999,0.09,5.692099,7.755271,8.121313,235.30478,232.35231,232.35231,27.72,28.4405,26.647999,26.897999,0.359,0.361,0.366,0.381,24.748,66.0,949.33765,0.3
2026-07-08 18:00:00+07:00,24.9405,24.240501,5.3,0.3000002,0.06,6.050785,9.1986065,9.632772,202.751,214.90257,214.90257,21.599998,25.140501,26.397999,26.848,0.359,0.361,0.365,0.38,24.748,98.0,950.50696,5.0
2026-07-08 19:00:00+07:00,25.2905,24.390501,4.2,1.1999998,0.02,2.3469126,7.435118,7.7860494,184.39862,199.29015,199.29015,21.24,25.0405,25.998,26.797998,0.368,0.367,0.368,0.38,24.547998,98.0,951.13556,3.0
2026-07-08 20:00:00+07:00,24.9405,24.240501,0.6,0.40000004,0.01,2.6999998,8.321967,8.714756,216.86998,214.69522,214.69522,12.959999,24.740501,25.797998,26.698,0.375,0.372,0.369,0.38,24.547998,100.0,951.6428,0.2
2026-07-08 21:00:00+07:00,24.2905,23.7905,1.0,0.19999999,0.01,3.604497,8.112199,8.495087,177.13765,201.57137,201.57137,14.4,24.240501,25.647999,26.647999,0.376,0.374,0.371,0.379,24.448,100.0,952.19135,0.8
2026-07-08 22:00:00+07:00,24.140501,23.640501,1.6,0.8,0.01,2.19718,6.090153,6.3776026,214.9921,221.49637,221.49637,14.759999,24.0405,25.498,26.598,0.375,0.375,0.373,0.379,24.348,100.0,952.6383,0.8
2026-07-08 23:00:00+07:00,24.0405,23.1905,1.7,0.8000001,0.01,2.968636,5.988219,6.2708573,194.03627,211.82741,211.82741,15.119999,23.890501,25.448,26.498,0.377,0.376,0.374,0.379,24.348,100.0,952.6208,0.9
2026-07-09 00:00:00+07:00,23.740501,23.4405,0.9,0.49999997,0.01,3.9640884,7.974434,8.35082,219.47243,219.64413,219.64413,16.199999,23.6905,25.348,26.448,0.378,0.378,0.376,0.379,24.147999,100.0,952.09485,0.4
2026-07-09 01:00:00+07:00,23.9405,23.640501,2.3,0.79999995,0.01,4.0249224,7.4949045,7.8486576,169.6952,196.31393,196.31393,17.28,23.9405,25.198,26.348,0.378,0.38,0.378,0.38,24.248,100.0,951.2782,1.5
2026-07-09 02:00:00+07:00,23.6905,23.3405,1.0,0.39999998,0.01,3.06,6.526837,6.8348975,208.07239,216.25392,216.25392,15.84,23.6905,25.147999,26.248,0.407,0.397,0.381,0.38,23.547998,100.0,950.4772,0.6
2026-07-09 03:00:00+07:00,23.640501,23.3405,2.0,1.6,0.01,1.4399999,3.883584,4.066886,270.0,251.56496,251.56496,14.04,23.640501,25.047998,26.198,0.417,0.412,0.394,0.381,23.147999,100.0,950.18445,0.4
2026-07-09 04:00:00+07:00,23.5905,23.0405,3.8,2.1999998,0.01,1.3708391,4.069358,4.2614274,293.1986,277.4313,277.4313,13.32,23.4405,24.948,26.147999,0.422,0.417,0.405,0.383,22.948,100.0,950.365,1.6
2026-07-09 05:00:00+07:00,23.390501,22.990501,3.7,1.9000001,0.01,2.5959969,4.631814,4.850431,326.3099,307.30402,307.30402,14.04,23.2905,24.897999,26.047998,0.422,0.422,0.415,0.387,22.948,100.0,950.4245,1.8
2026-07-09 06:00:00+07:00,23.4405,22.890501,2.8,1.9,0.01,2.1749482,4.386061,4.5930796,335.55606,323.13,323.13,15.4800005,23.3405,24.797998,25.998,0.409,0.412,0.417,0.391,23.147999,100.0,950.9063,0.9
2026-07-09 07:00:00+07:00,23.7905,23.640501,0.7,0.19999999,0.02,2.0523157,3.3747032,3.533986,232.12495,242.10283,242.10283,14.04,24.0405,24.848,25.948,0.404,0.407,0.412,0.395,23.547998,100.0,951.3465,0.5
2026-07-09 08:00:00+07:00,24.240501,24.140501,0.9,0.39999998,0.03,2.907989,4.091986,4.285124,201.80147,210.96368,210.96368,16.199999,24.640501,24.897999,25.897999,0.395,0.399,0.409,0.398,23.748,100.0,951.8041,0.5
2026-07-09 09:00:00+07:00,25.0405,24.7905,1.1,0.5,0.050000004,2.97953,3.942579,4.128665,205.01686,212.27562,212.27562,18.0,25.6905,25.047998,25.848,0.39,0.394,0.403,0.4,23.948,100.0,951.8494,0.6
2026-07-09 10:00:00+07:00,26.5405,25.0905,0.6,0.100000024,0.06,3.4388947,4.095746,4.289061,222.87889,223.26433,223.26433,18.0,28.5405,25.198,25.797998,0.399,0.398,0.4,0.4,23.948,89.0,952.0152,0.5
2026-07-09 11:00:00+07:00,27.6905,24.140501,0.5,0.099999994,0.050000004,3.62243,4.184955,4.3824816,206.56499,213.02386,213.02386,19.44,29.890501,25.297998,25.797998,0.417,0.409,0.401,0.401,23.848,100.0,951.45526,0.4
2026-07-09 12:00:00+07:00,25.390501,23.990501,6.2,0.19999981,0.050000004,7.519175,9.447865,9.893795,191.0409,195.06854,195.06854,23.4,26.9405,25.498,25.797998,0.403,0.406,0.407,0.402,23.848,100.0,950.96375,6.0
2026-07-09 13:00:00+07:00,26.240501,24.990501,4.9,0.9000001,0.19,4.2366967,4.772551,4.9978104,102.26476,107.10281,107.10281,24.119999,28.490501,26.498,25.897999,0.397,0.401,0.401,0.401,25.147999,95.0,951.30035,4.0
2026-07-09 14:00:00+07:00,26.490501,25.2905,0.9,0.39999998,0.36,5.3517847,6.824238,7.1463356,227.72638,226.04153,226.04153,20.519999,29.140501,27.397999,25.998,0.387,0.391,0.399,0.402,26.147999,96.0,950.39685,0.5
2026-07-09 15:00:00+07:00,27.0905,25.2905,0.5,0.19999999,0.34,6.090812,7.445461,7.7968793,214.15974,214.43904,214.43904,19.8,30.2905,27.797998,26.147999,0.382,0.386,0.394,0.401,26.748,99.0,950.0266,0.3
2026-07-09 16:00:00+07:00,26.0905,24.990501,0.9,0.39999998,0.24,6.114703,8.202756,8.589919,222.61401,221.53168,221.53168,22.319998,27.8405,27.698,26.297998,0.396,0.395,0.393,0.401,26.848,100.0,949.8543,0.5
2026-07-09 17:00:00+07:00,25.240501,24.140501,1.3,0.29999995,0.20000002,7.689603,10.912747,11.427818,212.57405,216.50153,216.50153,21.599998,25.7905,27.498,26.397999,0.403,0.399,0.396,0.401,26.748,99.0,949.61237,1.0
2026-07-09 18:00:00+07:00,25.0905,24.0405,0.6,0.40000004,0.12,3.6179552,5.3675075,5.6208487,185.7105,191.30989,191.30989,21.96,25.0405,27.098,26.498,0.398,0.402,0.4,0.401,26.248,99.0,950.1542,0.2
2026-07-09 19:00:00+07:00,25.0405,24.2905,0.4,0.4,0.04,4.846648,11.493825,12.036322,201.80147,211.26367,211.26367,13.679999,24.8405,26.748,26.598,0.391,0.392,0.395,0.401,26.448,78.0,950.61896,0.0
2026-07-09 20:00:00+07:00,24.8405,24.140501,0.0,0.0,0.02,2.657668,7.751301,8.117155,151.69934,185.19434,185.19434,16.56,24.490501,26.348,26.598,0.38,0.384,0.392,0.401,26.448,70.0,950.77344,0.0
2026-07-09 21:00:00+07:00,24.640501,23.5905,0.2,0.2,0.02,0.6489992,4.438382,4.64787,213.6901,198.43504,198.43504,12.24,24.0905,26.047998,26.547998,0.377,0.38,0.389,0.4,26.448,76.0,951.401,0.0
2026-07-09 22:00:00+07:00,23.5405,23.140501,1.0,0.5,0.02,1.8,5.6168995,5.882012,143.13002,194.47034,194.47034,15.119999,23.490501,25.848,26.547998,0.374,0.378,0.386,0.4,26.248,50.0,951.965,0.5
2026-07-09 23:00:00+07:00,23.490501,22.890501,0.3,0.10000001,0.02,0.9693296,4.8174853,5.044866,111.801476,190.49142,190.49142,14.04,23.3405,25.647999,26.498,0.372,0.375,0.384,0.399,26.147999,98.0,952.1455,0.2
2026-07-10 00:00:00+07:00,23.490501,22.9405,0.9,0.7,0.02,1.8089776,6.359638,6.6598067,185.7105,204.44394,204.44394,14.4,23.3405,25.498,26.397999,0.37,0.374,0.382,0.398,25.948,100.0,951.76697,0.2
2026-07-10 01:00:00+07:00,23.740501,23.240501,0.5,0.19999999,0.01,3.0652895,8.100807,8.483158,176.6336,197.6502,197.6502,15.119999,23.640501,25.348,26.348,0.371,0.373,0.38,0.397,25.547998,90.0,951.05396,0.3
2026-07-10 02:00:00+07:00,23.4405,22.990501,0.2,0.2,0.02,4.278551,8.907917,9.328363,194.62091,212.12497,212.12497,14.759999,23.3405,25.198,26.297998,0.368,0.371,0.379,0.396,25.348,96.0,950.62244,0.0
2026-07-10 03:00:00+07:00,22.740501,22.390501,2.8,0.099999905,0.01,2.36753,5.8819036,6.159524,188.74608,197.35411,197.35411,14.759999,22.890501,25.098,26.198,0.367,0.37,0.377,0.395,25.147999,97.0,950.499,2.7
2026-07-10 04:00:00+07:00,22.5905,22.2905,2.0,1.1,0.01,1.6199999,2.6316369,2.7558477,360.0,233.13002,233.13002,11.5199995,22.640501,24.998,26.147999,0.366,0.369,0.376,0.394,25.047998,100.0,950.3779,0.9
2026-07-10 05:00:00+07:00,22.6905,22.2905,0.9,0.9,0.01,1.9469976,1.6643933,1.742951,56.3099,161.56496,161.56496,10.08,22.640501,24.897999,26.098,0.365,0.368,0.375,0.393,25.047998,100.0,950.3008,0.0
2026-07-10 06:00:00+07:00,22.890501,22.2905,0.8,0.3,0.01,1.1384199,2.8125565,2.9453068,108.43504,176.42374,176.42374,9.36,22.890501,24.797998,25.998,0.364,0.367,0.374,0.392,24.948,100.0,950.7147,0.5
2026-07-10 07:00:00+07:00,23.740501,23.1905,0.1,0.1,0.02,3.9477081,6.512674,6.8200655,204.22774,207.25525,207.25525,14.4,23.890501,24.897999,25.948,0.364,0.367,0.374,0.39,24.848,94.0,951.3378,0.0
2026-07-10 08:00:00+07:00,24.490501,23.2905,0.1,0.1,0.07000001,5.48631,7.8165474,8.185481,221.00899,224.09071,224.09071,16.919998,25.390501,25.248,25.897999,0.364,0.367,0.373,0.389,24.748,100.0,951.4694,0.0
2026-07-10 09:00:00+07:00,25.740501,23.890501,0.3,0.10000001,0.14000002,4.599695,5.7922587,6.065648,210.57915,215.13428,215.13428,18.359999,27.740501,25.748,25.897999,0.363,0.365,0.372,0.388,24.848,100.0,951.87665,0.2
2026-07-10 10:00:00+07:00,26.890501,23.6905,0.2,0.0,0.18,8.3520775,10.714925,11.220659,217.11694,219.68541,219.68541,25.919998,28.5905,26.198,25.897999,0.363,0.366,0.371,0.387,25.147999,100.0,951.79144,0.2
2026-07-10 11:00:00+07:00,26.390501,24.390501,1.1,0.5,0.24,6.090812,8.321967,8.714756,214.15974,214.69522,214.69522,25.919998,27.240501,26.848,25.998,0.361,0.364,0.37,0.386,25.647999,100.0,951.32654,0.6
2026-07-10 12:00:00+07:00,27.2905,25.0905,1.2,0.50000006,0.38,4.724786,6.26946,6.5653734,252.25523,252.07199,252.07199,22.68,29.2905,27.698,26.098,0.364,0.365,0.369,0.385,26.248,65.0,950.72375,0.7
2026-07-10 13:00:00+07:00,27.7905,24.5405,0.9,0.39999998,0.3,4.2136917,5.051403,5.289824,250.0168,249.67677,249.67677,18.72,30.0405,27.348,26.198,0.385,0.377,0.369,0.384,25.948,58.0,950.99896,0.5
2026-07-10 14:00:00+07:00,27.0905,24.3405,2.1,0.9999999,0.25,4.0449963,5.051403,5.289824,249.14546,249.67677,249.67677,25.919998,28.740501,27.498,26.297998,0.374,0.376,0.372,0.383,26.248,63.0,949.55316,1.1
2026-07-10 15:00:00+07:00,28.4405,23.9405,0.3,0.3,0.24,4.5891175,6.0010552,6.2843,228.17992,232.12495,232.12495,18.0,31.490501,27.598,26.397999,0.368,0.371,0.373,0.382,26.647999,79.0,949.02637,0.0
2026-07-10 16:00:00+07:00,29.0405,24.0405,0.3,0.20000002,0.20000002,8.797931,11.692947,12.2448435,239.23735,242.28159,242.28159,23.759998,30.490501,27.448,26.498,0.389,0.385,0.375,0.382,26.448,48.0,948.3704,0.1
2026-07-10 17:00:00+07:00,25.740501,24.0905,1.8,0.099999905,0.13,5.315336,8.666218,9.075255,241.69934,238.24055,238.24055,28.44,26.3405,27.147999,26.547998,0.375,0.379,0.378,0.382,26.448,87.0,948.5633,1.7
2026-07-10 18:00:00+07:00,25.4405,24.490501,0.8,0.8,0.08,3.4247334,2.9040895,3.0411596,86.98728,115.01687,115.01687,16.919998,25.390501,26.948,26.598,0.369,0.373,0.378,0.382,26.547998,86.0,949.1739,0.0
2026-07-10 19:00:00+07:00,25.990501,24.9405,0.7,0.7,0.03,4.1046314,10.919795,11.4352,195.25517,203.6821,203.6821,11.879999,25.640501,26.797998,26.647999,0.367,0.37,0.376,0.382,26.647999,88.0,949.64777,0.0
2026-07-10 20:00:00+07:00,25.2905,24.1905,0.0,0.0,0.02,3.3092597,9.415231,9.859621,202.38017,206.56499,206.56499,15.119999,24.7905,26.397999,26.598,0.365,0.368,0.375,0.382,26.647999,66.0,949.905,0.0
2026-07-10 21:00:00+07:00,24.5405,23.390501,1.4,0.29999995,0.01,0.742159,5.6168995,5.882012,14.036275,218.65984,218.65984,15.119999,24.240501,26.098,26.598,0.364,0.367,0.373,0.382,26.547998,88.0,950.62646,1.1
2026-07-10 22:00:00+07:00,24.490501,23.390501,0.7,0.7,0.01,0.40249225,6.4413915,6.745419,63.435013,209.35765,209.35765,11.159999,24.240501,25.848,26.547998,0.363,0.366,0.372,0.382,26.448,97.0,951.0909,0.0
2026-07-10 23:00:00+07:00,24.5405,23.740501,0.9,0.19999999,0.01,2.4482646,8.72639,9.138267,197.10281,210.17343,210.17343,14.4,24.3405,25.698,26.498,0.362,0.364,0.371,0.381,26.248,100.0,951.1943,0.7
2026-07-11 00:00:00+07:00,24.2905,23.640501,0.3,0.20000002,0.01,2.8174455,8.223369,8.611504,206.56499,213.6901,213.6901,17.28,24.140501,25.547998,26.448,0.361,0.363,0.37,0.381,26.147999,99.0,950.4878,0.1
2026-07-11 01:00:00+07:00,24.2905,23.5905,0.5,0.19999999,0.01,3.2846913,7.62519,7.985091,170.53775,203.02553,203.02553,16.919998,24.240501,25.397999,26.348,0.359,0.362,0.369,0.381,25.848,95.0,950.0146,0.3
2026-07-11 02:00:00+07:00,23.990501,23.640501,0.2,0.1,0.01,4.379589,9.117946,9.548305,189.46225,210.01828,210.01828,15.4800005,23.9405,25.297998,26.297998,0.358,0.361,0.368,0.38,25.748,97.0,949.1106,0.1
2026-07-11 03:00:00+07:00,23.8405,23.490501,0.3,0.20000002,0.01,4.8633323,9.676411,10.133129,177.87895,202.38017,202.38017,16.919998,23.7905,25.198,26.248,0.358,0.36,0.367,0.38,25.647999,100.0,948.8002,0.1
2026-07-11 04:00:00+07:00,23.640501,23.390501,0.2,0.1,0.01,4.7110505,9.415231,9.859621,186.58185,206.56499,206.56499,15.84,23.640501,25.098,26.147999,0.357,0.36,0.366,0.379,25.647999,100.0,948.76495,0.1
2026-07-11 05:00:00+07:00,23.640501,23.390501,0.4,0.4,0.01,5.232399,10.749341,11.2567,183.94511,206.14677,206.14677,16.56,23.5905,24.998,26.098,0.357,0.359,0.365,0.379,25.547998,100.0,948.57574,0.0
2026-07-11 06:00:00+07:00,23.5905,23.3405,0.4,0.4,0.01,6.0347,11.383498,11.920789,197.35411,208.53989,208.53989,17.28,23.5405,24.948,26.047998,0.356,0.358,0.365,0.378,25.448,100.0,948.85095,0.0
2026-07-11 07:00:00+07:00,24.3405,23.640501,0.2,0.2,0.02,5.5216303,7.855827,8.226615,199.0257,203.70265,203.70265,17.64,24.6905,24.998,25.948,0.362,0.365,0.372,0.379,25.448,100.0,949.7393,0.0
2026-07-11 08:00:00+07:00,24.6905,24.0405,0.4,0.099999994,0.050000004,5.12289,8.081786,8.46324,198.43504,207.12122,207.12122,18.72,25.0405,25.348,25.897999,0.361,0.364,0.37,0.378,25.448,100.0,950.08466,0.3
2026-07-11 09:00:00+07:00,25.0405,24.3405,0.1,0.0,0.13,4.445672,6.769897,7.08943,201.37068,211.21834,211.21834,17.64,25.990501,25.748,25.897999,0.361,0.363,0.369,0.378,25.348,97.0,949.86176,0.1
2026-07-11 10:00:00+07:00,26.0905,24.490501,0.3,0.20000002,0.21000002,6.341009,8.582347,8.987426,214.59235,220.85529,220.85529,21.599998,28.140501,26.297998,25.948,0.358,0.361,0.368,0.378,25.647999,73.0,949.8543,0.1
2026-07-11 11:00:00+07:00,28.390501,24.640501,0.4,0.099999994,0.23,8.3520775,10.532393,11.029512,232.88306,240.01845,240.01845,28.8,31.7905,26.647999,25.998,0.355,0.359,0.366,0.377,25.848,100.0,949.49146,0.3
2026-07-11 12:00:00+07:00,26.9405,24.3405,1.7,0.30000007,0.26,7.145796,9.1835375,9.616991,220.91429,226.54811,226.54811,27.72,28.390501,27.047998,26.098,0.353,0.357,0.365,0.377,26.248,78.0,948.39136,1.4
2026-07-11 13:00:00+07:00,29.5905,24.140501,1.9,1.3,0.26,8.211235,10.492867,10.988121,243.9967,249.44386,249.44386,24.48,32.4405,27.498,26.147999,0.353,0.357,0.364,0.376,26.348,100.0,949.03156,0.6
2026-07-11 14:00:00+07:00,27.8405,24.0905,0.8,0.0,0.33,8.0599,10.199833,10.681254,203.70265,206.56499,206.56499,26.28,30.240501,28.147999,26.297998,0.35,0.354,0.362,0.375,26.647999,98.0,947.3142,0.8
2026-07-11 15:00:00+07:00,27.9405,24.7905,1.4,1.0999999,0.25,2.8174455,4.0083895,4.197582,243.43501,246.80139,246.80139,23.4,29.5405,28.147999,26.448,0.348,0.352,0.361,0.375,26.848,84.0,946.8575,0.3
2026-07-11 16:00:00+07:00,27.2905,24.140501,0.7,0.19999999,0.25,7.9077177,10.333248,10.820968,228.69148,229.82083,229.82083,20.16,28.640501,28.198,26.598,0.346,0.351,0.359,0.374,27.047998,65.0,946.3679,0.5
2026-07-11 17:00:00+07:00,27.1905,24.2905,0.5,0.5,0.22,4.2671766,5.0999165,5.340627,207.64589,206.56499,206.56499,21.96,28.0905,28.198,26.698,0.345,0.349,0.358,0.373,27.147999,41.0,946.35077,0.0
2026-07-11 18:00:00+07:00,26.7905,24.1905,0.2,0.2,0.12,5.896202,8.486774,8.8873415,167.66092,172.87508,172.87508,18.0,26.640501,27.748,26.797998,0.345,0.349,0.357,0.373,27.047998,75.0,946.756,0.0
2026-07-11 19:00:00+07:00,26.240501,25.0405,0.0,0.0,0.04,1.4512063,6.2003465,6.492997,209.7448,205.1148,205.1148,14.759999,25.640501,27.498,26.948,0.344,0.347,0.354,0.372,27.047998,53.0,947.13464,0.0
2026-07-11 20:00:00+07:00,25.9405,24.740501,0.0,0.0,0.02,0.5091169,3.6633463,3.8362527,135.0001,196.69933,196.69933,7.92,24.7905,26.948,26.998,0.345,0.347,0.354,0.371,26.748,50.0,947.93506,0.0
2026-07-11 21:00:00+07:00,25.240501,24.640501,0.0,0.0,0.01,1.4512063,3.616839,3.7875502,119.74479,165.96373,165.96373,6.8399997,24.390501,26.547998,26.948,0.35,0.35,0.354,0.371,26.547998,46.0,948.2872,0.0
2026-07-11 22:00:00+07:00,24.740501,24.5405,0.0,0.0,0.01,2.0523157,3.612581,3.7830918,105.25517,150.9455,150.9455,6.8399997,24.4405,26.248,26.897999,0.348,0.35,0.354,0.37,26.448,31.0,948.7683,0.0
2026-07-11 23:00:00+07:00,24.2905,24.2905,0.0,0.0,0.01,1.26,2.5119536,2.6305158,90.0,167.90526,167.90526,7.2,24.1905,26.047998,26.848,0.348,0.349,0.354,0.37,26.248,99.0,949.0682,0.0
2026-07-12 00:00:00+07:00,24.0405,23.990501,0.1,0.0,-0.0,2.4216523,6.2473288,6.5421963,228.01286,231.84273,231.84273,7.92,24.240501,25.897999,26.748,0.347,0.349,0.354,0.37,26.047998,100.0,948.83527,0.1
2026-07-12 01:00:00+07:00,24.3405,24.0905,4.7,0.099999905,0.01,2.9024127,3.750531,3.9275525,352.87506,280.78424,280.78424,10.799999,24.390501,25.748,26.698,0.375,0.365,0.356,0.369,25.647999,99.0,948.98224,4.6
2026-07-12 02:00:00+07:00,24.240501,23.9405,0.7,0.7,0.01,2.5071096,3.612581,3.7830918,111.03758,150.9455,150.9455,8.64,24.240501,25.647999,26.598,0.391,0.382,0.362,0.369,25.248,64.0,948.1131,0.0
2026-07-12 03:00:00+07:00,23.6905,23.490501,0.1,0.1,0.01,0.8049845,1.12338,1.1764023,63.435013,141.34016,141.34016,7.5599995,23.5405,25.547998,26.547998,0.39,0.388,0.371,0.369,24.948,98.0,947.73285,0.0
2026-07-12 04:00:00+07:00,23.390501,23.1905,3.7,0.10000014,0.01,2.1749482,4.57498,4.7909145,204.44394,212.47118,212.47118,7.92,23.4405,25.448,26.448,0.382,0.382,0.376,0.37,24.848,100.0,948.24805,3.6
2026-07-12 05:00:00+07:00,23.2905,22.990501,4.9,0.5999999,0.01,2.9522195,3.3518233,3.5100262,37.568665,47.12111,47.12111,9.36,23.2905,25.348,26.397999,0.375,0.377,0.377,0.371,24.647999,93.0,948.04114,4.3
2026-07-12 06:00:00+07:00,23.390501,23.0405,1.3,1.1999999,-0.0,2.2768397,3.4602664,3.6235874,198.43504,210.46547,210.46547,11.879999,23.390501,25.248,26.297998,0.369,0.372,0.376,0.371,24.647999,98.0,948.7212,0.1
2026-07-12 07:00:00+07:00,24.4405,23.6905,0.4,0.4,0.01,1.7076298,1.6643933,1.742951,108.43504,108.43504,108.43504,7.5599995,24.740501,25.498,26.297998,0.387,0.391,0.391,0.373,24.948,100.0,948.9997,0.0
2026-07-12 08:00:00+07:00,25.1905,23.990501,0.1,0.1,0.050000004,2.0991426,2.5302672,2.6496935,239.0363,236.3099,236.3099,9.36,26.240501,25.797998,26.248,0.382,0.386,0.392,0.375,24.848,86.0,949.41437,0.0
2026-07-12 09:00:00+07:00,26.490501,24.6905,0.2,0.1,0.13,1.8,2.112607,2.21232,270.0,265.23645,265.23645,13.32,29.3405,26.348,26.248,0.376,0.38,0.388,0.377,25.348,100.0,949.6394,0.1
2026-07-12 10:00:00+07:00,27.1905,24.740501,0.2,0.1,0.22,2.34,2.4624522,2.5786777,270.0,265.91446,265.91446,13.679999,30.0905,26.948,26.297998,0.374,0.377,0.384,0.377,25.948,77.0,949.8544,0.1
2026-07-12 11:00:00+07:00,28.2905,25.0905,0.2,0.0,0.3,4.3349743,4.9405046,5.1736917,274.76355,276.11542,276.11542,18.359999,32.0905,27.547998,26.348,0.386,0.383,0.382,0.378,26.047998,90.0,949.56903,0.2
2026-07-12 12:00:00+07:00,27.0405,24.990501,1.3,0.0,0.36,1.4399999,1.2651336,1.3248467,180.0,213.6901,213.6901,18.72,29.6905,28.147999,26.498,0.394,0.39,0.383,0.378,26.348,79.0,948.88196,1.3
2026-07-12 13:00:00+07:00,26.2905,24.5905,2.6,1.4999999,0.39000002,4.293669,5.3818245,5.6358414,236.97612,250.9743,250.9743,25.199999,27.0905,28.448,26.647999,0.378,0.377,0.382,0.379,26.748,86.0,949.32086,1.1
2026-07-12 14:00:00+07:00,26.7905,25.3405,1.9,1.5,0.45,3.319036,3.9230125,4.1081753,192.5288,190.3048,190.3048,17.28,27.8405,29.098,26.797998,0.365,0.37,0.379,0.379,27.348,61.0,948.36554,0.4
2026-07-12 15:00:00+07:00,27.990501,25.240501,0.7,0.5,0.46,3.6179552,4.4000745,4.6077538,185.7105,184.57384,184.57384,14.759999,30.640501,29.647999,26.998,0.36,0.365,0.375,0.379,27.748,75.0,947.908,0.2
2026-07-12 16:00:00+07:00,28.390501,24.9405,0.2,0.2,0.38,3.2399998,3.7216966,3.897357,270.0,261.87,261.87,14.4,30.990501,29.897999,27.198,0.357,0.362,0.372,0.378,28.047998,85.0,947.4078,0.0
2026-07-12 17:00:00+07:00,27.640501,24.740501,0.5,0.3,0.27,2.9522195,3.4735832,3.6375332,52.431335,44.999897,44.999897,14.4,29.0905,29.647999,27.397999,0.356,0.36,0.369,0.378,28.248,63.0,947.7536,0.2
2026-07-12 18:00:00+07:00,27.0405,25.0905,0.3,0.3,0.16,2.36753,2.4624522,2.5786777,188.74608,184.08554,184.08554,10.799999,27.3405,29.198,27.547998,0.355,0.359,0.367,0.378,28.348,83.0,948.4085,0.0
2026-07-12 19:00:00+07:00,25.8405,25.1905,0.1,0.1,0.050000004,2.9024127,6.555071,6.8644643,97.12492,105.52418,105.52418,9.0,25.640501,28.647999,27.647999,0.374,0.37,0.374,0.38,28.248,88.0,949.1483,0.0
2026-07-12 20:00:00+07:00,25.8405,24.6905,0.2,0.2,0.02,1.1525624,3.4824333,3.6468008,141.34016,139.08571,139.08571,7.2,25.240501,27.948,27.647999,0.366,0.369,0.373,0.38,28.047998,94.0,949.811,0.0
2026-07-12 21:00:00+07:00,25.6905,24.4405,0.0,0.0,0.01,1.4512063,3.0030913,3.1448343,82.875084,96.70974,96.70974,5.04,24.890501,27.397999,27.647999,0.364,0.367,0.372,0.38,27.948,88.0,950.06915,0.0
2026-07-12 22:00:00+07:00,25.390501,24.1905,0.0,0.0,-0.0,1.1525624,3.2254703,3.3777096,128.65984,112.38018,112.38018,4.68,24.4405,26.998,27.598,0.399,0.386,0.373,0.38,27.448,90.0,950.67975,0.0
2026-07-12 23:00:00+07:00,25.0405,24.0905,0.0,0.0,-0.0,0.6489992,2.5903769,2.7126403,123.690094,118.30067,118.30067,4.32,24.240501,26.748,27.498,0.413,0.408,0.386,0.38,26.748,72.0,951.1869,0.0
2026-07-13 00:00:00+07:00,24.6905,23.9405,0.0,0.0,-0.0,0.9,2.4373245,2.552364,143.13002,149.74365,149.74365,3.6,24.0405,26.547998,27.397999,0.414,0.411,0.397,0.381,26.248,31.0,950.84186,0.0
2026-07-13 01:00:00+07:00,24.890501,24.490501,0.0,0.0,-0.0,0.56920993,0.8772123,0.9186159,71.564964,306.86996,306.86996,4.32,24.640501,26.397999,27.348,0.405,0.403,0.395,0.382,26.147999,36.0,950.40344,0.0
2026-07-13 02:00:00+07:00,24.2905,24.0905,0.0,0.0,-0.0,2.0124612,3.6842916,3.8581867,153.43501,180.0,180.0,5.7599998,23.8405,26.248,27.248,0.404,0.401,0.398,0.383,25.647999,61.0,949.63605,0.0
2026-07-13 03:00:00+07:00,23.140501,23.140501,1.2,0.6,0.01,5.509882,7.158827,7.4967165,141.63248,162.89719,162.89719,12.959999,23.2905,26.098,27.147999,0.406,0.405,0.401,0.385,25.248,100.0,950.0967,0.6
2026-07-13 04:00:00+07:00,22.890501,22.8405,5.6,0.9000001,0.01,1.0495713,3.4824333,3.6468008,210.96368,220.91429,220.91429,12.599999,23.0905,25.948,27.047998,0.401,0.403,0.403,0.387,24.948,100.0,950.6201,4.7
2026-07-13 05:00:00+07:00,22.8405,22.5405,0.7,0.7,-0.0,1.781909,3.5307114,3.6973577,135.0001,116.56499,116.56499,9.0,22.7905,25.797998,26.948,0.387,0.391,0.4,0.389,24.948,69.0,950.4222,0.0
2026-07-13 06:00:00+07:00,22.890501,22.490501,0.1,0.1,-0.0,2.8460495,4.247012,4.4474673,34.69522,38.290207,38.290207,6.12,22.890501,25.647999,26.848,0.382,0.386,0.395,0.391,24.848,9.0,950.7147,0.0
2026-07-13 07:00:00+07:00,24.740501,24.0405,0.0,0.0,0.02,2.2768397,2.9409518,3.079762,18.435053,17.354122,17.354122,9.36,25.1905,25.797998,26.797998,0.381,0.385,0.395,0.393,24.547998,81.0,951.41846,0.0
2026-07-13 08:00:00+07:00,25.740501,24.0405,0.0,0.0,0.11,2.1749482,2.6081398,2.7312415,294.44394,312.27362,312.27362,10.08,27.5905,26.348,26.698,0.381,0.383,0.39,0.393,24.848,41.0,951.4979,0.0
2026-07-13 09:00:00+07:00,27.4405,23.7905,0.1,0.1,0.23,1.8,2.3862755,2.4989052,323.13,342.8972,342.8972,11.159999,30.490501,26.998,26.698,0.382,0.384,0.388,0.393,25.248,34.0,951.3178,0.0
2026-07-13 10:00:00+07:00,28.990501,24.640501,0.1,0.0,0.38,0.6489992,0.8945845,0.93680805,326.3099,11.3098955,11.3098955,14.04,33.690502,27.698,26.748,0.377,0.38,0.386,0.393,25.647999,70.0,951.39307,0.1
2026-07-13 11:00:00+07:00,30.390501,24.2905,0.0,0.0,0.49000004,1.659518,1.6174996,1.6938441,282.5288,310.60123,310.60123,15.84,35.0905,28.448,26.848,0.375,0.378,0.384,0.392,26.348,100.0,951.15607,0.0
2026-07-13 12:00:00+07:00,31.2905,24.490501,0.1,0.0,0.56000006,2.50064,2.3862758,2.4989054,239.74365,233.97253,233.97253,17.64,35.8405,29.147999,26.998,0.366,0.372,0.381,0.391,27.547998,100.0,950.8331,0.1
2026-07-13 13:00:00+07:00,31.6905,23.890501,0.1,0.0,0.64,2.34,2.307585,2.416501,270.0,278.74606,278.74606,17.28,35.7405,30.198,27.248,0.365,0.37,0.379,0.39,28.647999,100.0,950.89996,0.1
2026-07-13 14:00:00+07:00,31.7905,24.240501,0.0,0.0,0.53,3.563818,4.000704,4.189533,315.0001,322.12494,322.12494,15.84,34.690502,30.797998,27.448,0.36,0.365,0.376,0.389,29.248,94.0,949.11615,0.0
2026-07-13 15:00:00+07:00,32.5405,24.240501,0.0,0.0,0.44,1.2727921,1.12338,1.1764023,224.9999,218.65984,218.65984,15.84,35.7905,31.098,27.698,0.357,0.362,0.373,0.388,29.748,95.0,948.95624,0.0
2026-07-13 16:00:00+07:00,31.390501,24.2905,0.0,0.0,0.28000003,2.1749482,2.6722598,2.798388,155.55606,156.80138,156.80138,15.4800005,33.6405,30.848,27.897999,0.359,0.361,0.37,0.387,29.547998,99.0,948.5757,0.0
2026-07-13 17:00:00+07:00,29.0405,26.3405,1.8,0.29999995,0.21000002,2.5264204,3.2775354,3.4322321,175.91446,164.47583,164.47583,14.04,29.2905,30.547998,28.098,0.358,0.361,0.369,0.386,29.147999,77.0,948.27563,1.5
2026-07-13 18:00:00+07:00,28.1905,26.0905,0.1,0.1,0.14000002,4.3573384,6.0800366,6.367009,231.7098,223.83095,223.83095,12.24,28.640501,30.248,28.198,0.356,0.359,0.368,0.385,29.248,62.0,948.88904,0.0
2026-07-13 19:00:00+07:00,28.6905,27.240501,0.0,0.0,0.050000004,2.4149535,6.8445053,7.1675596,153.43501,181.46877,181.46877,11.5199995,28.0905,30.098,28.397999,0.356,0.358,0.366,0.384,30.248,41.0,948.974,0.0
2026-07-13 20:00:00+07:00,27.490501,26.0405,0.0,0.0,0.03,2.995797,7.926039,8.30014,147.26479,174.92049,174.92049,11.5199995,26.890501,29.198,28.448,0.373,0.365,0.366,0.383,28.748,40.0,949.7165,0.0
2026-07-13 21:00:00+07:00,25.490501,24.5405,3.6,1.1999998,0.03,2.50064,3.8756504,4.0585775,59.743652,84.805664,84.805664,13.32,25.240501,28.498,28.448,0.403,0.392,0.372,0.383,27.948,91.0,951.54926,2.4
2026-07-13 22:00:00+07:00,25.490501,24.6905,0.8,0.8,0.02,1.659518,2.000352,2.0947666,40.601215,74.74483,74.74483,7.92,25.240501,27.948,28.397999,0.407,0.404,0.385,0.383,27.647999,14.0,951.92786,0.0
2026-07-13 23:00:00+07:00,25.2905,24.5905,0.1,0.1,0.01,2.8174455,7.233678,7.5751004,296.56497,284.03625,284.03625,7.2,24.9405,27.498,28.297998,0.394,0.398,0.393,0.384,27.348,32.0,952.7448,0.0
2026-07-14 00:00:00+07:00,25.0905,23.7905,0.1,0.1,0.01,1.8792552,3.5088491,3.6744635,196.69933,216.86998,216.86998,7.92,24.5905,27.098,28.198,0.395,0.393,0.393,0.385,26.848,46.0,952.52057,0.0
2026-07-14 01:00:00+07:00,25.5405,24.5405,0.1,0.1,-0.0,1.1384199,2.24676,2.3528047,198.43504,218.65984,218.65984,7.5599995,25.240501,26.998,28.098,0.398,0.398,0.395,0.385,26.448,45.0,952.1256,0.0
2026-07-14 02:00:00+07:00,25.0405,24.140501,0.0,0.0,-0.0,0.9178235,1.2405655,1.299119,168.69011,135.0001,135.0001,5.04,24.490501,26.748,27.948,0.396,0.396,0.396,0.387,25.748,41.0,951.1869,0.0
2026-07-14 03:00:00+07:00,24.640501,24.0405,0.0,0.0,0.01,1.1525624,1.8895731,1.978759,141.34016,111.801476,111.801476,5.7599998,24.1905,26.498,27.848,0.395,0.396,0.396,0.388,25.348,29.0,950.92773,0.0
2026-07-14 04:00:00+07:00,24.2905,24.0905,0.0,0.0,0.01,0.9,0.8945845,0.93680805,126.86999,168.69011,168.69011,5.04,24.240501,26.297998,27.698,0.393,0.394,0.396,0.389,24.948,54.0,950.961,0.0
2026-07-14 05:00:00+07:00,23.990501,23.9405,0.0,0.0,-0.0,2.0124612,5.114983,5.3564057,280.30478,275.90604,275.90604,6.12,24.0905,26.098,27.598,0.395,0.394,0.396,0.39,24.647999,100.0,951.38184,0.0
2026-07-14 06:00:00+07:00,23.5905,23.390501,0.1,0.1,0.01,4.1085763,6.041949,6.327123,298.8107,295.82092,295.82092,9.72,23.740501,25.948,27.448,0.398,0.398,0.396,0.391,24.448,100.0,952.06836,0.0
2026-07-14 07:00:00+07:00,25.0905,22.7905,0.2,0.1,0.03,1.2727921,1.5886991,1.6636841,261.87,263.6599,263.6599,11.879999,25.5405,25.998,27.348,0.397,0.398,0.398,0.385,24.348,88.0,952.33124,0.1
2026-07-14 08:00:00+07:00,25.8405,23.990501,0.1,0.1,0.07000001,0.9178235,1.0671749,1.1175445,101.3099,99.46225,99.46225,10.440001,27.5405,26.297998,27.248,0.387,0.391,0.397,0.387,24.248,83.0,952.5564,0.0
2026-07-14 09:00:00+07:00,27.2905,24.390501,0.0,0.0,0.23,2.4149535,3.1384103,3.2865405,206.56499,206.56499,206.56499,13.679999,31.0905,26.998,27.198,0.377,0.382,0.392,0.388,25.248,57.0,952.71234,0.0
2026-07-14 10:00:00+07:00,28.740501,24.3405,0.1,0.1,0.40000004,4.599695,6.041949,6.327123,239.42085,244.17906,244.17906,17.64,32.9905,27.897999,27.198,0.371,0.376,0.387,0.388,26.647999,90.0,952.6767,0.0
2026-07-14 11:00:00+07:00,28.9405,24.0405,0.2,0.1,0.48,5.3517847,6.9869285,7.3167048,227.72638,231.1155,231.1155,18.359999,31.740501,28.797998,27.248,0.367,0.372,0.382,0.388,27.047998,89.0,952.4263,0.1
2026-07-14 12:00:00+07:00,29.990501,24.0905,0.1,0.0,0.55,5.0975285,6.4557104,6.760414,222.13753,227.20262,227.20262,19.08,33.3905,29.748,27.397999,0.365,0.37,0.379,0.387,27.848,86.0,952.03613,0.1
2026-07-14 13:00:00+07:00,31.390501,24.2905,0.0,0.0,0.54,5.257109,6.5761676,6.8865566,218.04709,223.91916,223.91916,18.72,35.5905,30.348,27.598,0.362,0.367,0.376,0.386,28.948,98.0,952.0819,0.0
2026-07-14 14:00:00+07:00,31.640501,24.390501,0.0,0.0,0.44,4.445672,5.4922175,5.7514453,201.37068,206.56499,206.56499,19.8,35.7405,30.748,27.797998,0.357,0.363,0.373,0.385,29.248,98.0,950.51245,0.0
2026-07-14 15:00:00+07:00,31.390501,24.490501,0.2,0.1,0.42000005,7.989242,10.047814,10.522062,202.52061,204.77512,204.77512,21.96,33.7405,30.998,27.998,0.357,0.36,0.37,0.384,29.348,98.0,949.7128,0.1
2026-07-14 16:00:00+07:00,30.8405,24.2905,0.0,0.0,0.35000002,8.913181,11.671869,12.222772,223.36346,222.56331,222.56331,22.68,31.9405,30.998,28.147999,0.353,0.358,0.368,0.383,29.647999,88.0,949.5261,0.0
2026-07-14 17:00:00+07:00,29.0405,24.890501,0.8,0.19999999,0.28000003,8.6867485,11.972583,12.537677,235.9806,235.14546,235.14546,22.68,29.390501,30.797998,28.348,0.352,0.356,0.366,0.382,29.647999,98.0,949.6965,0.6
2026-07-14 18:00:00+07:00,28.240501,24.990501,0.1,0.1,0.16,6.391901,9.245335,9.681705,237.65257,236.61147,236.61147,20.16,28.0905,30.248,28.448,0.353,0.357,0.364,0.381,29.348,70.0,949.9395,0.0
2026-07-14 19:00:00+07:00,27.7905,25.2905,0.0,0.0,0.06,4.829907,13.382017,14.013636,206.56499,214.31514,214.31514,15.84,27.0405,29.698,28.547998,0.353,0.356,0.363,0.381,29.448,69.0,950.6201,0.0
2026-07-14 20:00:00+07:00,27.5405,25.240501,0.5,0.099999994,0.02,4.1125174,11.829038,12.387358,203.19861,215.3402,215.3402,15.84,26.390501,28.848,28.598,0.353,0.356,0.363,0.38,29.147999,95.0,951.33496,0.4
2026-07-14 21:00:00+07:00,26.890501,24.640501,0.0,0.0,0.01,4.5820518,12.692628,13.291708,224.9999,220.5153,220.5153,16.56,25.640501,28.147999,28.547998,0.353,0.356,0.362,0.379,28.848,100.0,951.8861,0.0
2026-07-14 22:00:00+07:00,26.490501,24.5905,0.0,0.0,0.01,3.3092597,10.207374,10.689153,202.38017,208.76755,208.76755,16.199999,25.390501,27.698,28.448,0.353,0.355,0.362,0.379,28.547998,100.0,952.76385,0.0
2026-07-14 23:00:00+07:00,26.240501,24.390501,0.0,0.0,0.01,2.4482646,9.102742,9.532384,197.10281,207.55272,207.55272,14.04,25.140501,27.348,28.348,0.355,0.356,0.361,0.378,27.948,99.0,953.2886,0.0
2026-07-15 00:00:00+07:00,25.890501,24.2905,0.0,0.0,0.01,3.219938,10.380798,10.870763,206.56499,210.46547,210.46547,16.919998,24.890501,27.098,28.198,0.379,0.369,0.362,0.378,26.948,98.0,953.1332,0.0
2026-07-15 01:00:00+07:00,25.7905,24.3405,2.4,0.0,0.01,4.503598,10.2974415,10.783471,182.29056,203.07043,203.07043,16.199999,25.240501,26.848,28.098,0.384,0.378,0.367,0.377,26.547998,99.0,952.73737,2.4
2026-07-15 02:00:00+07:00,24.7905,23.9405,0.1,0.1,-0.0,2.7943513,7.721462,8.085907,194.93147,201.31798,201.31798,16.56,24.390501,26.698,27.998,0.379,0.379,0.372,0.377,26.147999,97.0,952.563,0.0
2026-07-15 03:00:00+07:00,23.7905,23.3405,2.1,0.19999993,-0.0,4.0249224,7.370671,7.7185597,153.43501,178.63611,178.63611,16.919998,23.740501,26.598,27.848,0.369,0.372,0.373,0.377,26.047998,100.0,952.766,1.9
2026-07-15 04:00:00+07:00,23.6905,23.140501,0.4,0.4,-0.0,1.7076298,3.7299578,3.9060087,108.43504,131.18582,131.18582,14.4,23.5905,26.448,27.748,0.365,0.368,0.373,0.377,25.948,98.0,952.3698,0.0
2026-07-15 05:00:00+07:00,23.5905,23.140501,0.1,0.1,-0.0,0.71999997,2.1701033,2.2725303,90.0,194.03627,194.03627,11.879999,23.490501,26.248,27.598,0.363,0.366,0.372,0.377,25.848,100.0,952.82544,0.0
2026-07-15 06:00:00+07:00,23.5405,22.7905,0.8,0.3,0.01,0.9178235,1.5886991,1.6636841,101.3099,173.6599,173.6599,16.199999,23.490501,26.098,27.498,0.362,0.364,0.37,0.377,25.748,100.0,953.38446,0.5
2026-07-15 07:00:00+07:00,23.740501,23.3405,0.3,0.20000002,0.02,0.0,1.8649789,1.9530044,270.0,221.18582,221.18582,13.32,24.240501,26.198,27.397999,0.37,0.368,0.371,0.378,25.848,100.0,953.609,0.1
2026-07-15 08:00:00+07:00,24.990501,23.890501,0.2,0.1,0.06,1.8792552,2.8289247,2.9624472,163.30067,172.87508,172.87508,16.199999,26.2905,26.698,27.297998,0.36,0.363,0.37,0.377,25.748,100.0,954.1125,0.1
2026-07-15 09:00:00+07:00,26.390501,24.240501,0.0,0.0,0.22,5.692099,7.755271,8.121313,214.69522,217.64769,217.64769,20.880001,29.0405,27.547998,27.297998,0.371,0.367,0.368,0.377,26.448,100.0,954.6403,0.0
2026-07-15 10:00:00+07:00,27.240501,23.9405,0.1,0.0,0.32,8.242743,10.684721,11.189029,238.39255,240.4886,240.4886,28.08,29.1905,28.348,27.348,0.372,0.37,0.369,0.376,26.748,100.0,954.5978,0.1
2026-07-15 11:00:00+07:00,28.5405,23.890501,0.1,0.0,0.32,9.19939,12.004675,12.571284,239.42085,243.06055,243.06055,28.44,30.890501,28.848,27.397999,0.365,0.368,0.369,0.376,26.948,100.0,954.2525,0.1
2026-07-15 12:00:00+07:00,28.1905,23.990501,0.2,0.2,0.38,8.242743,11.07652,11.599322,238.39255,240.5929,240.5929,28.8,30.140501,29.297998,27.547998,0.359,0.363,0.368,0.375,27.248,84.0,953.43506,0.0
2026-07-15 13:00:00+07:00,30.0905,24.1905,0.3,0.20000002,0.40000004,7.5685663,9.496608,9.944839,244.65387,244.85524,244.85524,25.199999,33.3405,29.297998,27.698,0.382,0.376,0.369,0.375,26.948,100.0,953.7583,0.1
2026-07-15 14:00:00+07:00,30.140501,24.3405,0.1,0.0,0.28000003,7.8149853,9.807531,10.270438,241.07367,243.43501,243.43501,27.72,32.9405,29.397999,27.848,0.384,0.38,0.371,0.375,27.248,100.0,951.8719,0.1
2026-07-15 15:00:00+07:00,30.490501,24.5905,0.1,0.0,0.25,12.136325,15.960443,16.71376,234.6598,236.65927,236.65927,32.760002,32.7405,29.297998,27.897999,0.376,0.379,0.374,0.374,27.047998,83.0,951.64667,0.1
2026-07-15 16:00:00+07:00,29.5905,24.3405,0.1,0.0,0.29000002,10.691453,13.666506,14.311552,224.9999,228.12221,228.12221,33.48,31.5405,29.498,27.998,0.367,0.371,0.374,0.374,27.748,99.0,951.02094,0.1
2026-07-15 17:00:00+07:00,27.5405,24.6905,1.1,0.40000004,0.22,9.807935,14.267043,14.940434,227.23119,225.49815,225.49815,31.319998,28.140501,29.248,28.098,0.37,0.372,0.373,0.375,27.448,94.0,950.95624,0.7
2026-07-15 18:00:00+07:00,26.9405,24.740501,0.5,0.5,0.13,5.2478566,8.275604,8.666205,210.96368,212.00534,212.00534,25.56,26.9405,28.797998,28.147999,0.364,0.368,0.372,0.375,27.448,100.0,951.3267,0.0
2026-07-15 19:00:00+07:00,27.390501,24.390501,0.4,0.3,0.050000004,6.452441,15.150145,15.865217,202.98874,208.3456,208.3456,18.359999,26.490501,28.248,28.147999,0.366,0.368,0.371,0.374,26.948,94.0,951.11975,0.1
2026-07-15 20:00:00+07:00,26.390501,24.0905,0.0,0.0,0.01,4.0449963,11.621656,12.170188,200.85454,208.88649,208.88649,20.880001,25.140501,27.698,28.098,0.364,0.366,0.37,0.374,26.948,100.0,951.7053,0.0
2026-07-15 21:00:00+07:00,26.240501,24.0405,0.0,0.0,0.01,3.244996,10.208882,10.690731,183.17976,199.0578,199.0578,16.199999,25.0905,27.297998,27.998,0.362,0.364,0.369,0.374,26.948,100.0,952.7205,0.0
2026-07-15 22:00:00+07:00,25.490501,23.7905,0.2,0.0,0.01,3.710795,11.064009,11.586219,194.03627,207.37762,207.37762,15.4800005,24.890501,27.047998,27.897999,0.361,0.363,0.368,0.374,26.948,100.0,953.7265,0.2
2026-07-15 23:00:00+07:00,24.490501,23.8405,1.8,0.099999905,0.01,4.452954,9.403782,9.847631,165.96373,194.03627,194.03627,18.72,24.3405,26.797998,27.797998,0.364,0.363,0.367,0.374,26.948,100.0,953.93024,1.7
2026-07-16 00:00:00+07:00,24.5405,23.9405,0.2,0.2,0.01,3.0758414,7.689506,8.052443,159.44388,207.1496,207.1496,16.919998,24.6905,26.598,27.698,0.367,0.368,0.368,0.374,26.647999,100.0,953.6551,0.0
2026-07-16 01:00:00+07:00,24.9405,24.240501,0.7,0.7,0.01,2.8856194,8.3791,8.774585,176.42374,199.57321,199.57321,16.199999,24.6905,26.547998,27.598,0.362,0.364,0.368,0.374,27.047998,100.0,952.9679,0.0
2026-07-16 02:00:00+07:00,24.140501,23.5905,1.5,0.20000005,0.02,2.1749482,6.0825677,6.369659,155.55606,213.23172,213.23172,16.56,24.0905,26.397999,27.498,0.36,0.362,0.367,0.374,26.848,100.0,952.6383,1.3
2026-07-16 03:00:00+07:00,23.9405,23.390501,2.0,0.70000005,0.02,3.2599385,8.793151,9.208179,173.6599,208.61037,208.61037,18.72,23.8405,26.297998,27.397999,0.359,0.361,0.366,0.374,26.748,100.0,952.4138,1.3
2026-07-16 04:00:00+07:00,23.990501,23.5405,0.7,0.7,0.02,3.4623692,9.895018,10.362053,207.89717,217.07317,217.07317,16.56,23.890501,26.147999,27.297998,0.358,0.36,0.365,0.374,26.647999,100.0,952.42285,0.0
2026-07-16 05:00:00+07:00,23.9405,23.0905,0.7,0.5,0.02,6.050785,14.357369,15.035023,210.37904,212.52487,212.52487,23.039999,23.640501,26.047998,27.198,0.358,0.36,0.365,0.374,26.448,100.0,952.79236,0.2
2026-07-16 06:00:00+07:00,23.740501,23.2905,0.6,0.3,0.02,6.725354,14.361655,15.039512,195.52417,205.31285,205.31285,25.56,23.640501,25.948,27.098,0.361,0.36,0.364,0.373,26.348,100.0,953.32513,0.3
2026-07-16 07:00:00+07:00,24.5405,23.5905,0.3,0.3,0.03,6.638072,12.167665,12.741967,220.60121,222.66266,222.66266,22.319998,24.390501,25.748,26.998,0.378,0.377,0.378,0.373,26.047998,100.0,953.5604,0.0
2026-07-16 08:00:00+07:00,24.640501,23.890501,1.1,0.5,0.04,9.178235,15.633095,16.370962,221.82008,224.09071,224.09071,28.8,24.5405,25.948,26.897999,0.378,0.378,0.379,0.373,25.948,100.0,953.7672,0.6
2026-07-16 09:00:00+07:00,24.7905,24.0905,1.0,0.3,0.08,9.567131,14.657584,15.349409,221.18582,222.08908,222.08908,28.08,24.890501,26.147999,26.848,0.386,0.383,0.379,0.374,25.348,100.0,953.88806,0.7
2026-07-16 10:00:00+07:00,24.740501,23.990501,1.3,0.39999998,0.09,8.936778,15.072742,15.784162,214.33028,219.80553,219.80553,29.519999,24.640501,26.198,26.797998,0.384,0.385,0.381,0.375,25.248,100.0,953.97406,0.9
2026-07-16 11:00:00+07:00,24.990501,24.140501,1.1,1.0,0.10000001,7.8149853,12.297252,12.87767,218.45374,222.10866,222.10866,26.64,25.0405,26.297998,26.748,0.423,0.408,0.385,0.375,24.547998,100.0,954.0178,0.1
2026-07-16 12:00:00+07:00,25.390501,24.2905,1.2,1.1,0.07000001,5.9427266,8.603839,9.009932,215.13428,219.20718,219.20718,23.4,25.4405,26.397999,26.748,0.411,0.413,0.404,0.377,24.547998,100.0,953.8036,0.1
2026-07-16 13:00:00+07:00,25.140501,24.2905,1.4,1.1999999,0.13,6.7397914,10.494333,10.989656,214.11452,218.21107,218.21107,23.4,25.3405,26.547998,26.748,0.391,0.39,0.388,0.377,25.448,100.0,953.9491,0.2
2026-07-16 14:00:00+07:00,25.3405,24.490501,0.8,0.8,0.09,6.297428,9.002439,9.427344,210.96368,213.07068,213.07068,22.319998,25.5905,26.397999,26.698,0.41,0.409,0.396,0.378,24.647999,100.0,952.7536,0.0
2026-07-16 15:00:00+07:00,25.3405,24.390501,0.4,0.4,0.09,5.318383,7.225162,7.5661836,203.9625,209.0545,209.0545,21.24,25.7905,26.547998,26.698,0.396,0.398,0.399,0.38,24.948,100.0,951.6177,0.0
2026-07-16 16:00:00+07:00,26.140501,24.240501,0.3,0.20000002,0.10000001,6.21717,8.787898,9.202679,202.1095,206.05344,206.05344,19.44,26.8405,26.698,26.698,0.394,0.395,0.398,0.382,25.047998,100.0,951.18854,0.1
2026-07-16 17:00:00+07:00,26.0905,24.3405,0.0,0.0,0.08,4.514377,6.6760406,6.9911437,175.42616,183.01273,183.01273,20.16,26.390501,26.748,26.748,0.394,0.395,0.397,0.384,24.948,100.0,950.801,0.0
2026-07-16 18:00:00+07:00,25.8405,24.390501,0.0,0.0,0.050000004,3.8856654,7.9163246,8.289968,166.60748,192.80426,192.80426,15.4800005,25.8405,26.647999,26.748,0.39,0.392,0.396,0.386,24.948,100.0,950.7577,0.0
2026-07-16 19:00:00+07:00,25.0905,23.990501,0.2,0.2,0.03,3.4949677,6.9405184,7.268104,191.88864,200.72563,200.72563,14.4,24.9405,26.498,26.797998,0.382,0.381,0.385,0.383,25.147999,100.0,951.858,0.0
2026-07-16 20:00:00+07:00,24.8405,23.7905,0.9,0.29999995,0.01,0.5091169,4.5615044,4.776803,135.0001,202.6199,202.6199,15.119999,24.740501,26.248,26.748,0.388,0.386,0.384,0.384,24.848,100.0,952.4771,0.6
2026-07-16 21:00:00+07:00,24.640501,23.890501,1.0,0.5,0.01,1.4512063,6.2890677,6.5859056,119.74479,210.1413,210.1413,13.679999,24.5405,26.047998,26.698,0.384,0.385,0.385,0.384,24.948,100.0,952.726,0.5
2026-07-16 22:00:00+07:00,24.5405,23.640501,0.9,0.49999997,0.01,2.7416782,9.932275,10.401069,203.19862,215.65541,215.65541,19.8,24.2905,25.897999,26.647999,0.399,0.398,0.389,0.385,24.848,100.0,953.37115,0.4
2026-07-16 23:00:00+07:00,24.1905,23.3405,1.8,0.39999998,-0.0,0.25455844,4.0389886,4.229625,44.999897,214.3804,214.3804,19.44,23.9405,25.748,26.598,0.404,0.4,0.393,0.386,24.848,100.0,953.4988,1.4
2026-07-17 00:00:00+07:00,24.390501,23.3405,2.2,0.6,0.01,1.0495713,6.9648666,7.2936015,210.96368,220.91429,220.91429,17.64,24.1905,25.647999,26.547998,0.39,0.393,0.395,0.387,24.948,100.0,953.06067,1.6
2026-07-17 01:00:00+07:00,24.140501,23.1905,1.4,0.59999996,0.01,0.40249225,4.49352,4.7056093,63.435013,218.65984,218.65984,19.44,23.890501,25.598,26.498,0.379,0.382,0.388,0.387,25.547998,100.0,952.6383,0.8
2026-07-17 02:00:00+07:00,23.5905,23.3405,1.7,0.5,0.01,4.2021422,8.566193,8.97051,189.86574,214.9921,214.9921,21.599998,23.5905,25.498,26.448,0.382,0.382,0.386,0.388,25.348,100.0,952.06836,1.2
2026-07-17 03:00:00+07:00,23.640501,23.4405,1.6,0.8,0.01,1.835647,5.7922587,6.065648,168.69011,215.13428,215.13428,21.599998,23.640501,25.397999,26.397999,0.413,0.405,0.39,0.388,25.047998,100.0,951.69855,0.8
2026-07-17 04:00:00+07:00,23.5405,23.240501,1.5,0.5,0.01,5.414979,11.252962,11.784091,201.4478,210.96368,210.96368,22.319998,23.490501,25.297998,26.297998,0.417,0.416,0.402,0.389,24.748,100.0,951.5865,1.0
2026-07-17 05:00:00+07:00,23.5905,23.1905,1.0,0.5,0.01,4.1085763,11.340154,11.875398,208.8107,214.91948,214.91948,21.96,23.490501,25.248,26.248,0.403,0.405,0.407,0.391,24.948,100.0,951.6899,0.5
2026-07-17 06:00:00+07:00,23.5905,23.0905,0.7,0.59999996,0.01,5.3517847,12.945941,13.556977,199.65392,206.56499,206.56499,20.519999,23.390501,25.147999,26.198,0.422,0.419,0.408,0.394,24.348,100.0,951.97375,0.1
2026-07-17 07:00:00+07:00,23.990501,23.4405,0.7,0.5,0.01,8.139901,14.667031,15.359302,215.09589,216.73291,216.73291,21.96,23.9405,25.047998,26.098,0.416,0.416,0.413,0.395,24.248,100.0,952.7068,0.2
2026-07-17 08:00:00+07:00,24.0905,23.490501,1.4,1.0,0.03,8.217153,14.938388,15.643465,208.8107,213.50346,213.50346,27.359999,24.0405,25.147999,26.047998,0.408,0.409,0.412,0.397,24.448,100.0,953.10266,0.4
2026-07-17 09:00:00+07:00,24.5905,23.890501,1.3,0.59999996,0.050000004,8.856658,13.097223,13.715401,217.56866,219.0194,219.0194,27.72,24.6905,25.348,25.998,0.41,0.408,0.41,0.4,24.848,100.0,953.2852,0.7
2026-07-17 10:00:00+07:00,24.9405,24.3405,1.6,0.70000005,0.08,7.44121,11.1953745,11.723785,212.15227,212.19571,212.19571,26.64,25.240501,25.448,25.998,0.415,0.412,0.411,0.402,24.848,100.0,953.25183,0.9
2026-07-17 11:00:00+07:00,26.0405,25.140501,0.9,0.29999995,0.09,8.53815,11.5845175,12.131296,214.69522,215.13428,215.13428,27.0,27.2905,25.547998,25.998,0.454,0.448,0.425,0.404,23.948,100.0,953.4431,0.6
2026-07-17 12:00:00+07:00,25.9405,24.8405,0.7,0.19999999,0.10000001,10.630672,14.472672,15.155769,208.30066,210.60632,210.60632,30.599998,27.5405,25.598,25.948,0.434,0.437,0.443,0.412,24.147999,98.0,952.9526,0.5
2026-07-17 13:00:00+07:00,24.4405,23.6905,0.7,0.29999998,0.11,7.4128532,12.461356,13.0495205,209.0545,215.25644,215.25644,32.039997,24.390501,25.547998,25.948,0.44,0.442,0.451,0.422,23.748,100.0,953.44794,0.4
2026-07-17 14:00:00+07:00,24.7905,24.0405,1.2,0.70000005,0.07000001,7.995323,11.884851,12.445806,211.18492,211.10875,211.10875,25.919998,25.0405,25.547998,25.948,0.425,0.427,0.437,0.429,23.948,100.0,951.99506,0.5
2026-07-17 15:00:00+07:00,25.140501,24.390501,0.4,0.2,0.09,7.889259,11.976438,12.541715,207.1496,211.82741,211.82741,27.0,26.240501,25.698,25.948,0.412,0.416,0.425,0.431,24.248,100.0,951.67737,0.2
2026-07-17 16:00:00+07:00,25.390501,24.2905,0.5,0.3,0.12,8.536252,12.5781355,13.171811,204.94388,210.1413,210.1413,26.28,26.4405,25.897999,25.948,0.4,0.404,0.414,0.431,25.147999,95.0,951.3424,0.2
2026-07-17 17:00:00+07:00,25.2905,23.990501,0.2,0.2,0.13,8.6193495,12.907845,13.517082,208.70586,211.09724,211.09724,26.28,25.990501,25.948,25.998,0.394,0.397,0.407,0.429,25.647999,98.0,951.2303,0.0
2026-07-17 18:00:00+07:00,24.7905,23.6905,0.1,0.1,0.09,6.763786,11.300728,11.834112,205.2011,207.75845,207.75845,24.84,25.1905,25.797998,25.998,0.387,0.391,0.401,0.426,25.647999,86.0,951.0485,0.0
2026-07-17 19:00:00+07:00,24.490501,23.740501,0.1,0.1,0.04,6.320538,13.495392,14.132361,199.9832,206.23187,206.23187,22.319998,24.240501,25.198,25.948,0.383,0.387,0.397,0.424,25.147999,100.0,951.6587,0.0
2026-07-17 20:00:00+07:00,24.240501,23.390501,0.0,0.0,0.03,4.379589,11.4374485,11.977286,189.46225,200.659,200.659,20.519999,23.890501,25.047998,25.897999,0.38,0.384,0.393,0.421,25.047998,100.0,952.2773,0.0
2026-07-17 21:00:00+07:00,24.140501,23.240501,0.0,0.0,0.02,3.143565,10.001759,10.473833,193.24052,201.61484,201.61484,17.28,23.740501,24.848,25.848,0.382,0.383,0.391,0.417,24.948,100.0,952.733,0.0
2026-07-17 22:00:00+07:00,24.0405,23.140501,0.0,0.0,0.02,2.9024127,9.263629,9.700863,187.12492,204.62355,204.62355,15.4800005,23.6905,24.698,25.797998,0.384,0.385,0.39,0.414,24.948,100.0,953.28326,0.0
2026-07-17 23:00:00+07:00,23.9405,23.0905,0.0,0.0,0.02,2.226477,7.269757,7.612882,165.96373,199.74693,199.74693,14.759999,23.640501,24.598,25.748,0.38,0.384,0.389,0.412,24.848,100.0,953.54944,0.0
2026-07-18 00:00:00+07:00,23.640501,22.990501,0.2,0.1,0.02,2.968636,9.509563,9.958406,194.03627,209.8759,209.8759,16.919998,23.3405,24.547998,25.698,0.377,0.38,0.388,0.41,24.748,100.0,953.4019,0.1
2026-07-18 01:00:00+07:00,23.6905,23.0905,0.8,0.3,0.02,4.802999,11.376738,11.913708,192.99461,206.56499,206.56499,18.359999,23.4405,24.397999,25.598,0.377,0.38,0.387,0.408,24.647999,100.0,952.6537,0.5
2026-07-18 02:00:00+07:00,23.4405,22.890501,0.4,0.4,0.02,4.3349743,11.2734585,11.805555,184.76355,200.97357,200.97357,17.64,23.1905,24.297998,25.547998,0.378,0.381,0.386,0.406,24.547998,100.0,952.1365,0.0
2026-07-18 03:00:00+07:00,23.2905,22.8405,0.7,0.7,0.02,4.7657523,11.211858,11.741047,190.88548,200.13638,200.13638,17.28,23.1905,24.248,25.498,0.382,0.382,0.385,0.404,24.348,100.0,951.8261,0.0
2026-07-18 04:00:00+07:00,23.140501,22.740501,0.7,0.7,0.02,4.2021422,10.987238,11.505825,189.86574,199.59238,199.59238,16.919998,23.0905,24.198,25.397999,0.377,0.38,0.385,0.403,24.348,100.0,951.7052,0.0
2026-07-18 05:00:00+07:00,23.140501,22.640501,0.5,0.5,0.02,4.802999,12.348458,12.9312935,192.99461,202.55728,202.55728,17.28,22.9405,24.098,25.348,0.378,0.38,0.384,0.401,24.248,100.0,951.61066,0.0
2026-07-18 06:00:00+07:00,23.0905,22.5405,0.5,0.5,0.02,4.8466477,12.186624,12.761821,195.06854,202.8737,202.8737,17.64,22.9405,24.047998,25.297998,0.376,0.377,0.383,0.4,24.147999,100.0,952.0747,0.0
2026-07-18 07:00:00+07:00,23.3405,22.740501,0.5,0.5,0.01,5.896202,11.601776,12.149369,192.33908,200.35332,200.35332,17.64,23.2905,24.047998,25.248,0.38,0.381,0.384,0.399,24.147999,100.0,952.40283,0.0
2026-07-18 08:00:00+07:00,23.5905,22.8405,0.5,0.3,0.03,7.1208143,12.255884,12.83435,196.14441,203.6294,203.6294,20.880001,23.5905,24.248,25.198,0.372,0.376,0.382,0.398,24.147999,100.0,952.7308,0.2
2026-07-18 09:00:00+07:00,23.6905,22.9405,0.5,0.3,0.08,7.229191,11.935246,12.498579,198.88618,204.30453,204.30453,21.96,23.740501,24.647999,25.147999,0.37,0.373,0.381,0.397,24.147999,100.0,953.12683,0.2
2026-07-18 10:00:00+07:00,23.9405,23.0905,0.8,0.19999999,0.15,7.628263,11.775575,12.331371,199.29015,204.65588,204.65588,22.68,24.2905,24.998,25.198,0.367,0.371,0.379,0.395,24.348,100.0,953.36017,0.6
2026-07-18 11:00:00+07:00,24.5405,23.1905,1.0,0.5,0.20000002,10.261579,14.804893,15.503669,217.87505,220.67485,220.67485,27.359999,25.0405,25.397999,25.248,0.365,0.369,0.377,0.394,24.748,100.0,953.2765,0.5
2026-07-18 12:00:00+07:00,25.140501,23.140501,0.8,0.3,0.23,12.124306,17.502968,18.329092,220.78572,222.96909,222.96909,30.239998,26.240501,25.647999,25.297998,0.363,0.367,0.375,0.393,24.948,100.0,952.71857,0.5
2026-07-18 13:00:00+07:00,25.990501,22.890501,0.5,0.19999999,0.16,9.449572,12.692628,13.291708,220.36446,220.5153,220.5153,31.68,27.5405,25.647999,25.348,0.364,0.367,0.374,0.392,25.147999,100.0,952.9613,0.3
2026-07-18 14:00:00+07:00,26.1905,23.140501,0.3,0.3,0.16,10.1902895,13.930839,14.58836,215.65541,216.29272,216.29272,27.0,28.0405,25.647999,25.397999,0.362,0.365,0.373,0.391,25.147999,92.0,951.3866,0.0
2026-07-18 15:00:00+07:00,27.740501,22.9405,0.2,0.1,0.14000002,12.351987,16.499989,17.278772,223.22856,224.56926,224.56926,31.319998,30.2905,25.598,25.448,0.36,0.364,0.371,0.389,25.248,94.0,951.18,0.1
2026-07-18 16:00:00+07:00,27.140501,22.990501,0.2,0.1,0.14000002,13.184308,18.344437,19.210278,212.17119,213.6901,213.6901,32.399998,28.2905,25.647999,25.498,0.359,0.363,0.37,0.388,25.248,99.0,950.7929,0.1
2026-07-18 17:00:00+07:00,26.390501,23.0405,0.2,0.2,0.07000001,11.351422,16.712217,17.501019,207.37762,206.83397,206.83397,32.399998,26.9405,25.397999,25.547998,0.359,0.362,0.369,0.387,25.248,98.0,950.9479,0.0
2026-07-18 18:00:00+07:00,25.640501,23.140501,0.1,0.1,0.050000004,8.242743,12.999328,13.612884,211.60745,211.75943,211.75943,28.44,25.640501,25.297998,25.547998,0.359,0.361,0.368,0.386,25.248,99.0,951.3858,0.0
2026-07-18 19:00:00+07:00,24.6905,23.1905,0.1,0.1,0.02,5.1826253,13.103097,13.721551,200.32323,206.22191,206.22191,21.24,24.0405,25.047998,25.498,0.362,0.364,0.37,0.386,25.248,99.0,952.2616,0.0
2026-07-18 20:00:00+07:00,24.2905,22.890501,0.1,0.1,0.01,4.1046314,11.775575,12.331371,195.25517,204.65588,204.65588,17.28,23.5405,24.848,25.498,0.361,0.363,0.37,0.386,25.147999,98.0,952.7592,0.0
2026-07-18 21:00:00+07:00,24.0905,22.740501,0.1,0.1,0.01,3.2599385,9.877894,10.344122,186.3401,199.72237,199.72237,15.4800005,23.3405,24.698,25.448,0.361,0.363,0.369,0.385,25.047998,99.0,953.292,0.0
2026-07-18 22:00:00+07:00,23.740501,22.490501,0.0,0.0,0.01,3.0652895,9.815374,10.278651,183.3664,204.27443,204.27443,13.679999,22.890501,24.598,25.448,0.36,0.363,0.368,0.384,25.047998,99.0,953.7036,0.0
2026-07-18 23:00:00+07:00,23.4405,22.2905,0.0,0.0,0.01,3.604497,10.946542,11.463208,182.86235,201.63095,201.63095,14.759999,22.5905,24.498,25.397999,0.36,0.362,0.368,0.384,24.948,99.0,953.9343,0.0
2026-07-19 00:00:00+07:00,23.240501,22.140501,0.0,0.0,0.01,3.4949677,10.8278,11.338861,191.88864,206.98015,206.98015,15.119999,22.390501,24.397999,25.348,0.359,0.362,0.367,0.383,24.848,99.0,953.52057,0.0
2026-07-19 01:00:00+07:00,23.1905,22.140501,0.0,0.0,0.01,3.6179552,11.242016,11.772628,185.7105,202.9638,202.9638,15.119999,22.490501,24.297998,25.297998,0.366,0.366,0.368,0.382,24.748,100.0,953.3225,0.0
2026-07-19 02:00:00+07:00,23.2905,22.1905,0.0,0.0,0.01,4.3832865,12.085172,12.655581,199.17911,207.68097,207.68097,16.56,22.890501,24.248,25.248,0.368,0.368,0.369,0.382,24.647999,100.0,952.96155,0.0
2026-07-19 03:00:00+07:00,23.0905,22.0405,0.0,0.0,0.01,3.644722,11.252962,11.784091,200.22495,210.96368,210.96368,16.56,22.640501,24.198,25.198,0.369,0.369,0.369,0.381,24.647999,100.0,952.83167,0.0
2026-07-19 04:00:00+07:00,23.240501,22.0905,0.0,0.0,0.01,2.9301877,9.4949875,9.943142,190.6196,207.51192,207.51192,15.4800005,22.890501,24.147999,25.147999,0.375,0.373,0.371,0.381,24.547998,100.0,952.8582,0.0
2026-07-19 05:00:00+07:00,23.1905,21.990501,0.0,0.0,0.01,4.143911,10.987238,11.505825,182.4895,199.59238,199.59238,15.119999,22.890501,24.098,25.098,0.379,0.377,0.373,0.381,24.647999,100.0,952.8494,0.0
2026-07-19 06:00:00+07:00,23.240501,22.0405,0.0,0.0,0.01,3.319036,9.975566,10.4464035,192.5288,203.86018,203.86018,15.4800005,22.990501,24.047998,25.047998,0.38,0.378,0.375,0.381,24.647999,100.0,953.23676,0.0
2026-07-19 07:00:00+07:00,23.490501,21.9405,0.0,0.0,0.01,3.550155,7.401926,7.7512894,210.46547,211.42952,211.42952,14.4,23.4405,24.098,25.047998,0.375,0.378,0.377,0.381,24.647999,100.0,953.4703,0.0
2026-07-19 08:00:00+07:00,24.140501,22.140501,0.0,0.0,0.02,6.439876,9.031454,9.457729,206.56499,209.0545,209.0545,17.64,25.0405,24.198,24.998,0.372,0.373,0.377,0.381,24.647999,100.0,953.96326,0.0
2026-07-19 09:00:00+07:00,24.740501,22.3405,0.0,0.0,0.03,8.797931,12.218154,12.79484,210.76265,212.09256,212.09256,24.119999,25.8405,24.448,24.998,0.37,0.372,0.376,0.381,24.547998,100.0,954.06866,0.0
2026-07-19 10:00:00+07:00,25.7905,22.3405,0.1,0.1,0.06,8.6193495,11.555254,12.100651,208.70586,210.0685,210.0685,22.68,27.240501,24.748,24.998,0.367,0.37,0.375,0.381,24.448,100.0,954.3467,0.0
2026-07-19 11:00:00+07:00,26.390501,22.640501,0.3,0.20000002,0.09,7.4520864,10.001759,10.473833,232.85323,232.12495,232.12495,24.48,28.890501,24.998,25.047998,0.364,0.367,0.374,0.381,24.647999,100.0,953.8829,0.1
2026-07-19 12:00:00+07:00,26.890501,23.3405,0.4,0.099999994,0.10000001,6.7205353,8.768613,9.182483,249.62347,250.11475,250.11475,21.24,29.0905,25.198,25.047998,0.363,0.366,0.372,0.38,24.748,100.0,953.4011,0.3
2026-07-19 13:00:00+07:00,27.890501,23.390501,0.1,0.1,0.12,7.0015144,9.0993595,9.528841,252.03076,250.86626,250.86626,22.68,30.390501,25.348,25.147999,0.362,0.365,0.371,0.38,24.748,99.0,952.5314,0.0
2026-07-19 14:00:00+07:00,28.240501,23.3405,0.1,0.1,0.10000001,5.9834766,7.5948553,7.9533253,263.08887,263.36758,263.36758,21.599998,30.3405,25.297998,25.147999,0.362,0.364,0.37,0.38,23.948,98.0,951.45483,0.0
2026-07-19 15:00:00+07:00,29.0405,23.5405,0.1,0.0,0.09,5.7964473,7.395685,7.7447553,244.23071,247.69374,247.69374,22.68,31.490501,25.348,25.198,0.362,0.364,0.369,0.379,23.647999,99.0,951.02264,0.1
2026-07-19 16:00:00+07:00,26.390501,23.990501,2.6,0.099999905,0.08,9.840914,13.55002,14.1895685,219.80553,221.3254,221.3254,25.56,26.9405,25.348,25.248,0.362,0.363,0.368,0.379,23.748,100.0,950.56915,2.5
2026-07-19 17:00:00+07:00,25.5905,24.2905,2.8,0.79999995,0.04,3.550155,6.325668,6.6242332,239.53453,236.3099,236.3099,24.84,25.5405,25.147999,25.297998,0.361,0.363,0.367,0.379,23.848,100.0,950.90375,2.0
2026-07-19 18:00:00+07:00,25.4405,24.7905,0.4,0.4,0.03,2.4014995,4.8174853,5.044866,167.00539,190.49142,190.49142,13.32,25.5905,24.998,25.297998,0.36,0.362,0.367,0.378,23.948,100.0,951.35114,0.0
2026-07-19 19:00:00+07:00,24.640501,23.990501,2.2,0.70000005,0.01,3.319036,9.056977,9.484458,220.60121,224.21526,224.21526,16.56,24.4405,24.848,25.297998,0.359,0.361,0.366,0.378,23.848,100.0,952.2528,1.5
2026-07-19 20:00:00+07:00,24.3405,23.890501,0.5,0.5,0.01,2.3469126,7.4949045,7.8486576,184.39862,200.55612,200.55612,12.959999,24.1905,24.647999,25.297998,0.367,0.364,0.366,0.378,23.547998,100.0,952.76794,0.0
2026-07-19 21:00:00+07:00,24.2905,23.740501,0.2,0.2,0.01,2.4482646,7.5358605,7.8915462,162.89719,192.09474,192.09474,11.5199995,23.990501,24.547998,25.248,0.377,0.372,0.367,0.377,23.348,100.0,953.4217,0.0
2026-07-19 22:00:00+07:00,24.140501,23.390501,0.1,0.1,0.01,2.3469126,7.269757,7.612882,175.60138,199.74693,199.74693,11.5199995,23.6905,24.448,25.198,0.383,0.38,0.371,0.377,23.348,100.0,953.96326,0.0
2026-07-19 23:00:00+07:00,23.990501,23.1905,0.1,0.1,0.01,2.5455842,7.611049,7.970284,188.13002,205.97433,205.97433,11.5199995,23.490501,24.348,25.198,0.374,0.375,0.373,0.377,23.547998,100.0,954.1263,0.0
2026-07-20 00:00:00+07:00,23.740501,23.240501,0.3,0.20000002,0.01,2.4014995,8.009097,8.387119,192.99461,208.8107,208.8107,12.24,23.5905,24.248,25.147999,0.37,0.372,0.374,0.378,23.748,100.0,953.7036,0.1
2026-07-20 01:00:00+07:00,23.640501,23.1905,0.1,0.1,0.01,2.36753,8.1783285,8.564339,171.25392,202.71445,202.71445,12.24,23.490501,24.198,25.098,0.368,0.37,0.373,0.378,23.848,100.0,953.2126,0.0
2026-07-20 02:00:00+07:00,23.5905,23.0905,0.0,0.0,0.01,3.06,9.191913,9.625763,180.0,203.6294,203.6294,13.32,23.4405,24.147999,25.047998,0.366,0.368,0.373,0.378,23.948,100.0,952.7308,0.0
2026-07-20 03:00:00+07:00,23.5905,23.140501,0.1,0.1,0.01,3.604497,9.431561,9.876722,177.13765,198.43504,198.43504,14.4,23.4405,24.047998,25.047998,0.365,0.367,0.372,0.378,23.948,100.0,952.63617,0.0
2026-07-20 04:00:00+07:00,23.5905,23.140501,0.1,0.1,0.01,3.244996,8.829829,9.246589,183.17976,200.95586,200.95586,14.04,23.490501,23.998,24.998,0.364,0.366,0.371,0.378,23.848,100.0,952.4469,0.0
2026-07-20 05:00:00+07:00,23.490501,23.0405,0.1,0.1,0.01,3.6179552,9.877894,10.344122,185.7105,199.72237,199.72237,14.04,23.2905,23.948,24.948,0.363,0.365,0.37,0.378,23.647999,100.0,952.61865,0.0
2026-07-20 06:00:00+07:00,23.490501,22.9405,0.1,0.1,0.01,4.6730714,10.991438,11.510223,195.6423,204.51962,204.51962,16.199999,23.3405,23.848,24.897999,0.362,0.364,0.369,0.377,22.848,100.0,952.9025,0.0
2026-07-20 07:00:00+07:00,23.8405,22.990501,0.0,0.0,0.02,6.037383,11.102888,11.626935,206.56499,211.4295,211.4295,18.72,23.8405,23.848,24.848,0.361,0.363,0.368,0.377,22.348,100.0,953.34265,0.0
2026-07-20 08:00:00+07:00,23.990501,23.0905,0.3,0.0,0.02,6.21717,9.887238,10.353906,202.1095,207.47435,207.47435,20.16,24.3405,23.948,24.797998,0.36,0.362,0.367,0.377,22.248,100.0,953.8424,0.3
2026-07-20 09:00:00+07:00,24.4405,23.1905,0.6,0.100000024,0.03,7.970972,11.252962,11.784091,205.40767,210.96368,210.96368,21.96,24.6905,24.098,24.797998,0.359,0.361,0.367,0.377,22.348,100.0,954.29974,0.5
2026-07-20 10:00:00+07:00,24.990501,23.4405,0.5,0.099999994,0.04,8.36758,11.565903,12.111803,198.8248,202.28563,202.28563,23.039999,25.2905,24.248,24.797998,0.359,0.361,0.366,0.377,22.547998,100.0,954.68036,0.4
2026-07-20 11:00:00+07:00,25.890501,23.390501,0.1,0.0,0.07000001,9.901636,13.209547,13.833025,207.03078,210.31113,210.31113,24.84,27.1905,24.448,24.797998,0.383,0.374,0.366,0.376,22.948,100.0,954.5532,0.1
2026-07-20 12:00:00+07:00,25.8405,23.2905,0.2,0.1,0.08,9.194106,13.025348,13.640131,203.05133,207.25525,207.25525,27.0,27.3405,24.698,24.797998,0.404,0.395,0.373,0.376,23.348,100.0,954.07104,0.1
2026-07-20 13:00:00+07:00,26.6905,22.890501,0.2,0.2,0.08,11.091564,15.1856575,15.902406,228.28934,229.68597,229.68597,29.88,28.6905,24.897999,24.848,0.406,0.402,0.385,0.377,23.547998,100.0,953.65076,0.0
2026-07-20 14:00:00+07:00,27.140501,22.6905,0.5,0.5,0.07000001,9.67657,13.040698,13.656207,226.50737,227.72636,227.72636,28.44,28.6905,24.848,24.897999,0.401,0.4,0.392,0.378,23.448,100.0,952.8761,0.0
2026-07-20 15:00:00+07:00,26.990501,22.640501,0.4,0.4,0.09,9.54679,13.288535,13.915742,224.23619,227.67548,227.67548,25.919998,27.8405,24.948,24.897999,0.397,0.397,0.395,0.38,23.348,100.0,952.4715,0.0
2026-07-20 16:00:00+07:00,26.240501,22.6905,0.1,0.1,0.09,8.338489,12.421772,13.008068,212.6609,216.38445,216.38445,24.48,26.1905,24.998,24.948,0.394,0.395,0.396,0.381,23.248,100.0,952.24713,0.0
2026-07-20 17:00:00+07:00,25.490501,22.8405,0.1,0.1,0.07000001,7.1321807,12.594032,13.188458,190.17545,198.68744,198.68744,21.24,25.240501,24.897999,24.998,0.391,0.393,0.395,0.383,23.348,100.0,952.3065,0.0
2026-07-20 18:00:00+07:00,24.9405,22.640501,0.1,0.1,0.050000004,8.766573,15.573915,16.308989,199.17911,202.52061,202.52061,23.039999,24.490501,24.797998,24.998,0.387,0.389,0.393,0.384,23.448,100.0,952.4946,0.0
2026-07-20 19:00:00+07:00,24.0905,22.6905,0.5,0.0,0.02,5.7964473,13.189726,13.812269,205.76927,208.61037,208.61037,23.039999,23.640501,24.598,24.998,0.383,0.385,0.391,0.385,23.547998,100.0,953.00806,0.5
2026-07-20 20:00:00+07:00,23.890501,22.6905,0.3,0.3,0.01,4.2175345,11.299365,11.8326845,219.80553,216.15828,216.15828,18.0,23.4405,24.448,24.998,0.379,0.382,0.388,0.386,23.647999,100.0,953.72986,0.0
2026-07-20 21:00:00+07:00,23.740501,22.490501,0.2,0.2,0.01,3.710795,9.877893,10.34412,219.09384,213.40784,213.40784,15.84,23.4405,24.297998,24.998,0.377,0.379,0.386,0.386,23.748,100.0,954.4607,0.0
2026-07-20 22:00:00+07:00,23.490501,22.240501,0.1,0.1,0.01,2.995797,8.815874,9.231976,212.73521,211.15924,211.15924,14.4,23.1905,24.198,24.948,0.374,0.377,0.384,0.387,23.748,100.0,955.0789,0.0
2026-07-20 23:00:00+07:00,23.1905,22.0905,0.0,0.0,0.01,2.9024127,8.553607,8.957329,209.7448,205.51382,205.51382,12.599999,22.990501,24.047998,24.897999,0.372,0.375,0.382,0.387,23.647999,100.0,955.0257,0.0
2026-07-21 00:00:00+07:00,22.990501,21.9405,0.0,0.0,0.01,2.9522195,8.238326,8.627168,217.56866,206.56499,206.56499,12.599999,22.8405,23.948,24.897999,0.37,0.373,0.38,0.387,23.547998,100.0,954.61194,0.0
2026-07-21 01:00:00+07:00,22.7905,21.8405,0.1,0.1,0.01,2.7475805,7.611049,7.970284,211.60745,205.97433,205.97433,12.599999,22.740501,23.848,24.848,0.369,0.372,0.378,0.387,23.448,100.0,954.00854,0.0
2026-07-21 02:00:00+07:00,22.6905,21.6905,0.3,0.3,0.01,2.5071096,7.5582924,7.915036,201.03758,201.80147,201.80147,12.24,22.6905,23.797998,24.797998,0.367,0.37,0.377,0.386,23.348,100.0,953.51764,0.0
2026-07-21 03:00:00+07:00,22.5905,21.640501,0.2,0.2,0.01,2.4014995,7.435118,7.7860494,192.99461,199.29015,199.29015,11.879999,22.5905,23.748,24.748,0.366,0.369,0.375,0.386,23.248,100.0,953.2163,0.0
2026-07-21 04:00:00+07:00,22.5405,21.640501,0.9,0.19999999,-0.0,1.3104197,6.001055,6.2842994,164.05453,195.25517,195.25517,11.5199995,22.6905,23.698,24.698,0.365,0.368,0.374,0.385,23.147999,100.0,953.1127,0.7
2026-07-21 05:00:00+07:00,22.490501,21.6905,6.2,0.7999997,0.01,2.3051248,5.6687193,5.936278,218.65984,201.80147,201.80147,10.08,22.5905,23.647999,24.647999,0.364,0.367,0.373,0.385,23.147999,100.0,953.29315,5.4
2026-07-21 06:00:00+07:00,22.390501,21.5905,2.4,1.8000001,-0.0,1.26,4.184955,4.3824816,270.0,213.02386,213.02386,11.159999,22.5905,23.547998,24.598,0.363,0.366,0.372,0.385,23.147999,97.0,953.55914,0.6
2026-07-21 07:00:00+07:00,22.6905,21.9405,0.4,0.4,0.01,2.9301877,6.217696,6.511166,190.6196,196.38962,196.38962,10.799999,22.740501,23.647999,24.547998,0.363,0.365,0.371,0.384,23.147999,100.0,954.17993,0.0
2026-07-21 08:00:00+07:00,23.0405,22.1905,0.1,0.1,0.03,3.3043609,6.049586,6.3351207,209.35765,209.53868,209.53868,11.879999,23.240501,23.897999,24.547998,0.361,0.364,0.37,0.384,23.147999,100.0,954.62067,0.0
2026-07-21 09:00:00+07:00,23.9405,22.2905,0.0,0.0,0.10000001,6.384293,8.582347,8.987426,220.426,220.85529,220.85529,17.28,24.640501,24.448,24.547998,0.36,0.363,0.369,0.383,23.948,98.0,955.15826,0.0
2026-07-21 10:00:00+07:00,25.240501,22.5405,0.0,0.0,0.21000002,6.502461,8.7158,9.127178,228.36655,229.89915,229.89915,18.72,26.740501,25.098,24.598,0.358,0.361,0.368,0.382,24.748,100.0,955.1972,0.0
2026-07-21 11:00:00+07:00,26.740501,22.5405,0.1,0.0,0.28000003,5.22,6.833253,7.155776,226.39711,228.12221,228.12221,19.08,29.1905,25.698,24.698,0.356,0.359,0.367,0.381,25.248,100.0,954.89,0.1
2026-07-21 12:00:00+07:00,28.390501,22.7905,0.0,0.0,0.28000003,2.4149535,3.3883567,3.5482838,243.43501,248.74942,248.74942,16.56,32.3905,25.998,24.848,0.358,0.361,0.366,0.381,25.647999,79.0,953.943,0.0
2026-07-21 13:00:00+07:00,29.890501,22.890501,0.1,0.1,0.29000002,3.572898,4.5917687,4.8084955,220.91429,223.45189,223.45189,15.119999,34.6405,26.248,24.948,0.355,0.358,0.365,0.38,25.748,73.0,952.8718,0.0
2026-07-21 14:00:00+07:00,30.5905,22.890501,0.1,0.0,0.39000002,6.050785,7.546066,7.902233,210.37904,215.53777,215.53777,18.359999,34.0405,26.848,25.098,0.351,0.356,0.363,0.379,26.348,86.0,951.5684,0.1
2026-07-21 15:00:00+07:00,30.4405,22.990501,0.0,0.0,0.46,8.39657,10.851935,11.364137,210.96368,214.46088,214.46088,21.96,32.5405,27.547998,25.297998,0.348,0.353,0.362,0.378,26.748,30.0,950.69086,0.0
2026-07-21 16:00:00+07:00,30.2905,23.2905,0.0,0.0,0.40000004,8.242743,10.712051,11.21765,211.60745,211.60745,211.60745,22.68,31.7905,27.797998,25.498,0.347,0.351,0.36,0.377,26.748,20.0,950.00226,0.0
2026-07-21 17:00:00+07:00,29.740501,23.490501,0.0,0.0,0.3,7.5942082,10.414842,10.906412,211.42952,212.61923,212.61923,21.24,29.9405,27.698,25.698,0.346,0.35,0.359,0.376,26.748,13.0,949.8149,0.0
2026-07-21 18:00:00+07:00,28.5905,24.3405,0.0,0.0,0.18,5.6521144,11.125044,11.650135,232.76509,232.04572,232.04572,18.359999,27.890501,27.248,25.797998,0.346,0.349,0.357,0.375,26.647999,13.0,950.3779,0.0
2026-07-21 19:00:00+07:00,26.8405,23.9405,0.0,0.0,0.06,4.5,12.167665,12.741967,233.13002,227.33734,227.33734,14.759999,25.0905,26.547998,25.897999,0.347,0.35,0.357,0.375,26.547998,20.0,951.4986,0.0
2026-07-21 20:00:00+07:00,26.0905,23.640501,0.0,0.0,0.02,4.293669,12.26216,12.840924,213.02386,213.91747,213.91747,15.4800005,24.4405,25.848,25.948,0.348,0.35,0.356,0.374,26.448,17.0,952.69446,0.0
2026-07-21 21:00:00+07:00,25.390501,23.5905,0.0,0.0,0.01,3.3043609,9.782392,10.244111,209.35765,212.54999,212.54999,15.4800005,23.890501,25.248,25.897999,0.348,0.35,0.356,0.374,26.248,12.0,953.425,0.0
2026-07-21 22:00:00+07:00,24.890501,23.2905,0.0,0.0,0.01,2.1674871,8.424893,8.822539,184.76355,211.37296,211.37296,13.32,23.140501,24.848,25.848,0.349,0.351,0.356,0.373,25.948,42.0,954.1896,0.0
2026-07-21 23:00:00+07:00,24.140501,23.2905,0.2,0.1,-0.0,4.0449967,8.603839,9.009932,302.27563,267.66275,267.66275,11.879999,23.490501,24.547998,25.748,0.349,0.351,0.356,0.373,25.647999,92.0,954.6258,0.1
2026-07-22 00:00:00+07:00,23.0405,22.6905,0.8,0.5,-0.0,0.6489992,5.023907,5.261031,303.6901,245.22488,245.22488,18.359999,22.9405,24.348,25.647999,0.349,0.351,0.356,0.372,25.348,70.0,954.526,0.3
2026-07-22 01:00:00+07:00,23.1905,22.890501,0.2,0.2,-0.0,0.742159,2.4373245,2.552364,14.036275,210.25635,210.25635,9.36,23.1905,24.198,25.547998,0.349,0.351,0.356,0.372,25.047998,74.0,954.26874,0.0
2026-07-22 02:00:00+07:00,23.0405,22.6905,0.0,0.0,-0.0,0.40249225,1.1095955,1.1619675,333.43503,198.43504,198.43504,6.4799995,22.9405,23.998,25.448,0.349,0.351,0.356,0.371,24.848,50.0,953.76904,0.0
2026-07-22 03:00:00+07:00,22.5905,22.490501,0.0,0.0,-0.0,0.0,0.7017699,0.7348927,270.0,180.0,180.0,6.12,22.4405,23.848,25.348,0.349,0.351,0.355,0.371,24.647999,73.0,953.2163,0.0
2026-07-22 04:00:00+07:00,22.6905,22.2905,0.0,0.0,-0.0,0.54,0.3923013,0.41081756,90.0,63.435013,63.435013,6.12,22.5905,23.748,25.248,0.349,0.351,0.355,0.371,24.448,100.0,952.95,0.0
2026-07-22 05:00:00+07:00,22.7905,22.2905,0.0,0.0,-0.0,1.4512063,1.8316731,1.9181263,150.2552,196.69933,196.69933,6.12,22.890501,23.647999,25.147999,0.349,0.351,0.355,0.37,24.147999,100.0,953.15704,0.0
2026-07-22 06:00:00+07:00,22.7905,22.2905,0.0,0.0,-0.0,0.742159,1.1769038,1.2324526,75.96373,206.56499,206.56499,6.12,22.890501,23.547998,25.047998,0.349,0.351,0.355,0.37,23.948,100.0,953.4409,0.0
2026-07-22 07:00:00+07:00,23.140501,22.5405,0.1,0.1,0.02,1.0948973,1.12338,1.1764023,99.46225,141.34016,141.34016,6.4799995,23.490501,23.748,24.948,0.348,0.35,0.355,0.37,24.047998,100.0,953.9762,0.0
2026-07-22 08:00:00+07:00,24.2905,22.5905,0.1,0.1,0.07000001,0.9,1.3702495,1.434924,143.13002,140.19447,140.19447,7.92,25.1905,24.498,24.948,0.346,0.349,0.355,0.369,24.647999,100.0,954.5574,0.0
2026-07-22 09:00:00+07:00,25.740501,22.990501,0.1,0.1,0.15,2.9522195,3.7299578,3.9060087,232.43134,228.81418,228.81418,11.159999,27.490501,25.598,24.998,0.344,0.347,0.354,0.369,25.547998,100.0,954.8113,0.0
2026-07-22 10:00:00+07:00,26.6905,22.9405,0.2,0.1,0.23,3.4763772,4.6318145,4.8504314,248.74942,245.37645,245.37645,12.959999,28.4405,26.698,25.098,0.341,0.345,0.353,0.368,26.448,94.0,955.071,0.1
2026-07-22 11:00:00+07:00,27.7905,23.1905,0.3,0.20000002,0.34,4.175069,5.274957,5.52393,277.4313,273.814,273.814,15.119999,31.1905,27.698,25.297998,0.337,0.342,0.351,0.367,27.248,33.0,954.6923,0.1
2026-07-22 12:00:00+07:00,29.0405,23.4405,0.2,0.1,0.45,2.6758924,3.4956663,3.6606586,250.34608,252.47433,252.47433,15.84,33.7905,28.698,25.547998,0.332,0.338,0.349,0.366,28.047998,33.0,953.76965,0.1
2026-07-22 13:00:00+07:00,30.140501,23.9405,0.1,0.1,0.54,2.0124612,2.4624522,2.5786777,169.6952,184.08554,184.08554,14.4,35.3905,29.547998,25.797998,0.328,0.335,0.347,0.365,28.748,8.0,952.5351,0.0
2026-07-22 14:00:00+07:00,30.890501,23.7905,0.1,0.1,0.58000004,1.5379207,1.8977004,1.9872701,200.55612,213.6901,213.6901,14.4,35.4905,30.198,26.098,0.325,0.332,0.345,0.364,29.248,2.0,951.42957,0.0
2026-07-22 15:00:00+07:00,31.390501,23.490501,0.1,0.1,0.59,2.226477,2.6374786,2.761965,255.96373,266.186,266.186,14.4,34.5905,30.698,26.448,0.322,0.329,0.343,0.363,29.748,6.0,950.18665,0.0
2026-07-22 16:00:00+07:00,31.390501,23.3405,0.1,0.1,0.56000006,3.0652895,3.6884665,3.8625586,266.6336,267.27374,267.27374,14.4,33.1405,30.797998,26.748,0.32,0.327,0.341,0.362,29.948,13.0,949.5233,0.0
2026-07-22 17:00:00+07:00,30.640501,23.6905,0.0,0.0,0.47000006,2.5772076,4.000704,4.189533,245.22488,232.12495,232.12495,14.4,30.990501,30.297998,26.998,0.32,0.326,0.34,0.361,29.948,21.0,949.68195,0.0
2026-07-22 18:00:00+07:00,29.4405,24.1905,0.0,0.0,0.33,2.6758924,6.217696,6.511166,199.65392,196.38962,196.38962,15.119999,28.3405,29.448,27.198,0.322,0.326,0.339,0.361,29.748,32.0,950.2378,0.0
2026-07-22 19:00:00+07:00,28.1905,24.490501,0.0,0.0,0.21000002,3.438895,8.466804,8.866428,173.99109,185.94676,185.94676,16.199999,26.1905,28.598,27.297998,0.324,0.327,0.338,0.36,29.448,38.0,950.9726,0.0
2026-07-22 20:00:00+07:00,26.990501,24.2905,0.0,0.0,0.12,3.536439,8.835057,9.252063,165.2564,186.84268,186.84268,19.8,24.990501,27.797998,27.348,0.326,0.328,0.337,0.36,29.047998,32.0,951.80865,0.0
2026-07-22 21:00:00+07:00,25.740501,23.890501,0.0,0.0,0.06,3.0758414,8.25885,8.648661,159.44388,192.26476,192.26476,24.119999,24.240501,26.998,27.297998,0.327,0.33,0.337,0.359,28.547998,21.0,952.634,0.0
2026-07-22 22:00:00+07:00,24.740501,23.490501,0.0,0.0,0.01,2.657668,7.063602,7.3969975,151.69934,194.38142,194.38142,25.919998,23.740501,26.348,27.198,0.329,0.331,0.337,0.359,28.047998,19.0,953.31146,0.0
2026-07-22 23:00:00+07:00,24.0905,23.240501,0.8,0.3,-0.0,2.4216523,4.5749793,4.790914,131.98714,184.39862,184.39862,23.4,23.4405,25.948,27.098,0.33,0.332,0.337,0.359,27.547998,33.0,953.57587,0.5
2026-07-23 00:00:00+07:00,23.5905,22.990501,0.8,0.3,-0.0,2.4482646,2.481131,2.598238,107.10281,135.0001,135.0001,18.359999,23.3405,25.698,26.948,0.331,0.332,0.338,0.358,26.948,56.0,953.67706,0.5
2026-07-23 01:00:00+07:00,23.2905,22.8405,0.8,0.3,0.01,2.52,2.8125565,2.9453068,90.0,86.423744,86.423744,14.4,23.240501,25.498,26.797998,0.332,0.333,0.338,0.358,26.448,75.0,953.6239,0.5
2026-07-23 02:00:00+07:00,23.0905,22.740501,0.1,0.1,0.01,1.8089776,1.9378252,2.0292888,84.2895,84.805664,84.805664,12.599999,23.0905,25.248,26.647999,0.333,0.333,0.338,0.358,26.047998,86.0,953.30475,0.0
2026-07-23 03:00:00+07:00,23.0405,22.640501,0.1,0.1,-0.0,0.71999997,0.55479777,0.58098376,90.0,161.56496,161.56496,12.24,22.990501,24.998,26.547998,0.333,0.334,0.339,0.357,25.848,92.0,952.8229,0.0
2026-07-23 04:00:00+07:00,22.990501,22.5905,0.1,0.1,-0.0,0.35999998,1.6551208,1.7332411,270.0,237.99466,237.99466,11.879999,22.9405,24.848,26.397999,0.333,0.334,0.339,0.357,25.547998,97.0,952.53033,0.0
2026-07-23 05:00:00+07:00,22.8405,22.490501,0.3,0.3,0.0,1.4512063,2.112607,2.21232,299.74478,274.76355,274.76355,11.879999,22.7905,24.647999,26.248,0.333,0.335,0.339,0.357,25.248,100.0,952.693,0.0
2026-07-23 06:00:00+07:00,22.7905,22.4405,0.3,0.3,0.0,2.5455842,3.162834,3.3121166,315.0001,303.6901,303.6901,12.24,22.640501,24.547998,26.098,0.334,0.335,0.339,0.357,24.948,100.0,953.15704,0.0
2026-07-23 07:00:00+07:00,22.990501,22.390501,0.3,0.3,0.01,3.0652893,3.7299578,3.9060087,310.2363,311.18582,311.18582,12.599999,23.0905,24.748,25.998,0.333,0.335,0.339,0.357,24.948,100.0,953.5711,0.0
2026-07-23 08:00:00+07:00,23.6905,22.390501,0.0,0.0,0.06,2.5071096,2.9979622,3.1394632,291.03757,290.55612,290.55612,12.599999,24.3405,25.498,25.948,0.331,0.334,0.339,0.357,25.448,100.0,953.97845,0.0
2026-07-23 09:00:00+07:00,24.6905,22.390501,0.0,0.0,0.13,2.4149535,2.9040895,3.0411596,243.43501,244.98314,244.98314,12.599999,26.1905,26.598,25.948,0.329,0.333,0.339,0.356,26.248,100.0,954.43854,0.0
2026-07-23 10:00:00+07:00,25.7905,22.5405,0.0,0.0,0.22,3.0652893,3.8477535,4.029364,220.23628,223.1524,223.1524,12.959999,28.0905,27.698,26.047998,0.326,0.331,0.338,0.355,26.948,100.0,954.536,0.0
2026-07-23 11:00:00+07:00,27.0405,22.9405,0.1,0.1,0.34,3.1845248,3.96981,4.1571813,222.70937,224.9999,224.9999,13.679999,30.3405,28.748,26.198,0.322,0.328,0.337,0.354,27.647999,79.0,953.9952,0.0
2026-07-23 12:00:00+07:00,28.390501,23.490501,0.1,0.1,0.48,2.995797,3.7954009,3.9745402,237.26477,236.3099,236.3099,14.4,32.6905,29.748,26.448,0.318,0.324,0.335,0.353,28.248,51.0,953.0905,0.0
2026-07-23 13:00:00+07:00,29.3405,23.8405,0.1,0.1,0.58000004,3.244996,4.0389886,4.229625,236.3099,235.6196,235.6196,15.84,33.9905,30.547998,26.698,0.314,0.321,0.333,0.352,28.748,34.0,952.11554,0.0
2026-07-23 14:00:00+07:00,29.7905,23.7905,0.0,0.0,0.61,4.5,5.4046526,5.6597476,216.86998,215.75398,215.75398,18.0,33.6405,31.047998,26.998,0.31,0.318,0.331,0.351,29.147999,39.0,951.1497,0.0
2026-07-23 15:00:00+07:00,29.890501,23.490501,0.0,0.0,0.61,6.5520988,8.04935,8.429271,200.92458,200.40997,200.40997,20.16,32.2905,31.297998,27.348,0.307,0.315,0.329,0.351,29.348,55.0,950.12445,0.0
2026-07-23 16:00:00+07:00,29.640501,23.3405,0.0,0.0,0.56000006,7.6409945,9.787111,10.249053,195.01842,194.5345,194.5345,21.599998,30.6905,31.248,27.598,0.306,0.313,0.328,0.35,29.448,70.0,949.5137,0.0
2026-07-23 17:00:00+07:00,28.8405,23.4405,0.1,0.1,0.45,6.778141,9.957036,10.426998,190.71307,194.28113,194.28113,21.599998,28.9405,30.698,27.797998,0.307,0.313,0.327,0.35,29.248,81.0,949.6625,0.0
2026-07-23 18:00:00+07:00,27.640501,23.6905,0.1,0.1,0.3,4.6938252,9.278566,9.716507,184.39862,195.35019,195.35019,20.880001,26.990501,29.797998,27.948,0.311,0.314,0.326,0.349,28.748,91.0,950.2158,0.0
2026-07-23 19:00:00+07:00,26.5405,23.890501,0.1,0.1,0.18,2.9024127,7.8322825,8.20196,172.87508,195.59286,195.59286,19.44,25.490501,28.948,27.998,0.314,0.316,0.326,0.349,28.248,98.0,950.97375,0.0
2026-07-23 20:00:00+07:00,25.740501,23.990501,1.2,0.40000004,0.10000001,1.5379207,5.309852,5.5604725,159.44388,187.59456,187.59456,16.919998,24.8405,28.248,27.998,0.317,0.318,0.326,0.349,27.748,99.0,951.87665,0.8
2026-07-23 21:00:00+07:00,25.0905,24.0405,1.2,0.40000004,0.050000004,0.54,2.7461088,2.8757226,90.0,153.43501,153.43501,14.04,24.6905,27.598,27.897999,0.321,0.321,0.326,0.348,27.248,96.0,952.8992,0.8
2026-07-23 22:00:00+07:00,24.5405,23.9405,1.2,0.40000004,0.01,1.0495713,2.8559966,2.9907968,30.963696,100.619606,100.619606,12.24,24.490501,27.047998,27.797998,0.324,0.324,0.326,0.348,26.748,93.0,953.6551,0.8
2026-07-23 23:00:00+07:00,24.0405,23.640501,0.4,0.4,-0.0,1.2074767,3.8954554,4.079317,63.435013,97.76508,97.76508,12.599999,24.0405,26.647999,27.647999,0.327,0.327,0.327,0.348,26.448,91.0,953.7565,0.0
2026-07-24 00:00:00+07:00,23.640501,23.1905,0.4,0.4,-0.0,1.835647,4.554751,4.769731,101.3099,105.64231,105.64231,13.679999,23.490501,26.297998,27.498,0.329,0.329,0.327,0.348,26.147999,89.0,953.4965,0.0
2026-07-24 01:00:00+07:00,23.2905,22.7905,0.4,0.4,0.01,2.1068459,4.438382,4.64787,109.98319,108.43504,108.43504,14.4,23.0905,26.098,27.397999,0.331,0.331,0.328,0.348,25.848,89.0,953.2454,0.0
2026-07-24 02:00:00+07:00,22.990501,22.5405,0.9,0.29999995,0.01,1.2727921,2.4624522,2.5786777,81.86999,85.91447,85.91447,13.679999,22.8405,25.647999,27.098,0.334,0.336,0.339,0.353,25.547998,92.0,953.0034,0.6
2026-07-24 03:00:00+07:00,22.740501,22.390501,0.9,0.29999995,0.01,1.6199999,2.280752,2.3884013,360.0,360.0,360.0,12.599999,22.6905,25.448,26.948,0.334,0.335,0.339,0.353,25.248,96.0,952.7698,0.6
2026-07-24 04:00:00+07:00,22.5905,22.2905,0.9,0.29999995,0.01,2.6208394,3.8477535,4.029364,344.05453,335.77228,335.77228,11.159999,22.640501,25.297998,26.797998,0.334,0.335,0.339,0.353,25.047998,99.0,952.7432,0.6
2026-07-24 05:00:00+07:00,22.490501,22.1905,0.5,0.3,-0.0,2.1897945,3.3287866,3.485902,350.53775,341.56494,341.56494,9.36,22.490501,25.098,26.647999,0.334,0.335,0.339,0.353,24.748,100.0,953.19855,0.2
2026-07-24 06:00:00+07:00,22.490501,22.0905,0.5,0.3,0.0,1.2074767,1.8895731,1.978759,26.564985,21.801476,21.801476,7.5599995,22.4405,24.998,26.498,0.334,0.335,0.339,0.352,24.547998,100.0,953.7662,0.2
2026-07-24 07:00:00+07:00,22.8405,22.0905,0.5,0.3,0.01,0.9178235,1.6643933,1.742951,78.6901,71.564964,71.564964,6.8399997,22.990501,25.147999,26.397999,0.334,0.335,0.339,0.352,24.547998,100.0,954.3961,0.2
2026-07-24 08:00:00+07:00,23.7905,22.140501,0.2,0.1,0.07000001,0.742159,1.2405655,1.299119,165.96373,135.0001,135.0001,7.5599995,24.740501,25.797998,26.348,0.335,0.336,0.339,0.352,24.948,89.0,954.94257,0.1
2026-07-24 09:00:00+07:00,25.0905,22.2905,0.2,0.1,0.15,1.9469976,2.1701033,2.2725303,213.6901,194.03627,194.03627,9.72,27.0905,26.797998,26.348,0.336,0.337,0.339,0.351,25.448,73.0,955.3602,0.1
2026-07-24 10:00:00+07:00,26.1905,22.4405,0.2,0.1,0.24,2.3051248,2.9040895,3.0411596,218.65984,205.01686,205.01686,11.5199995,29.0905,27.748,26.397999,0.336,0.337,0.338,0.351,26.147999,64.0,955.4576,0.1
2026-07-24 11:00:00+07:00,26.9405,22.6905,0.1,0.0,0.35000002,0.9693296,1.2405655,1.299119,201.80147,188.13002,188.13002,13.32,30.390501,28.647999,26.547998,0.331,0.334,0.337,0.35,26.948,68.0,954.92487,0.1
2026-07-24 12:00:00+07:00,27.4405,22.990501,0.1,0.0,0.47000006,1.7727944,1.8062905,1.8915459,66.037506,60.94549,60.94549,14.759999,31.3405,29.547998,26.748,0.324,0.33,0.336,0.35,27.748,79.0,953.96936,0.1
2026-07-24 13:00:00+07:00,27.7905,23.2905,0.1,0.0,0.54,3.06,3.4064765,3.5672588,61.92762,55.491425,55.491425,16.199999,31.740501,30.198,26.948,0.322,0.328,0.335,0.349,28.348,88.0,953.0824,0.1
2026-07-24 14:00:00+07:00,27.890501,23.640501,0.2,0.2,0.54,2.36753,2.5119536,2.6305158,81.25392,77.90526,77.90526,17.64,31.4405,30.498,27.198,0.332,0.33,0.334,0.348,28.448,91.0,952.3419,0.0
2026-07-24 15:00:00+07:00,27.7905,23.990501,0.2,0.2,0.5,2.0523157,2.3862758,2.4989054,142.12495,143.97253,143.97253,18.72,30.5405,30.547998,27.448,0.348,0.335,0.332,0.348,28.348,93.0,951.56714,0.0
2026-07-24 16:00:00+07:00,27.490501,24.2905,0.2,0.2,0.44,2.9301877,3.616839,3.7875502,169.3804,165.96373,165.96373,19.08,29.490501,30.348,27.647999,0.358,0.339,0.332,0.347,28.248,94.0,951.2316,0.0
2026-07-24 17:00:00+07:00,26.640501,24.4405,0.1,0.0,0.34,2.36753,4.0389886,4.229625,81.25392,92.4895,92.4895,14.4,27.6905,29.848,27.797998,0.356,0.341,0.334,0.347,28.147999,95.0,952.5058,0.1
2026-07-24 18:00:00+07:00,26.0905,24.640501,0.1,0.0,0.22,2.1674871,4.2686996,4.470178,85.23644,99.46225,99.46225,13.679999,26.3405,29.098,27.848,0.349,0.343,0.337,0.347,28.147999,97.0,952.5051,0.1
2026-07-24 19:00:00+07:00,25.640501,24.6905,0.1,0.0,0.12,1.8089776,4.2179227,4.4170046,95.7105,106.9276,106.9276,13.32,25.3405,28.397999,27.897999,0.344,0.345,0.339,0.347,27.948,99.0,952.61646,0.1
2026-07-24 20:00:00+07:00,25.240501,24.5905,1.1,0.20000005,0.06,1.484318,3.8477535,4.029364,104.03627,114.22774,114.22774,12.959999,24.740501,27.848,27.848,0.343,0.346,0.341,0.347,27.647999,100.0,952.83075,0.9
2026-07-24 21:00:00+07:00,24.7905,24.2905,1.1,0.20000005,0.03,1.1525624,3.2634184,3.4174488,128.65984,126.25393,126.25393,12.959999,24.240501,27.348,27.797998,0.344,0.346,0.342,0.348,27.147999,100.0,953.2255,0.9
2026-07-24 22:00:00+07:00,24.390501,23.9405,1.1,0.20000005,0.01,0.9178235,2.6316369,2.7558477,168.69011,143.13002,143.13002,12.959999,23.9405,26.897999,27.698,0.347,0.348,0.343,0.348,26.748,100.0,953.72314,0.9
2026-07-24 23:00:00+07:00,23.9405,23.5905,1.1,0.20000005,-0.0,1.3104197,2.3406944,2.4511728,195.94547,167.00539,167.00539,12.959999,23.640501,26.547998,27.598,0.355,0.352,0.344,0.348,26.348,100.0,954.21185,0.9
