{"type":"FeatureCollection","name":"Điện Biên — đơn vị hành chính cấp xã từ 01/07/2025","metadata":{"effective_date":"2025-07-01","resolution":"1661/NQ-UBTVQH15","geometry_source":"GADM 4.1 level 3","feature_count":45},"features":[{"type":"Feature","properties":{"admin_code":"DB-01","name":"Mường Nhé","unit_type":"xã","former_units":["Nậm Vì","Chung Chải","Mường Nhé"],"source":"GADM 4.1 + Resolution 1661/NQ-UBTVQH15","FID":1,"NAME_1":"Điện Biên","NAME_3":"Mường Nhé","TYPE_3":"Xã"},"geometry":{"type":"Polygon","coordinates":[[[102.4376,22.1131],[102.4379,22.116],[102.4346,22.1157],[102.4333,22.1172],[102.4225,22.116],[102.4125,22.1231],[102.4083,22.1282],[102.4032,22.1261],[102.3899,22.1289],[102.3884,22.1307],[102.3888,22.1416],[102.3862,22.1516],[102.3728,22.1591],[102.3666,22.1648],[102.3592,22.1667],[102.3486,22.1636],[102.3395,22.1669],[102.3395,22.1844],[102.3375,22.1893],[102.3357,22.1935],[102.3281,22.1982],[102.3255,22.2028],[102.3171,22.2074],[102.3097,22.2079],[102.3086,22.2042],[102.3032,22.2014],[102.2974,22.2055],[102.2833,22.2071],[102.2809,22.2142],[102.2816,22.2206],[102.2757,22.2255],[102.2763,22.2362],[102.2658,22.2366],[102.2617,22.2338],[102.2601,22.2364],[102.2583,22.2352],[102.2455,22.2381],[102.2429,22.2436],[102.2474,22.2451],[102.2492,22.2439],[102.2511,22.2452],[102.2509,22.2438],[102.256,22.2448],[102.2563,22.2463],[102.2584,22.2458],[102.2592,22.2488],[102.2626,22.25],[102.29,22.2488],[102.2907,22.251],[102.2921,22.2503],[102.2949,22.2524],[102.294,22.2545],[102.3,22.2587],[102.2992,22.2604],[102.3014,22.2617],[102.2998,22.2726],[102.3046,22.2683],[102.3078,22.2706],[102.3091,22.2682],[102.3133,22.2671],[102.3129,22.2656],[102.3149,22.2665],[102.3157,22.265],[102.3213,22.2636],[102.3209,22.2674],[102.3244,22.2689],[102.3252,22.2722],[102.3287,22.2718],[102.33,22.2741],[102.3323,22.2743],[102.3344,22.2852],[102.3397,22.2907],[102.3663,22.3028],[102.3676,22.3063],[102.3711,22.3071],[102.3758,22.3121],[102.382,22.3152],[102.3903,22.3261],[102.3951,22.3274],[102.4011,22.3256],[102.4187,22.338],[102.4183,22.3399],[102.4215,22.3426],[102.423,22.3545],[102.4276,22.3612],[102.4356,22.3613],[102.4428,22.3655],[102.4492,22.3612],[102.4527,22.3537],[102.4572,22.3501],[102.4562,22.3427],[102.4675,22.3347],[102.4701,22.3289],[102.4739,22.3277],[102.4748,22.3206],[102.4821,22.3134],[102.4849,22.3075],[102.4911,22.3027],[102.4905,22.2974],[102.4943,22.2932],[102.4979,22.2926],[102.5023,22.289],[102.5094,22.2793],[102.5096,22.2735],[102.5147,22.2611],[102.5344,22.2458],[102.537,22.2462],[102.5422,22.2426],[102.5538,22.2435],[102.5551,22.2375],[102.559,22.2335],[102.5575,22.2307],[102.5587,22.2247],[102.5626,22.2227],[102.565,22.218],[102.5634,22.2164],[102.5646,22.2129],[102.5564,22.2119],[102.5604,22.205],[102.549,22.1951],[102.5521,22.1919],[102.5497,22.1881],[102.5458,22.1872],[102.5392,22.1889],[102.5329,22.1859],[102.5278,22.1859],[102.523,22.1776],[102.5272,22.1665],[102.5363,22.1568],[102.5372,22.1543],[102.5337,22.1532],[102.5331,22.1472],[102.5306,22.1478],[102.5276,22.1446],[102.5236,22.1451],[102.5186,22.1389],[102.5189,22.1317],[102.517,22.127],[102.5035,22.1159],[102.504,22.1138],[102.4954,22.1137],[102.4961,22.1111],[102.4905,22.1068],[102.4895,22.1031],[102.4836,22.1036],[102.4831,22.1026],[102.485,22.1022],[102.4831,22.0997],[102.4802,22.1006],[102.4798,22.098],[102.4759,22.0966],[102.476,22.0865],[102.4675,22.0801],[102.4666,22.0716],[102.4643,22.0699],[102.4599,22.0685],[102.4471,22.0744],[102.4419,22.0739],[102.4416,22.0788],[102.4458,22.0803],[102.4464,22.0844],[102.4385,22.0916],[102.4412,22.0993],[102.4348,22.1119],[102.4376,22.1131]],[[102.38338681672025,22.257669453376206],[102.3824,22.2575],[102.3803,22.2552],[102.38338681672025,22.257669453376206]]]}},{"type":"Feature","properties":{"admin_code":"DB-02","name":"Sín Thầu","unit_type":"xã","former_units":["Sen Thượng","Leng Su Sìn","Sín Thầu"],"source":"GADM 4.1 + Resolution 1661/NQ-UBTVQH15","FID":2,"NAME_1":"Điện Biên","NAME_3":"Sín Thầu","TYPE_3":"Xã"},"geometry":{"type":"Polygon","coordinates":[[[102.2395,22.2438],[102.2384,22.248],[102.2406,22.2507],[102.2406,22.2575],[102.2396,22.2596],[102.2374,22.2595],[102.2369,22.2634],[102.2322,22.2649],[102.2338,22.2693],[102.23,22.2742],[102.2332,22.277],[102.2345,22.2825],[102.2243,22.2875],[102.2151,22.2876],[102.2133,22.2906],[102.1943,22.3024],[102.1887,22.303],[102.1819,22.3062],[102.1817,22.3142],[102.1844,22.3213],[102.1923,22.3269],[102.1997,22.3366],[102.1944,22.3402],[102.1868,22.3411],[102.1818,22.3395],[102.1783,22.343],[102.1712,22.3517],[102.1686,22.3606],[102.1747,22.3702],[102.1744,22.374],[102.1674,22.3784],[102.1632,22.3847],[102.1519,22.3921],[102.1451,22.4008],[102.1464,22.4019],[102.1458,22.4059],[102.1487,22.4078],[102.1545,22.4177],[102.1539,22.4239],[102.1581,22.4258],[102.159,22.43],[102.166,22.429],[102.1755,22.4325],[102.1789,22.4319],[102.1892,22.4349],[102.2069,22.4283],[102.2132,22.4315],[102.2224,22.4255],[102.2328,22.428],[102.2342,22.4262],[102.2388,22.4283],[102.2416,22.425],[102.2466,22.4219],[102.2478,22.4227],[102.2533,22.4171],[102.2625,22.4142],[102.2643,22.4169],[102.2627,22.4181],[102.2655,22.4193],[102.2654,22.4218],[102.2677,22.4246],[102.2665,22.4315],[102.2625,22.4383],[102.2575,22.4422],[102.2575,22.4447],[102.2557,22.4459],[102.2563,22.449],[102.253,22.4501],[102.252,22.4541],[102.2461,22.4551],[102.2461,22.4585],[102.2481,22.46],[102.2457,22.4654],[102.2481,22.466],[102.2487,22.4644],[102.2517,22.4636],[102.2534,22.4655],[102.2574,22.4654],[102.2569,22.4676],[102.2635,22.4673],[102.2624,22.4695],[102.2638,22.4737],[102.2616,22.4746],[102.264,22.477],[102.2609,22.4787],[102.2668,22.479],[102.2698,22.4806],[102.2698,22.4826],[102.2711,22.4817],[102.2726,22.4921],[102.2763,22.4933],[102.2806,22.5023],[102.2882,22.5042],[102.2877,22.5066],[102.2924,22.5096],[102.2939,22.5118],[102.2933,22.5169],[102.2968,22.5199],[102.2967,22.5229],[102.3008,22.5256],[102.2998,22.5296],[102.3013,22.532],[102.3041,22.535],[102.3083,22.5353],[102.3111,22.5409],[102.3175,22.5431],[102.3172,22.5451],[102.3218,22.5473],[102.3241,22.5467],[102.3222,22.5432],[102.3251,22.5437],[102.3275,22.539],[102.3295,22.5383],[102.3289,22.5366],[102.3306,22.5338],[102.334,22.5334],[102.3394,22.5274],[102.343,22.5282],[102.3408,22.524],[102.3378,22.5222],[102.3395,22.5208],[102.3389,22.5176],[102.344,22.5111],[102.3431,22.5093],[102.3464,22.5074],[102.345,22.5056],[102.3485,22.505],[102.347,22.5016],[102.3491,22.4982],[102.3468,22.496],[102.3474,22.4895],[102.3573,22.4903],[102.361,22.4771],[102.3687,22.4738],[102.371,22.4742],[102.3714,22.4718],[102.3846,22.4691],[102.3893,22.4621],[102.395,22.4588],[102.3946,22.4574],[102.3923,22.4583],[102.3923,22.4555],[102.3908,22.4545],[102.3932,22.4525],[102.3936,22.4496],[102.3916,22.4464],[102.391,22.4406],[102.3965,22.4335],[102.3954,22.4286],[102.3968,22.4291],[102.3969,22.4261],[102.3957,22.4245],[102.3981,22.4186],[102.396,22.418],[102.3913,22.4217],[102.3906,22.4176],[102.3922,22.4155],[102.3877,22.412],[102.3954,22.4007],[102.3995,22.402],[102.4105,22.3884],[102.418,22.389],[102.4217,22.3862],[102.4245,22.3825],[102.4263,22.3712],[102.4326,22.3692],[102.4361,22.366],[102.4404,22.3669],[102.4428,22.3655],[102.4356,22.3613],[102.4276,22.3612],[102.423,22.3545],[102.4215,22.3426],[102.4183,22.3399],[102.4187,22.338],[102.4011,22.3256],[102.3951,22.3274],[102.3903,22.3261],[102.382,22.3152],[102.3758,22.3121],[102.3711,22.3071],[102.3676,22.3063],[102.3663,22.3028],[102.3397,22.2907],[102.3344,22.2852],[102.3323,22.2743],[102.33,22.2741],[102.3287,22.2718],[102.3252,22.2722],[102.3244,22.2689],[102.3209,22.2674],[102.3213,22.2636],[102.3157,22.265],[102.3149,22.2665],[102.3129,22.2656],[102.3133,22.2671],[102.3091,22.2682],[102.3078,22.2706],[102.3046,22.2683],[102.2998,22.2726],[102.3014,22.2617],[102.2992,22.2604],[102.3,22.2587],[102.294,22.2545],[102.2949,22.2524],[102.2921,22.2503],[102.2907,22.251],[102.29,22.2488],[102.2626,22.25],[102.2592,22.2488],[102.2584,22.2458],[102.2563,22.2463],[102.256,22.2448],[102.2509,22.2438],[102.2511,22.2452],[102.2492,22.2439],[102.2474,22.2451],[102.2429,22.2436],[102.2395,22.2438]],[[102.3385,22.369],[102.33477346938777,22.369583673469386],[102.3318,22.3692],[102.3385,22.369]],[[102.3667858960177,22.37867488938053],[102.3628,22.3784],[102.3558,22.3749],[102.3667858960177,22.37867488938053]]]}},{"type":"Feature","properties":{"admin_code":"DB-03","name":"Mường Toong","unit_type":"xã","former_units":["Huổi Lếch","Mường Toong"],"source":"GADM 4.1 + Resolution 1661/NQ-UBTVQH15","FID":3,"NAME_1":"Điện Biên","NAME_3":"Mường Toong","TYPE_3":"Xã"},"geometry":{"type":"Polygon","coordinates":[[[102.6369,22.1363],[102.6326,22.1318],[102.6236,22.1333],[102.6214,22.135],[102.6195,22.1346],[102.6167,22.1301],[102.613,22.1294],[102.596,22.1329],[102.5824,22.1297],[102.5808,22.1317],[102.5751,22.1266],[102.5707,22.1256],[102.5653,22.1264],[102.5606,22.1244],[102.5475,22.1268],[102.5409,22.1247],[102.5186,22.1358],[102.5186,22.1389],[102.5236,22.1451],[102.5276,22.1446],[102.5306,22.1478],[102.5331,22.1472],[102.5337,22.1532],[102.5372,22.1543],[102.5246,22.1709],[102.523,22.1776],[102.5278,22.1859],[102.5329,22.1859],[102.5392,22.1889],[102.5458,22.1872],[102.5497,22.1881],[102.5521,22.1919],[102.549,22.1951],[102.5604,22.205],[102.5564,22.2119],[102.5646,22.2129],[102.5634,22.2164],[102.565,22.218],[102.5626,22.2227],[102.5587,22.2247],[102.5575,22.2307],[102.559,22.2335],[102.5551,22.2375],[102.5538,22.2435],[102.559,22.2502],[102.5594,22.2545],[102.5629,22.2598],[102.5789,22.2608],[102.5875,22.2519],[102.5938,22.2488],[102.5948,22.2462],[102.6005,22.2442],[102.6043,22.2397],[102.6077,22.2405],[102.6157,22.2358],[102.6186,22.2358],[102.6212,22.2278],[102.6165,22.2224],[102.6179,22.2192],[102.616,22.2151],[102.6191,22.2099],[102.6173,22.2034],[102.6183,22.2],[102.6232,22.1972],[102.6293,22.1877],[102.6368,22.1874],[102.6371,22.1819],[102.6401,22.1771],[102.6465,22.1747],[102.6541,22.176],[102.6611,22.1749],[102.6675,22.1715],[102.6697,22.1682],[102.6772,22.1674],[102.6824,22.1788],[102.6865,22.1821],[102.6885,22.1935],[102.6944,22.1972],[102.6974,22.2058],[102.6949,22.2203],[102.6894,22.225],[102.6869,22.2305],[102.6875,22.2366],[102.6819,22.2404],[102.6793,22.2448],[102.6751,22.2451],[102.6697,22.2487],[102.6688,22.2509],[102.6625,22.2535],[102.6643,22.2554],[102.6684,22.2564],[102.677,22.2628],[102.6815,22.2563],[102.6925,22.2485],[102.6917,22.2465],[102.7017,22.2454],[102.7023,22.2432],[102.7051,22.2435],[102.71,22.2381],[102.7128,22.2387],[102.715,22.2413],[102.7161,22.2385],[102.7177,22.24],[102.7219,22.2378],[102.7295,22.2381],[102.7288,22.235],[102.7311,22.2353],[102.731,22.2325],[102.7347,22.2335],[102.7348,22.2302],[102.739,22.2289],[102.7407,22.2228],[102.743,22.2231],[102.7435,22.2195],[102.7469,22.2188],[102.75,22.2147],[102.7503,22.209],[102.7538,22.2076],[102.7512,22.2065],[102.7517,22.2035],[102.7496,22.1988],[102.7494,22.1951],[102.7512,22.1931],[102.7476,22.1864],[102.7476,22.1783],[102.7438,22.1744],[102.7388,22.1724],[102.737,22.1639],[102.7409,22.1515],[102.7393,22.146],[102.7435,22.131],[102.756,22.1247],[102.7571,22.1207],[102.7626,22.1163],[102.7595,22.1124],[102.7596,22.1095],[102.7563,22.1036],[102.734,22.1012],[102.7357,22.1133],[102.7318,22.1185],[102.7266,22.1158],[102.7235,22.1188],[102.7148,22.122],[102.6997,22.1113],[102.6918,22.1157],[102.6875,22.1139],[102.6853,22.1154],[102.6813,22.1141],[102.682,22.1158],[102.6803,22.1168],[102.6821,22.1232],[102.6789,22.1245],[102.6766,22.1228],[102.6735,22.123],[102.6718,22.1244],[102.6722,22.1264],[102.6669,22.1292],[102.6519,22.131],[102.6432,22.1295],[102.6351,22.133],[102.6369,22.1363]]]}},{"type":"Feature","properties":{"admin_code":"DB-04","name":"Nậm Kè","unit_type":"xã","former_units":["Pá Mỳ","Nậm Kè"],"source":"GADM 4.1 + Resolution 1661/NQ-UBTVQH15","FID":4,"NAME_1":"Điện Biên","NAME_3":"Nậm Kè","TYPE_3":"Xã"},"geometry":{"type":"Polygon","coordinates":[[[102.4967,21.9901],[102.4916,21.9949],[102.4909,22.0],[102.4927,22.0068],[102.4959,22.0089],[102.4967,22.0128],[102.5101,22.0149],[102.5149,22.0175],[102.5236,22.0237],[102.5241,22.0282],[102.5212,22.0334],[102.514,22.0372],[102.5067,22.0356],[102.5048,22.0368],[102.5021,22.035],[102.4993,22.0378],[102.4979,22.0364],[102.4901,22.0407],[102.4772,22.0563],[102.4766,22.0598],[102.4656,22.0647],[102.4615,22.069],[102.4666,22.0716],[102.4675,22.0801],[102.476,22.0865],[102.4759,22.0966],[102.4798,22.098],[102.4802,22.1006],[102.4831,22.0997],[102.485,22.1022],[102.4831,22.1026],[102.4836,22.1036],[102.4895,22.1031],[102.4905,22.1068],[102.4961,22.1111],[102.4954,22.1137],[102.5036,22.1135],[102.5035,22.1159],[102.517,22.127],[102.5186,22.1358],[102.5409,22.1247],[102.5475,22.1268],[102.5606,22.1244],[102.5653,22.1264],[102.5707,22.1256],[102.5751,22.1266],[102.5808,22.1317],[102.5824,22.1297],[102.596,22.1329],[102.613,22.1294],[102.6167,22.1301],[102.6195,22.1346],[102.6214,22.135],[102.6305,22.1316],[102.6334,22.1334],[102.6432,22.1295],[102.6499,22.13],[102.6519,22.131],[102.6669,22.1292],[102.6722,22.1264],[102.6718,22.1244],[102.6735,22.123],[102.6766,22.1228],[102.6789,22.1245],[102.6821,22.1232],[102.6803,22.1168],[102.682,22.1158],[102.6813,22.1141],[102.6853,22.1154],[102.6875,22.1139],[102.6918,22.1157],[102.6997,22.1113],[102.7148,22.122],[102.7235,22.1188],[102.7266,22.1158],[102.7327,22.1181],[102.7357,22.1133],[102.734,22.1012],[102.7266,22.097],[102.7234,22.0913],[102.7186,22.0895],[102.7176,22.0863],[102.7204,22.0786],[102.7144,22.0705],[102.7181,22.0684],[102.7188,22.058],[102.7222,22.0528],[102.7106,22.0531],[102.7029,22.0505],[102.7007,22.048],[102.6942,22.0517],[102.6901,22.0521],[102.6901,22.0549],[102.6872,22.0564],[102.6841,22.0542],[102.6764,22.0556],[102.6729,22.0521],[102.6668,22.0525],[102.6647,22.0543],[102.6626,22.052],[102.6598,22.0548],[102.6512,22.0565],[102.6484,22.0529],[102.6462,22.0547],[102.6437,22.0532],[102.6428,22.0551],[102.6462,22.0597],[102.6464,22.0623],[102.6409,22.06],[102.6341,22.0599],[102.6314,22.0639],[102.6123,22.0695],[102.5994,22.0685],[102.5961,22.0668],[102.5885,22.068],[102.5844,22.0657],[102.5811,22.0672],[102.5737,22.0648],[102.5647,22.0672],[102.5586,22.0564],[102.5526,22.0557],[102.5557,22.0494],[102.5513,22.046],[102.5455,22.0442],[102.5434,22.0387],[102.5402,22.0372],[102.5401,22.0272],[102.542,22.0218],[102.5404,22.0178],[102.5349,22.0129],[102.5362,22.0064],[102.5344,22.0043],[102.5365,21.9981],[102.5243,21.995],[102.5205,21.9867],[102.5151,21.9828],[102.5099,21.987],[102.5068,21.9872],[102.5019,21.9814],[102.4967,21.9901]]]}},{"type":"Feature","properties":{"admin_code":"DB-05","name":"Quảng Lâm","unit_type":"xã","former_units":["Na Cô Sa","Quảng Lâm"],"source":"GADM 4.1 + Resolution 1661/NQ-UBTVQH15","FID":5,"NAME_1":"Điện Biên","NAME_3":"Quảng Lâm","TYPE_3":"Xã"},"geometry":{"type":"Polygon","coordinates":[[[102.6188,21.916],[102.614,21.921],[102.5897,21.928],[102.5837,21.9332],[102.5708,21.937],[102.568,21.9416],[102.5591,21.9452],[102.5424,21.9579],[102.5263,21.9652],[102.5188,21.9661],[102.5019,21.9814],[102.5068,21.9872],[102.5099,21.987],[102.5151,21.9828],[102.5205,21.9867],[102.5243,21.995],[102.5365,21.9981],[102.5344,22.0043],[102.5362,22.0064],[102.5349,22.0129],[102.5404,22.0178],[102.542,22.0218],[102.5401,22.0272],[102.5402,22.0372],[102.5434,22.0387],[102.5455,22.0442],[102.5513,22.046],[102.5557,22.0494],[102.5526,22.0557],[102.5586,22.0564],[102.5647,22.0672],[102.5737,22.0648],[102.5811,22.0672],[102.5844,22.0657],[102.5885,22.068],[102.5961,22.0668],[102.5994,22.0685],[102.6123,22.0695],[102.6314,22.0639],[102.6341,22.0599],[102.6409,22.06],[102.6464,22.0623],[102.6462,22.0597],[102.6428,22.0551],[102.6437,22.0532],[102.6462,22.0547],[102.6484,22.0529],[102.6512,22.0565],[102.6598,22.0548],[102.6626,22.052],[102.6647,22.0543],[102.6668,22.0525],[102.6729,22.0521],[102.6764,22.0556],[102.6841,22.0542],[102.6872,22.0564],[102.6901,22.0549],[102.6901,22.0521],[102.6942,22.0517],[102.7007,22.048],[102.7029,22.0505],[102.7106,22.0531],[102.7222,22.0528],[102.7181,22.0491],[102.7044,22.0428],[102.696,22.0227],[102.6918,22.0168],[102.6946,22.0133],[102.7003,22.0117],[102.6982,22.0071],[102.6918,22.0003],[102.6894,22.0018],[102.6825,22.0002],[102.6823,22.0019],[102.6773,22.0014],[102.678,21.9971],[102.6816,21.9921],[102.6878,21.987],[102.6821,21.9763],[102.6786,21.9633],[102.6808,21.9601],[102.6713,21.9573],[102.6698,21.9469],[102.6641,21.9353],[102.6581,21.9363],[102.6563,21.9347],[102.657,21.9235],[102.6499,21.9092],[102.6485,21.9117],[102.6428,21.915],[102.6369,21.9083],[102.6302,21.9081],[102.6255,21.9097],[102.6227,21.9074],[102.6188,21.916]]]}},{"type":"Feature","properties":{"admin_code":"DB-06","name":"Nà Hỳ","unit_type":"xã","former_units":["Nà Khoa","Nậm Nhừ","Nậm Chua","Nà Hỳ"],"source":"GADM 4.1 + Resolution 1661/NQ-UBTVQH15","FID":6,"NAME_1":"Điện Biên","NAME_3":"Nà Hỳ","TYPE_3":"Xã"},"geometry":{"type":"Polygon","coordinates":[[[102.8109,21.825],[102.811,21.8194],[102.8161,21.813],[102.8206,21.799],[102.82,21.7948],[102.8156,21.7903],[102.8174,21.7828],[102.8212,21.7772],[102.821,21.7605],[102.8248,21.7514],[102.8248,21.7431],[102.8269,21.7367],[102.821,21.7309],[102.8166,21.732],[102.8146,21.7291],[102.804,21.728],[102.7886,21.7382],[102.7881,21.7449],[102.786,21.7458],[102.7866,21.7483],[102.7903,21.748],[102.7885,21.7494],[102.7908,21.7516],[102.7885,21.7521],[102.7907,21.7563],[102.7874,21.7565],[102.7899,21.758],[102.7888,21.7615],[102.7909,21.7623],[102.7875,21.7638],[102.788,21.7691],[102.7858,21.7689],[102.7843,21.7654],[102.7811,21.7665],[102.769,21.7653],[102.7744,21.7652],[102.7732,21.7634],[102.7565,21.7659],[102.756,21.7744],[102.7575,21.7783],[102.7562,21.7803],[102.7552,21.7813],[102.7546,21.7792],[102.7536,21.7803],[102.7497,21.7795],[102.7482,21.7775],[102.7505,21.7751],[102.7468,21.7714],[102.7426,21.7726],[102.7373,21.7699],[102.7341,21.7713],[102.7296,21.7686],[102.7207,21.7701],[102.713,21.775],[102.708,21.7716],[102.7044,21.7713],[102.7016,21.7728],[102.6993,21.7696],[102.6937,21.7695],[102.6829,21.7739],[102.6723,21.7841],[102.6722,21.7938],[102.67105935828877,21.796461497326206],[102.6673,21.7929],[102.6624,21.7928],[102.6597,21.7996],[102.6483,21.8081],[102.6508,21.8264],[102.6441,21.8416],[102.6426,21.8484],[102.6466,21.8556],[102.6457,21.8589],[102.6311,21.8632],[102.6284,21.8662],[102.6286,21.8692],[102.6155,21.8729],[102.6096,21.8785],[102.6117,21.8807],[102.6153,21.8957],[102.6208,21.9002],[102.6184,21.9064],[102.6255,21.9097],[102.6273,21.9096],[102.6302,21.9081],[102.6369,21.9083],[102.6428,21.915],[102.6485,21.9117],[102.6499,21.9092],[102.657,21.9235],[102.6563,21.9347],[102.6581,21.9363],[102.6641,21.9353],[102.6666,21.9389],[102.6698,21.9469],[102.6713,21.9573],[102.6873,21.9608],[102.6922,21.9571],[102.6993,21.955],[102.6975,21.9532],[102.7008,21.9506],[102.6983,21.9471],[102.701,21.9407],[102.7031,21.9372],[102.7074,21.9378],[102.7094,21.935],[102.7074,21.9333],[102.7092,21.9313],[102.7068,21.9289],[102.7087,21.9287],[102.7102,21.9199],[102.7091,21.9154],[102.7187,21.9031],[102.7231,21.89],[102.7287,21.8864],[102.7377,21.8852],[102.7437,21.8911],[102.752,21.8908],[102.7539,21.8893],[102.7552,21.8833],[102.763,21.8785],[102.7654,21.8745],[102.7686,21.874],[102.7694,21.8705],[102.7775,21.8638],[102.7804,21.8641],[102.7834,21.8595],[102.7924,21.8671],[102.7966,21.8639],[102.7977,21.8654],[102.8001,21.8649],[102.8002,21.8596],[102.8073,21.8558],[102.809,21.8533],[102.8134,21.8524],[102.8155,21.8442],[102.8144,21.8416],[102.8171,21.8395],[102.8182,21.8332],[102.8109,21.825]],[[102.6698,21.7994],[102.665,21.8042],[102.67097551020409,21.79665714285714],[102.6698,21.7994]],[[102.711,21.8508],[102.7137,21.8534],[102.7088,21.8505],[102.6934,21.8431],[102.711,21.8508]],[[102.74056091370558,21.862687817258884],[102.73868023255814,21.86306395348837],[102.73641411813993,21.86191537494764],[102.74056091370558,21.862687817258884]]]}},{"type":"Feature","properties":{"admin_code":"DB-07","name":"Mường Chà","unit_type":"xã","former_units":["Chà Cang","Chà Nưa","Nậm Tin","Pa Tần"],"source":"GADM 4.1 + Resolution 1661/NQ-UBTVQH15","FID":7,"NAME_1":"Điện Biên","NAME_3":"Mường Chà","TYPE_3":"Xã"},"geometry":{"type":"Polygon","coordinates":[[[102.8393,21.8447],[102.833,21.8461],[102.8307,21.8435],[102.8261,21.8437],[102.8156,21.84],[102.8134,21.8524],[102.809,21.8533],[102.8073,21.8558],[102.8002,21.8596],[102.8001,21.8649],[102.7977,21.8654],[102.7966,21.8639],[102.7924,21.8671],[102.7834,21.8595],[102.7804,21.8641],[102.7775,21.8638],[102.7694,21.8705],[102.7686,21.874],[102.7654,21.8745],[102.763,21.8785],[102.7552,21.8833],[102.7539,21.8893],[102.752,21.8908],[102.7437,21.8911],[102.7377,21.8852],[102.7287,21.8864],[102.7231,21.89],[102.7187,21.9031],[102.7091,21.9154],[102.7102,21.9199],[102.7087,21.9287],[102.7068,21.9289],[102.7092,21.9313],[102.7074,21.9333],[102.7094,21.935],[102.7074,21.9378],[102.7031,21.9372],[102.701,21.9407],[102.6983,21.9471],[102.7008,21.9506],[102.6975,21.9532],[102.6993,21.955],[102.6922,21.9571],[102.6873,21.9608],[102.6829,21.9592],[102.6808,21.9601],[102.6786,21.9633],[102.6801,21.9708],[102.6878,21.987],[102.6816,21.9921],[102.678,21.9971],[102.6773,22.0014],[102.6823,22.0019],[102.6825,22.0002],[102.6894,22.0018],[102.6918,22.0003],[102.6982,22.0071],[102.7003,22.0117],[102.6946,22.0133],[102.6918,22.0168],[102.696,22.0227],[102.7044,22.0428],[102.7181,22.0491],[102.7222,22.0528],[102.7188,22.058],[102.7181,22.0684],[102.7144,22.0705],[102.7204,22.0786],[102.7176,22.0863],[102.7186,22.0895],[102.7234,22.0913],[102.7266,22.097],[102.734,22.1012],[102.7563,22.1036],[102.7596,22.1095],[102.7595,22.1124],[102.7626,22.1163],[102.7678,22.1172],[102.7772,22.1049],[102.7762,22.1013],[102.7811,22.1008],[102.7786,22.0962],[102.7758,22.0948],[102.7767,22.0926],[102.7754,22.0905],[102.781,22.0861],[102.7896,22.0833],[102.7905,22.0809],[102.7965,22.0801],[102.7977,22.0777],[102.8086,22.0733],[102.8088,22.0718],[102.8147,22.0696],[102.8155,22.0676],[102.8202,22.0652],[102.8283,22.0637],[102.8336,22.0652],[102.8374,22.0645],[102.8391,22.066],[102.855,22.0656],[102.8619,22.0563],[102.8573,22.0507],[102.8623,22.0464],[102.8612,22.0389],[102.8511,22.0339],[102.8515,22.0289],[102.8544,22.0203],[102.8526,22.0114],[102.8476,22.0112],[102.8503,22.0069],[102.853,22.006],[102.853,22.0034],[102.8556,22.0006],[102.8587,21.9993],[102.8622,22.0008],[102.8674,21.9944],[102.872,21.995],[102.8697,21.9905],[102.8733,21.9895],[102.8743,21.9874],[102.871,21.9802],[102.8737,21.9785],[102.8729,21.9707],[102.8813,21.9672],[102.8848,21.9678],[102.8967,21.9611],[102.9073,21.9451],[102.9147,21.9479],[102.9165,21.9523],[102.9191,21.9541],[102.9258,21.9508],[102.9327,21.9546],[102.9416,21.9544],[102.9534,21.949],[102.9538,21.9464],[102.9513,21.9439],[102.9524,21.9423],[102.9464,21.9354],[102.9471,21.9276],[102.942,21.9212],[102.9422,21.9145],[102.9388,21.9173],[102.935,21.9158],[102.9296,21.911],[102.9283,21.9049],[102.9199,21.9032],[102.9108,21.8978],[102.9102,21.899],[102.9052,21.8982],[102.9062,21.8931],[102.9041,21.8915],[102.9065,21.8905],[102.903,21.8847],[102.8949,21.8824],[102.8892,21.8777],[102.8867,21.873],[102.8845,21.8745],[102.8824,21.8802],[102.8716,21.8759],[102.8643,21.8804],[102.8602,21.8789],[102.864,21.8607],[102.862,21.8577],[102.8515,21.8554],[102.8493,21.8444],[102.8464,21.8464],[102.8393,21.8447]],[[102.77210669359492,21.983136757068664],[102.7686,21.9806],[102.7711,21.9818],[102.77210669359492,21.983136757068664]]]}},{"type":"Feature","properties":{"admin_code":"DB-08","name":"Nà Bủng","unit_type":"xã","former_units":["Vàng Đán","Nà Bủng"],"source":"GADM 4.1 + Resolution 1661/NQ-UBTVQH15","FID":8,"NAME_1":"Điện Biên","NAME_3":"Nà Bủng","TYPE_3":"Xã"},"geometry":{"type":"Polygon","coordinates":[[[102.8143,21.7274],[102.8099,21.7249],[102.8114,21.7191],[102.8041,21.7167],[102.7992,21.7077],[102.788,21.7068],[102.7853,21.7031],[102.7823,21.702],[102.7749,21.6914],[102.7705,21.6882],[102.7682,21.6841],[102.7692,21.6813],[102.7654,21.6801],[102.7626,21.6749],[102.7548,21.6734],[102.7492,21.6639],[102.7471,21.6649],[102.7374,21.6588],[102.7327,21.6605],[102.7319,21.6629],[102.7259,21.6643],[102.7173,21.6629],[102.7095,21.6648],[102.7064,21.6627],[102.7028,21.6628],[102.6937,21.6644],[102.6883,21.6619],[102.6889,21.6583],[102.6822,21.6549],[102.6753,21.6555],[102.6741,21.665],[102.6688,21.6727],[102.6679,21.6773],[102.6632,21.6809],[102.6638,21.6832],[102.6679,21.6862],[102.6651,21.6892],[102.6648,21.6947],[102.6612,21.7001],[102.6604,21.7105],[102.6566,21.7186],[102.6533,21.7198],[102.6515,21.7279],[102.646,21.7324],[102.6489,21.7354],[102.6494,21.7635],[102.6511,21.7683],[102.6569,21.7739],[102.6606,21.7818],[102.6603,21.7849],[102.6634,21.7909],[102.6624,21.7928],[102.6673,21.7929],[102.6711,21.7965],[102.6723,21.7841],[102.6829,21.7739],[102.6937,21.7695],[102.6993,21.7696],[102.7016,21.7728],[102.7044,21.7713],[102.708,21.7716],[102.713,21.775],[102.7207,21.7701],[102.7296,21.7686],[102.7341,21.7713],[102.7373,21.7699],[102.7426,21.7726],[102.7468,21.7714],[102.7505,21.7751],[102.7482,21.7775],[102.7494,21.7783],[102.7478,21.7781],[102.7497,21.7795],[102.7536,21.7803],[102.7546,21.7792],[102.7552,21.7813],[102.7575,21.7783],[102.756,21.7744],[102.7565,21.7659],[102.7732,21.7634],[102.7741,21.7658],[102.7843,21.7654],[102.7858,21.7689],[102.788,21.7691],[102.7875,21.7638],[102.7909,21.7623],[102.7888,21.7615],[102.7899,21.758],[102.7874,21.7565],[102.7907,21.7563],[102.7885,21.7521],[102.7908,21.7516],[102.7885,21.7494],[102.7903,21.748],[102.7866,21.7483],[102.786,21.7458],[102.7881,21.7449],[102.7886,21.7382],[102.8015,21.7309],[102.8025,21.7284],[102.8146,21.7291],[102.8143,21.7274]],[[102.7533,21.7503],[102.75326948993916,21.750597473093123],[102.749,21.7475],[102.7533,21.7503]]]}},{"type":"Feature","properties":{"admin_code":"DB-09","name":"Chà Tở","unit_type":"xã","former_units":["Nậm Khăn","Chà Tở"],"source":"GADM 4.1 + Resolution 1661/NQ-UBTVQH15","FID":9,"NAME_1":"Điện Biên","NAME_3":"Chà Tở","TYPE_3":"Xã"},"geometry":{"type":"Polygon","coordinates":[[[103.0227,21.9191],[103.0207,21.9143],[103.017,21.9136],[103.0159,21.9106],[103.0111,21.911],[103.0181,21.9019],[103.0157,21.9005],[103.0172,21.8956],[103.0118,21.8936],[103.0114,21.8918],[103.0086,21.8919],[103.0064,21.8886],[103.0044,21.8891],[103.0005,21.88],[102.9816,21.8739],[102.9707,21.8752],[102.9713,21.8777],[102.9564,21.8861],[102.9476,21.8866],[102.942,21.8886],[102.945,21.8989],[102.9431,21.902],[102.944,21.9082],[102.9409,21.9122],[102.9422,21.9145],[102.942,21.9212],[102.9471,21.9276],[102.9464,21.9354],[102.9524,21.9423],[102.9513,21.9439],[102.9538,21.9464],[102.9534,21.949],[102.9416,21.9544],[102.9327,21.9546],[102.9258,21.9508],[102.9191,21.9541],[102.9165,21.9523],[102.9147,21.9479],[102.9073,21.9451],[102.8967,21.9611],[102.8848,21.9678],[102.8813,21.9672],[102.8729,21.9707],[102.8737,21.9785],[102.871,21.9802],[102.8735,21.9849],[102.8733,21.9895],[102.8697,21.9905],[102.872,21.995],[102.8674,21.9944],[102.8622,22.0008],[102.8587,21.9993],[102.8556,22.0006],[102.853,22.0034],[102.853,22.006],[102.8503,22.0069],[102.8476,22.0112],[102.8526,22.0114],[102.8544,22.0203],[102.8511,22.0339],[102.8612,22.0389],[102.8623,22.0464],[102.8573,22.0507],[102.8619,22.0563],[102.8605,22.0598],[102.8632,22.06],[102.8618,22.0615],[102.8637,22.0646],[102.8625,22.066],[102.865,22.0736],[102.8683,22.0781],[102.8795,22.0802],[102.8899,22.0746],[102.8923,22.0766],[102.8967,22.0759],[102.901,22.079],[102.9006,22.0815],[102.9059,22.0868],[102.9109,22.0875],[102.9129,22.0911],[102.9251,22.0912],[102.9259,22.0958],[102.9241,22.1085],[102.9256,22.1058],[102.9321,22.1033],[102.936,22.087],[102.9284,22.0767],[102.93,22.0686],[102.944,22.0661],[102.9472,22.0591],[102.955,22.0558],[102.9564,22.052],[102.9606,22.0497],[102.961,22.0462],[102.9644,22.0417],[102.9614,22.0378],[102.969,22.0302],[102.9784,22.0301],[102.9909,22.021],[102.9918,22.0185],[102.9897,22.0115],[102.9996,22.0025],[103.002,21.9974],[103.0019,21.9931],[103.0065,21.9786],[103.0047,21.9681],[103.0055,21.9557],[103.0077,21.9553],[103.0091,21.9529],[103.008,21.9459],[103.0109,21.9435],[103.0097,21.9419],[103.0126,21.9415],[103.0118,21.9388],[103.0144,21.9385],[103.0196,21.9331],[103.0177,21.9305],[103.0211,21.9308],[103.0219,21.9287],[103.0239,21.9287],[103.0238,21.9262],[103.0263,21.9267],[103.0273,21.9221],[103.0244,21.9207],[103.025,21.9199],[103.0227,21.9191]],[[102.89871379310345,21.992203448275863],[102.8967,21.9917],[102.8942,21.9881],[102.89871379310345,21.992203448275863]],[[102.9159,21.9884],[102.9019,21.993],[102.90090342857143,21.992750857142855],[102.9159,21.9884]],[[102.9527,21.9883],[102.9564,21.9906],[102.9502598614507,21.987587856560722],[102.9527,21.9883]]]}},{"type":"Feature","properties":{"admin_code":"DB-10","name":"Si Pa Phìn","unit_type":"xã","former_units":["Phìn Hồ","Si Pa Phìn"],"source":"GADM 4.1 + Resolution 1661/NQ-UBTVQH15","FID":10,"NAME_1":"Điện Biên","NAME_3":"Si Pa Phìn","TYPE_3":"Xã"},"geometry":{"type":"Polygon","coordinates":[[[102.9695,21.7464],[102.9648,21.7433],[102.9621,21.7383],[102.9562,21.7332],[102.955,21.7289],[102.9482,21.7285],[102.9454,21.7265],[102.9405,21.7265],[102.9374,21.7248],[102.9294,21.7239],[102.9244,21.7252],[102.9088,21.718],[102.9026,21.7188],[102.8986,21.7148],[102.8867,21.7128],[102.8792,21.7035],[102.8729,21.7091],[102.8705,21.7136],[102.8623,21.7165],[102.8591,21.7212],[102.8607,21.7308],[102.8573,21.7436],[102.8624,21.7529],[102.8636,21.764],[102.8623,21.7664],[102.8557,21.7679],[102.8592,21.7746],[102.8579,21.7768],[102.8596,21.7831],[102.8565,21.7845],[102.8554,21.7875],[102.8596,21.7952],[102.8603,21.7977],[102.859,21.7989],[102.86064214377959,21.799698880757642],[102.8575,21.8105],[102.86,21.8175],[102.859,21.8225],[102.856,21.8253],[102.8554,21.8389],[102.8533,21.8422],[102.8493,21.8444],[102.8515,21.8554],[102.862,21.8577],[102.864,21.8607],[102.8604,21.8741],[102.8614,21.88],[102.8643,21.8804],[102.8716,21.8759],[102.8824,21.8802],[102.8845,21.8745],[102.8867,21.873],[102.8892,21.8777],[102.8949,21.8824],[102.903,21.8847],[102.9065,21.8905],[102.9041,21.8915],[102.9062,21.8931],[102.9052,21.8982],[102.9102,21.899],[102.9108,21.8978],[102.9199,21.9032],[102.9283,21.9049],[102.9296,21.911],[102.9388,21.9173],[102.9422,21.9145],[102.9409,21.9122],[102.944,21.9082],[102.9431,21.902],[102.945,21.8989],[102.9426,21.8882],[102.9564,21.8861],[102.9713,21.8777],[102.9707,21.8752],[102.9724,21.8746],[102.9816,21.8739],[102.9977,21.8796],[102.9997,21.8528],[102.9986,21.8488],[102.9955,21.8467],[102.9978,21.8433],[102.9955,21.8414],[102.9965,21.8377],[102.9944,21.8332],[102.9887,21.8282],[102.9888,21.8261],[102.9857,21.8186],[102.9913,21.8133],[102.9851,21.8113],[102.9844,21.8009],[102.9795,21.7889],[102.9855,21.7827],[102.9847,21.7796],[102.9815,21.7821],[102.9801,21.7788],[102.983,21.7783],[102.9818,21.7768],[102.9828,21.776],[102.9794,21.7715],[102.9837,21.7682],[102.9853,21.7585],[102.9817,21.755],[102.9796,21.7488],[102.9747,21.745],[102.9695,21.7464]]]}},{"type":"Feature","properties":{"admin_code":"DB-11","name":"Na Sang","unit_type":"xã","former_units":["Mường Chà","Ma Thì Hồ","Sa Lông","Na Sang"],"source":"GADM 4.1 + Resolution 1661/NQ-UBTVQH15","FID":11,"NAME_1":"Điện Biên","NAME_3":"Na Sang","TYPE_3":"Xã"},"geometry":{"type":"Polygon","coordinates":[[[102.9848,21.6556],[102.9804,21.6574],[102.9844,21.658],[102.9868,21.6609],[102.9857,21.6665],[102.9903,21.6843],[102.9854,21.6887],[102.982,21.6896],[102.9806,21.6968],[102.9823,21.7003],[102.9873,21.7025],[102.9904,21.7063],[102.9909,21.7148],[102.9887,21.7143],[102.9888,21.7201],[102.9851,21.7223],[102.9855,21.7265],[102.9807,21.7295],[102.9775,21.7347],[102.9732,21.7364],[102.9743,21.7449],[102.9796,21.7488],[102.9817,21.755],[102.9853,21.7585],[102.9837,21.7682],[102.9794,21.7715],[102.9828,21.776],[102.9818,21.7768],[102.983,21.7783],[102.9801,21.7788],[102.9815,21.7821],[102.9847,21.7796],[102.9855,21.7827],[102.9795,21.7889],[102.9844,21.8009],[102.9851,21.8113],[102.9913,21.8133],[102.9857,21.8186],[102.9892,21.8255],[102.9887,21.8282],[102.9944,21.8332],[102.9965,21.8377],[102.9955,21.8414],[102.9978,21.8433],[102.9955,21.8467],[102.9986,21.8488],[102.9997,21.8528],[102.9977,21.8796],[103.0005,21.88],[103.0044,21.8891],[103.0064,21.8886],[103.0086,21.8919],[103.0114,21.8918],[103.0118,21.8936],[103.0172,21.8956],[103.0297,21.8777],[103.0333,21.8783],[103.0391,21.883],[103.0456,21.8815],[103.0497,21.8787],[103.059,21.8803],[103.0609,21.8703],[103.0639,21.8671],[103.0648,21.8624],[103.0754,21.8609],[103.0746,21.8563],[103.0807,21.8496],[103.088,21.8501],[103.0921,21.8482],[103.0983,21.8542],[103.1005,21.8529],[103.1035,21.8536],[103.1081,21.8572],[103.1288,21.85],[103.1353,21.8581],[103.1451,21.8616],[103.1513,21.871],[103.1561,21.8727],[103.1641,21.8702],[103.1705,21.8552],[103.176,21.8504],[103.1785,21.846],[103.1805,21.8377],[103.1766,21.8291],[103.1772,21.826],[103.1701,21.8216],[103.159,21.8177],[103.1561,21.8128],[103.1524,21.8102],[103.1511,21.8042],[103.1424,21.7919],[103.1415,21.7752],[103.1256,21.7708],[103.1281,21.7672],[103.1271,21.7611],[103.1292,21.7534],[103.1256,21.7487],[103.1265,21.7468],[103.1308,21.7454],[103.1314,21.7393],[103.1342,21.7337],[103.1419,21.7288],[103.1466,21.7219],[103.1454,21.7164],[103.156,21.7155],[103.165,21.7173],[103.1645,21.7162],[103.1666,21.7148],[103.1618,21.7077],[103.1634,21.7047],[103.162,21.702],[103.1634,21.6976],[103.1551,21.6743],[103.1456,21.6762],[103.1417,21.6744],[103.1366,21.6772],[103.1323,21.6767],[103.1252,21.6726],[103.1238,21.6675],[103.1144,21.6663],[103.1093,21.663],[103.1083,21.6651],[103.1062,21.6649],[103.1019,21.6685],[103.1012,21.6677],[103.1018,21.6729],[103.0983,21.6738],[103.0855,21.6703],[103.0841,21.6721],[103.0842,21.6805],[103.0705,21.6827],[103.0685,21.6843],[103.0631,21.6826],[103.0624,21.6859],[103.0463,21.6873],[103.0396,21.6903],[103.0199,21.689],[103.0076,21.6839],[103.0,21.6853],[102.9986,21.6818],[103.0005,21.681],[103.0004,21.677],[102.9986,21.6742],[103.0013,21.6733],[102.9967,21.672],[102.9952,21.6701],[102.9995,21.6674],[102.9878,21.6634],[102.9892,21.6602],[102.9848,21.6556]],[[103.0573,21.7851],[103.05782069565218,21.790046608695654],[103.057,21.7883],[103.0566,21.7745],[103.0573,21.7851]],[[103.11888430720278,21.76944803297658],[103.1263,21.7878],[103.1199,21.7733],[103.11888430720278,21.76944803297658]],[[103.07722074829931,21.735498979591835],[103.0706,21.7362],[103.076,21.7354],[103.07722074829931,21.735498979591835]]]}},{"type":"Feature","properties":{"admin_code":"DB-12","name":"Mường Tùng","unit_type":"xã","former_units":["Huổi Lèng","Mường Tùng"],"source":"GADM 4.1 + Resolution 1661/NQ-UBTVQH15","FID":12,"NAME_1":"Điện Biên","NAME_3":"Mường Tùng","TYPE_3":"Xã"},"geometry":{"type":"Polygon","coordinates":[[[103.1809,21.9467],[103.1818,21.9378],[103.186,21.9325],[103.1831,21.9261],[103.1839,21.9148],[103.1865,21.9069],[103.1857,21.9003],[103.1766,21.9012],[103.166,21.8819],[103.1641,21.8702],[103.1561,21.8727],[103.1513,21.871],[103.1451,21.8616],[103.1353,21.8581],[103.1288,21.85],[103.1081,21.8572],[103.1035,21.8536],[103.1005,21.8529],[103.0983,21.8542],[103.0921,21.8482],[103.088,21.8501],[103.0807,21.8496],[103.0746,21.8563],[103.0754,21.8609],[103.0648,21.8624],[103.0639,21.8671],[103.0609,21.8703],[103.059,21.8803],[103.0497,21.8787],[103.0456,21.8815],[103.0391,21.883],[103.0333,21.8783],[103.0297,21.8777],[103.0172,21.8956],[103.0157,21.9005],[103.0181,21.9019],[103.0111,21.911],[103.0159,21.9106],[103.017,21.9136],[103.0207,21.9143],[103.0227,21.9191],[103.02554758842444,21.919732797427653],[103.025,21.9199],[103.0244,21.9207],[103.0273,21.9221],[103.0263,21.9267],[103.0238,21.9262],[103.0239,21.9287],[103.0219,21.9287],[103.0211,21.9308],[103.0177,21.9305],[103.0196,21.9331],[103.0144,21.9385],[103.0118,21.9388],[103.0126,21.9415],[103.0097,21.9419],[103.0109,21.9435],[103.008,21.9459],[103.0091,21.9529],[103.0077,21.9553],[103.0055,21.9557],[103.0047,21.9681],[103.0065,21.9786],[103.0019,21.9931],[103.002,21.9974],[102.9996,22.0025],[102.9897,22.0115],[102.9918,22.0185],[102.9853,22.026],[102.9903,22.0286],[102.9916,22.0343],[102.9952,22.0359],[102.994,22.0434],[102.9997,22.0521],[103.0034,22.0503],[103.0064,22.0526],[103.0114,22.052],[103.022,22.0561],[103.0272,22.0519],[103.0386,22.0478],[103.0462,22.0487],[103.0553,22.039],[103.0654,22.0388],[103.0799,22.0287],[103.0838,22.0278],[103.0905,22.022],[103.1004,22.0102],[103.0989,22.0018],[103.1014,21.9889],[103.1078,21.9876],[103.1152,21.9809],[103.1258,21.9802],[103.1288,21.9742],[103.1316,21.974],[103.1347,21.9713],[103.1353,21.9679],[103.1378,21.9699],[103.1467,21.9683],[103.1508,21.9705],[103.1503,21.9663],[103.1555,21.9648],[103.1586,21.9612],[103.1662,21.9571],[103.1706,21.962],[103.1773,21.9519],[103.1809,21.9467]],[[103.1083,21.9243],[103.1111,21.9244],[103.1051,21.9244],[103.1083,21.9243]]]}},{"type":"Feature","properties":{"admin_code":"DB-13","name":"Pa Ham","unit_type":"xã","former_units":["Hừa Ngài","Pa Ham"],"source":"GADM 4.1 + Resolution 1661/NQ-UBTVQH15","FID":13,"NAME_1":"Điện Biên","NAME_3":"Pa Ham","TYPE_3":"Xã"},"geometry":{"type":"Polygon","coordinates":[[[103.166,21.8819],[103.1766,21.9012],[103.1857,21.9003],[103.1866,21.9025],[103.1831,21.9261],[103.186,21.9325],[103.1818,21.9378],[103.1809,21.9467],[103.1706,21.962],[103.1765,21.9615],[103.1765,21.9657],[103.184,21.9709],[103.1912,21.9621],[103.2021,21.9629],[103.2143,21.9678],[103.2192,21.9661],[103.2195,21.9609],[103.2224,21.9598],[103.2238,21.9569],[103.2233,21.9516],[103.2383,21.9519],[103.2403,21.9431],[103.2476,21.9375],[103.25,21.9319],[103.2524,21.9318],[103.26,21.927],[103.2738,21.9137],[103.2795,21.9044],[103.2786,21.9009],[103.2838,21.8977],[103.2791,21.8949],[103.2749,21.8883],[103.2714,21.8871],[103.2646,21.8742],[103.2638,21.8511],[103.2587,21.8481],[103.2586,21.85],[103.2549,21.8498],[103.2468,21.8575],[103.2261,21.8548],[103.2173,21.8568],[103.2076,21.8557],[103.2064,21.8529],[103.2132,21.8361],[103.2103,21.8201],[103.2156,21.8013],[103.2109,21.7949],[103.2096,21.7798],[103.2027,21.7791],[103.1956,21.7723],[103.1923,21.7629],[103.1876,21.7614],[103.185,21.7578],[103.1785,21.7544],[103.1733,21.7535],[103.1705,21.7553],[103.1719,21.7603],[103.1693,21.7633],[103.1628,21.7619],[103.1608,21.7648],[103.1469,21.7665],[103.1429,21.7705],[103.1415,21.7752],[103.1424,21.7919],[103.1511,21.8042],[103.1524,21.8102],[103.1561,21.8128],[103.159,21.8177],[103.1701,21.8216],[103.1772,21.826],[103.1766,21.8291],[103.1805,21.8377],[103.1785,21.846],[103.176,21.8504],[103.1705,21.8552],[103.1641,21.8702],[103.166,21.8819]],[[103.2122,21.9357],[103.2124657901028,21.934777551996163],[103.2156,21.948],[103.2122,21.9357]],[[103.2223,21.8906],[103.22275161290322,21.890251612903228],[103.22247836065574,21.89091956284153],[103.2223,21.8906]],[[103.2258,21.8879],[103.23150508474576,21.8871393220339],[103.22426,21.889087999999997],[103.2258,21.8879]]]}},{"type":"Feature","properties":{"admin_code":"DB-14","name":"Nậm Nèn","unit_type":"xã","former_units":["Huổi Mí","Nậm Nèn"],"source":"GADM 4.1 + Resolution 1661/NQ-UBTVQH15","FID":14,"NAME_1":"Điện Biên","NAME_3":"Nậm Nèn","TYPE_3":"Xã"},"geometry":{"type":"Polygon","coordinates":[[[103.1429,21.7705],[103.1469,21.7665],[103.1608,21.7648],[103.1628,21.7619],[103.1693,21.7633],[103.1719,21.7603],[103.1705,21.7553],[103.1733,21.7535],[103.1785,21.7544],[103.185,21.7578],[103.1876,21.7614],[103.1923,21.7629],[103.1956,21.7723],[103.2027,21.7791],[103.2096,21.7798],[103.2109,21.7949],[103.2156,21.8013],[103.2103,21.8201],[103.2132,21.8361],[103.2064,21.8529],[103.2076,21.8557],[103.2118,21.8568],[103.2261,21.8548],[103.2468,21.8575],[103.2549,21.8498],[103.2594,21.8493],[103.2587,21.8481],[103.2601,21.8478],[103.2638,21.8511],[103.2646,21.8742],[103.2714,21.8871],[103.2749,21.8883],[103.2791,21.8949],[103.2838,21.8977],[103.2884,21.8885],[103.2926,21.8839],[103.2945,21.8666],[103.2933,21.8613],[103.2906,21.8581],[103.2912,21.8533],[103.2898,21.85],[103.2924,21.8472],[103.2989,21.8306],[103.298,21.825],[103.3043,21.8179],[103.3027,21.815],[103.3044,21.8097],[103.304,21.8057],[103.2984,21.8006],[103.2906,21.7973],[103.2844,21.79],[103.2843,21.788],[103.2803,21.787],[103.2693,21.7791],[103.2593,21.7654],[103.2394,21.7498],[103.2341,21.7375],[103.2359,21.7323],[103.2354,21.7256],[103.2323,21.7222],[103.2156,21.7123],[103.2111,21.7163],[103.2041,21.7162],[103.1974,21.7195],[103.1915,21.7162],[103.1829,21.7186],[103.162,21.7173],[103.156,21.7155],[103.1454,21.7164],[103.1466,21.7219],[103.1419,21.7288],[103.1342,21.7337],[103.1314,21.7393],[103.1308,21.7454],[103.1265,21.7468],[103.1256,21.7487],[103.1292,21.7534],[103.1271,21.7611],[103.1281,21.7672],[103.1256,21.7708],[103.1415,21.7752],[103.1429,21.7705]]]}},{"type":"Feature","properties":{"admin_code":"DB-15","name":"Mường Pồn","unit_type":"xã","former_units":["Mường Mươn","Mường Pồn"],"source":"GADM 4.1 + Resolution 1661/NQ-UBTVQH15","FID":15,"NAME_1":"Điện Biên","NAME_3":"Mường Pồn","TYPE_3":"Xã"},"geometry":{"type":"Polygon","coordinates":[[[102.9157,21.503],[102.9195,21.5049],[102.9209,21.509],[102.9281,21.515],[102.9341,21.5166],[102.9337,21.5233],[102.9428,21.5271],[102.9466,21.5354],[102.9551,21.5399],[102.9627,21.5463],[102.9607,21.5541],[102.9675,21.561],[102.9695,21.5664],[102.9795,21.5719],[102.9948,21.5842],[102.9965,21.586],[102.9964,21.5891],[102.9925,21.6033],[102.9872,21.608],[102.9878,21.6139],[102.9905,21.6163],[102.9896,21.6191],[102.9916,21.6233],[102.9878,21.6269],[102.9884,21.6307],[102.9855,21.6353],[102.9866,21.6368],[102.9839,21.6398],[102.9864,21.6443],[102.9836,21.6449],[102.982,21.651],[102.985,21.6535],[102.9838,21.656],[102.9892,21.6602],[102.9877,21.6624],[102.9934,21.6662],[102.9995,21.6674],[102.9952,21.6701],[102.9967,21.672],[103.0013,21.6733],[102.9986,21.6742],[103.0004,21.677],[103.0005,21.681],[102.9986,21.6818],[103.0,21.6853],[103.0076,21.6839],[103.0199,21.689],[103.0396,21.6903],[103.0463,21.6873],[103.0624,21.6859],[103.0631,21.6826],[103.0685,21.6843],[103.0705,21.6827],[103.0842,21.6805],[103.0841,21.6721],[103.0855,21.6703],[103.0983,21.6738],[103.1018,21.6729],[103.1012,21.6677],[103.1019,21.6685],[103.1062,21.6649],[103.1083,21.6651],[103.1093,21.663],[103.1144,21.6663],[103.1238,21.6675],[103.1252,21.6726],[103.1323,21.6767],[103.1366,21.6772],[103.1417,21.6744],[103.1456,21.6762],[103.1551,21.6743],[103.1542,21.6718],[103.1571,21.666],[103.1533,21.6616],[103.1563,21.6532],[103.1521,21.6408],[103.1419,21.6355],[103.1343,21.6263],[103.1087,21.6163],[103.1054,21.6136],[103.0913,21.6147],[103.0848,21.6082],[103.083,21.6013],[103.0773,21.5926],[103.0698,21.5875],[103.0625,21.5855],[103.06187814070351,21.587020100502517],[103.061,21.5814],[103.0632,21.5769],[103.0609,21.576],[103.0624,21.5713],[103.0613,21.5688],[103.0624,21.5662],[103.0651,21.5665],[103.0652,21.564],[103.0637,21.5632],[103.0671,21.5619],[103.068,21.5574],[103.0664,21.5578],[103.0652,21.5607],[103.0625,21.5612],[103.0601,21.5592],[103.0619,21.5581],[103.0614,21.557],[103.0575,21.5567],[103.0582,21.5507],[103.057,21.5476],[103.0558,21.5485],[103.0544,21.546],[103.0559,21.5451],[103.0545,21.5434],[103.0573,21.5353],[103.054,21.5345],[103.0544,21.5298],[103.0524,21.5296],[103.0525,21.5269],[103.0481,21.5288],[103.049,21.5269],[103.0477,21.5236],[103.045,21.5208],[103.0477,21.5179],[103.0413,21.514],[103.0391,21.5079],[103.0424,21.5049],[103.0424,21.5006],[103.0443,21.4975],[103.0407,21.4967],[103.0382,21.4981],[103.0362,21.4959],[103.0236,21.4932],[103.0215,21.4904],[103.0168,21.489],[103.0113,21.4956],[102.9996,21.493],[102.9958,21.4888],[102.9877,21.4869],[102.9657,21.4965],[102.951,21.4921],[102.9464,21.4859],[102.9424,21.4844],[102.9291,21.4878],[102.9271,21.4893],[102.9269,21.4925],[102.924,21.4941],[102.9164,21.4945],[102.9157,21.503]]]}},{"type":"Feature","properties":{"admin_code":"DB-16","name":"Tủa Chùa","unit_type":"xã","former_units":["Tủa Chùa","Mường Báng","Nà Tòng"],"source":"GADM 4.1 + Resolution 1661/NQ-UBTVQH15","FID":16,"NAME_1":"Điện Biên","NAME_3":"Tủa Chùa","TYPE_3":"Xã"},"geometry":{"type":"Polygon","coordinates":[[[103.3911,21.8335],[103.3967,21.8352],[103.4038,21.8328],[103.4206,21.8314],[103.4246,21.8295],[103.424,21.8193],[103.4275,21.8167],[103.4307,21.81],[103.428,21.8067],[103.4327,21.7998],[103.4234,21.7789],[103.4198,21.7759],[103.4116,21.7759],[103.4066,21.7673],[103.4087,21.7614],[103.4078,21.7593],[103.4107,21.7557],[103.4128,21.7478],[103.407,21.7481],[103.4048,21.746],[103.3992,21.7449],[103.3957,21.7486],[103.3846,21.7475],[103.383,21.7524],[103.3852,21.7598],[103.3809,21.7693],[103.3805,21.7741],[103.3739,21.7796],[103.3696,21.7798],[103.3581,21.7849],[103.3359,21.785],[103.3312,21.7873],[103.3329,21.7884],[103.3326,21.7944],[103.3226,21.8047],[103.3092,21.8093],[103.3043,21.8062],[103.3027,21.815],[103.3043,21.8179],[103.298,21.825],[103.2989,21.8306],[103.2924,21.8472],[103.2898,21.85],[103.2912,21.8533],[103.2906,21.8581],[103.2933,21.8613],[103.2945,21.8666],[103.3008,21.864],[103.315,21.8641],[103.3226,21.861],[103.3255,21.8652],[103.3282,21.8684],[103.3287,21.8706],[103.3332,21.872],[103.3337,21.8748],[103.3455,21.8725],[103.3549,21.8725],[103.3564,21.8729],[103.3538,21.8756],[103.3562,21.8763],[103.3691,21.8731],[103.3759,21.8754],[103.3809,21.8692],[103.3806,21.8643],[103.3843,21.8568],[103.3831,21.853],[103.3793,21.8502],[103.3823,21.8471],[103.3891,21.8479],[103.3901,21.8468],[103.3885,21.8441],[103.3907,21.8439],[103.3923,21.8407],[103.38906799513235,21.831335473075768],[103.3911,21.8335]]]}},{"type":"Feature","properties":{"admin_code":"DB-17","name":"Sín Chải","unit_type":"xã","former_units":["Tả Sìn Thàng","Lao Xả Phình","Sín Chải"],"source":"GADM 4.1 + Resolution 1661/NQ-UBTVQH15","FID":17,"NAME_1":"Điện Biên","NAME_3":"Sín Chải","TYPE_3":"Xã"},"geometry":{"type":"Polygon","coordinates":[[[103.2578,21.9748],[103.2681,22.0014],[103.267,22.0075],[103.2624,22.0129],[103.2627,22.0161],[103.2682,22.0217],[103.2749,22.0215],[103.2777,22.0268],[103.2846,22.0301],[103.2879,22.0401],[103.2917,22.0442],[103.2918,22.0498],[103.2882,22.0557],[103.2753,22.0681],[103.2734,22.0723],[103.2738,22.0747],[103.2761,22.0802],[103.2841,22.0889],[103.2846,22.1034],[103.2868,22.1081],[103.2934,22.1128],[103.3075,22.1141],[103.309,22.1171],[103.3066,22.1227],[103.307,22.1263],[103.3169,22.1342],[103.3188,22.1421],[103.3266,22.1469],[103.3303,22.1523],[103.3368,22.1542],[103.349,22.1524],[103.3694,22.1545],[103.3701,22.1474],[103.3744,22.1436],[103.3714,22.139],[103.3759,22.1157],[103.3829,22.1017],[103.3873,22.1002],[103.3873,22.092],[103.3911,22.0876],[103.3919,22.0775],[103.3994,22.074],[103.393,22.0672],[103.4007,22.0659],[103.4084,22.0586],[103.4061,22.0556],[103.4099,22.0514],[103.4141,22.0409],[103.4092,22.0272],[103.4105,22.0192],[103.4072,22.0161],[103.4052,22.0196],[103.3985,22.0202],[103.3968,22.0257],[103.3951,22.0266],[103.3915,22.0244],[103.3845,22.0255],[103.3745,22.0231],[103.3748,22.0182],[103.3704,22.0141],[103.3619,22.0153],[103.3595,22.0107],[103.3521,22.0075],[103.3482,22.0084],[103.3453,22.0068],[103.339,22.0072],[103.3348,22.0119],[103.3304,22.0036],[103.3286,22.0049],[103.3274,22.0039],[103.3278,22.0003],[103.3237,21.9962],[103.3215,21.9959],[103.3225,21.9875],[103.3193,21.9853],[103.3176,21.9797],[103.3049,21.9745],[103.3009,21.9706],[103.2921,21.9679],[103.2908,21.9646],[103.2743,21.9556],[103.2645,21.9536],[103.2578,21.9748]]]}},{"type":"Feature","properties":{"admin_code":"DB-18","name":"Sính Phình","unit_type":"xã","former_units":["Trung Thu","Tả Phìn","Sính Phình"],"source":"GADM 4.1 + Resolution 1661/NQ-UBTVQH15","FID":18,"NAME_1":"Điện Biên","NAME_3":"Sính Phình","TYPE_3":"Xã"},"geometry":{"type":"Polygon","coordinates":[[[103.2931,21.879],[103.2926,21.8839],[103.2884,21.8885],[103.2838,21.8977],[103.2786,21.9009],[103.2795,21.9044],[103.2738,21.9137],[103.26,21.927],[103.2524,21.9318],[103.2517,21.9349],[103.2636,21.9448],[103.2645,21.9536],[103.2743,21.9556],[103.2908,21.9646],[103.2921,21.9679],[103.3009,21.9706],[103.3049,21.9745],[103.3176,21.9797],[103.3193,21.9853],[103.3225,21.9875],[103.3215,21.9959],[103.3237,21.9962],[103.3278,22.0003],[103.3274,22.0039],[103.3286,22.0049],[103.3304,22.0036],[103.3348,22.0119],[103.339,22.0072],[103.3521,22.0075],[103.3595,22.0107],[103.3619,22.0153],[103.3704,22.0141],[103.3748,22.0182],[103.3745,22.0231],[103.3845,22.0255],[103.3915,22.0244],[103.3951,22.0266],[103.3968,22.0257],[103.3985,22.0202],[103.4052,22.0196],[103.4072,22.0161],[103.4043,22.0137],[103.4095,22.0112],[103.4097,21.999],[103.4068,21.9992],[103.3978,21.9928],[103.3944,21.9933],[103.3938,21.9847],[103.3976,21.9782],[103.3896,21.9657],[103.3919,21.9599],[103.3921,21.9538],[103.3896,21.9477],[103.3951,21.9436],[103.395,21.9414],[103.3908,21.9397],[103.3834,21.9221],[103.3853,21.9185],[103.3914,21.9165],[103.4014,21.9174],[103.4065,21.9154],[103.4063,21.9132],[103.4002,21.9065],[103.4003,21.9041],[103.4085,21.899],[103.4111,21.8906],[103.3961,21.8921],[103.3842,21.8897],[103.3778,21.8908],[103.3745,21.8805],[103.3759,21.8754],[103.3691,21.8731],[103.3562,21.8763],[103.3538,21.8756],[103.3564,21.8729],[103.3549,21.8725],[103.3455,21.8725],[103.3337,21.8748],[103.3332,21.872],[103.3287,21.8706],[103.3226,21.861],[103.315,21.8641],[103.3008,21.864],[103.2945,21.8666],[103.2931,21.879]],[[103.3289,21.9495],[103.3316,21.958],[103.3302,21.9568],[103.3273,21.9423],[103.3289,21.9495]],[[103.3363,21.9842],[103.3336,21.9894],[103.3385,21.9745],[103.3363,21.9842]]]}},{"type":"Feature","properties":{"admin_code":"DB-19","name":"Tủa Thàng","unit_type":"xã","former_units":["Huổi Só","Tủa Thàng"],"source":"GADM 4.1 + Resolution 1661/NQ-UBTVQH15","FID":19,"NAME_1":"Điện Biên","NAME_3":"Tủa Thàng","TYPE_3":"Xã"},"geometry":{"type":"Polygon","coordinates":[[[103.4606,21.999],[103.4657,21.9954],[103.4682,21.9865],[103.4751,21.979],[103.4873,21.9763],[103.5026,21.9659],[103.5038,21.9577],[103.5055,21.9552],[103.5004,21.9525],[103.4984,21.9446],[103.4845,21.9383],[103.4849,21.9341],[103.4889,21.933],[103.4834,21.9295],[103.4824,21.9231],[103.4708,21.9217],[103.4612,21.9262],[103.448,21.9262],[103.4405,21.918],[103.4411,21.9126],[103.4359,21.909],[103.4268,21.9175],[103.4282,21.9225],[103.4226,21.9241],[103.4192,21.9245],[103.4167,21.9219],[103.4113,21.9228],[103.3996,21.9213],[103.3914,21.9165],[103.3853,21.9185],[103.3834,21.9221],[103.386,21.9306],[103.3908,21.9397],[103.395,21.9414],[103.3951,21.9436],[103.3896,21.9477],[103.3921,21.9538],[103.3919,21.9599],[103.3896,21.9657],[103.3976,21.9782],[103.3938,21.9847],[103.3932,21.9895],[103.3944,21.9933],[103.3978,21.9928],[103.4068,21.9992],[103.4097,21.999],[103.4095,22.0112],[103.4043,22.0137],[103.4105,22.0192],[103.4092,22.0272],[103.4141,22.0409],[103.4099,22.0514],[103.4061,22.0556],[103.4081,22.0594],[103.4026,22.0628],[103.4007,22.0659],[103.393,22.0672],[103.3994,22.074],[103.3919,22.0775],[103.3911,22.0876],[103.3873,22.092],[103.3873,22.1002],[103.3829,22.1017],[103.3759,22.1157],[103.3714,22.139],[103.3744,22.1436],[103.3701,22.1474],[103.3694,22.1545],[103.3892,22.1569],[103.3923,22.1544],[103.3896,22.1477],[103.3902,22.1451],[103.3943,22.1391],[103.4041,22.1304],[103.4066,22.1151],[103.4134,22.0942],[103.4183,22.0851],[103.421,22.0729],[103.431,22.0649],[103.4346,22.0552],[103.4366,22.0546],[103.4443,22.0583],[103.4534,22.0539],[103.4572,22.0492],[103.4612,22.0388],[103.4689,22.0289],[103.4671,22.0255],[103.4555,22.0172],[103.4528,22.0128],[103.4527,22.0088],[103.4606,21.999]]]}},{"type":"Feature","properties":{"admin_code":"DB-20","name":"Sáng Nhè","unit_type":"xã","former_units":["Xá Nhè","Mường Đun","Phình Sáng"],"source":"GADM 4.1 + Resolution 1661/NQ-UBTVQH15","FID":20,"NAME_1":"Điện Biên","NAME_3":"Sáng Nhè","TYPE_3":"Xã"},"geometry":{"type":"Polygon","coordinates":[[[103.5223,21.8615],[103.5236,21.8529],[103.5301,21.8421],[103.5295,21.8332],[103.5322,21.8313],[103.5358,21.8315],[103.5402,21.8272],[103.5421,21.8213],[103.5364,21.8142],[103.5396,21.8121],[103.5475,21.7995],[103.5443,21.7986],[103.5418,21.8012],[103.5384,21.8018],[103.5319,21.7997],[103.535,21.7939],[103.5275,21.7882],[103.5276,21.7824],[103.5124,21.7765],[103.5032,21.7703],[103.499,21.7648],[103.504,21.759],[103.4994,21.7553],[103.4965,21.7503],[103.4895,21.7462],[103.4813,21.7477],[103.4751,21.7514],[103.4668,21.7526],[103.4669,21.756],[103.4619,21.7584],[103.4641,21.7604],[103.4644,21.7661],[103.4589,21.7789],[103.456,21.7797],[103.4463,21.7885],[103.4436,21.7918],[103.439,21.8046],[103.4307,21.81],[103.4275,21.8167],[103.424,21.8193],[103.4246,21.8295],[103.4206,21.8314],[103.4065,21.8333],[103.4038,21.8328],[103.3967,21.8352],[103.3893,21.8317],[103.3923,21.8407],[103.3907,21.8439],[103.3885,21.8441],[103.3901,21.8468],[103.387,21.8482],[103.3823,21.8471],[103.3793,21.8502],[103.3831,21.853],[103.3843,21.8568],[103.3806,21.8643],[103.3809,21.8692],[103.3747,21.8767],[103.3762,21.8875],[103.3778,21.8908],[103.3842,21.8897],[103.3961,21.8921],[103.4111,21.8906],[103.4085,21.899],[103.4003,21.9041],[103.4002,21.9065],[103.4063,21.9132],[103.4065,21.9154],[103.403,21.9173],[103.3981,21.9161],[103.3943,21.9178],[103.3996,21.9213],[103.4113,21.9228],[103.4167,21.9219],[103.4192,21.9245],[103.4282,21.9225],[103.4268,21.9175],[103.4338,21.9096],[103.4359,21.909],[103.4411,21.9126],[103.4405,21.918],[103.448,21.9262],[103.4612,21.9262],[103.4708,21.9217],[103.4824,21.9231],[103.4843,21.9211],[103.48,21.9158],[103.4811,21.9121],[103.4796,21.9087],[103.4867,21.9034],[103.4828,21.895],[103.4895,21.8897],[103.4879,21.8842],[103.4923,21.8806],[103.4948,21.8752],[103.5068,21.8728],[103.5113,21.8675],[103.5193,21.8638],[103.5223,21.8615]],[[103.446532314107,21.909692564280757],[103.445,21.9114],[103.4411,21.9126],[103.446532314107,21.909692564280757]],[[103.479,21.8455],[103.46885841511644,21.841856906401055],[103.46885841511644,21.841856906401052],[103.479,21.8455]],[[103.4485,21.9075],[103.4481684554363,21.90786943537097],[103.448,21.9029],[103.4485,21.9075]]]}},{"type":"Feature","properties":{"admin_code":"DB-21","name":"Tuần Giáo","unit_type":"xã","former_units":["Tuần Giáo","Quài Cang","Quài Nưa"],"source":"GADM 4.1 + Resolution 1661/NQ-UBTVQH15","FID":21,"NAME_1":"Điện Biên","NAME_3":"Tuần Giáo","TYPE_3":"Xã"},"geometry":{"type":"Polygon","coordinates":[[[103.3961,21.5738],[103.3918,21.5747],[103.3923,21.576],[103.3785,21.5878],[103.3821,21.5904],[103.3867,21.6039],[103.3895,21.6069],[103.3893,21.6107],[103.3929,21.6155],[103.3922,21.6202],[103.3902,21.6237],[103.3914,21.6289],[103.3885,21.64],[103.3916,21.6461],[103.391,21.6537],[103.3893,21.6644],[103.3896,21.6789],[103.4049,21.6848],[103.4125,21.6916],[103.4123,21.6954],[103.4254,21.6906],[103.4344,21.6901],[103.437,21.6752],[103.4406,21.6728],[103.4468,21.672],[103.4493,21.6669],[103.463,21.661],[103.4589,21.6558],[103.4612,21.6532],[103.4692,21.6561],[103.4845,21.665],[103.4868,21.6717],[103.4886,21.6738],[103.4919,21.6743],[103.4991,21.6702],[103.4988,21.6601],[103.5046,21.6524],[103.506,21.6399],[103.509,21.6345],[103.5075,21.6326],[103.5001,21.6317],[103.4936,21.6288],[103.4875,21.624],[103.4875,21.6127],[103.4834,21.6104],[103.4766,21.615],[103.4703,21.617],[103.4697,21.62],[103.4703,21.6133],[103.4687,21.611],[103.4714,21.6021],[103.4695,21.5975],[103.4658,21.5958],[103.4644,21.5926],[103.454,21.5896],[103.4514,21.5871],[103.4533,21.5846],[103.4522,21.5822],[103.448,21.5829],[103.4415,21.5811],[103.43806441212121,21.58476850909091],[103.4297,21.5801],[103.4215,21.5807],[103.4153,21.5789],[103.4106,21.5735],[103.4102,21.5701],[103.4067,21.567],[103.4031,21.5684],[103.3961,21.5738]]]}},{"type":"Feature","properties":{"admin_code":"DB-22","name":"Quài Tở","unit_type":"xã","former_units":["Tỏa Tình","Tênh Phông","Quài Tở"],"source":"GADM 4.1 + Resolution 1661/NQ-UBTVQH15","FID":22,"NAME_1":"Điện Biên","NAME_3":"Quài Tở","TYPE_3":"Xã"},"geometry":{"type":"Polygon","coordinates":[[[103.4146,21.4345],[103.4094,21.449],[103.41,21.4563],[103.4145,21.4649],[103.4133,21.4728],[103.4099,21.48],[103.4098,21.4914],[103.3939,21.526],[103.3939,21.5454],[103.3904,21.5577],[103.3953,21.5649],[103.4031,21.5684],[103.4067,21.567],[103.4102,21.5701],[103.4106,21.5735],[103.4153,21.5789],[103.4215,21.5807],[103.4297,21.5801],[103.4383,21.5849],[103.4415,21.5811],[103.448,21.5829],[103.4578,21.5802],[103.4522,21.5822],[103.4533,21.5846],[103.4514,21.5871],[103.454,21.5896],[103.4644,21.5926],[103.4658,21.5958],[103.4703,21.5987],[103.4714,21.6021],[103.4687,21.611],[103.4703,21.617],[103.4766,21.615],[103.4834,21.6104],[103.4875,21.6127],[103.4875,21.624],[103.4936,21.6288],[103.5001,21.6317],[103.5075,21.6326],[103.509,21.6345],[103.5054,21.6437],[103.5046,21.6524],[103.5063,21.6562],[103.5161,21.6568],[103.5238,21.6541],[103.5365,21.655],[103.5407,21.6533],[103.549,21.6544],[103.5506,21.6524],[103.5431,21.6477],[103.5418,21.6441],[103.5454,21.643],[103.545,21.6399],[103.5494,21.6403],[103.551,21.6382],[103.5508,21.6326],[103.5599,21.6266],[103.5579,21.6229],[103.554,21.6208],[103.5555,21.6174],[103.554,21.6133],[103.5496,21.6095],[103.5479,21.6023],[103.5427,21.6025],[103.5395,21.6009],[103.5378,21.5901],[103.5347,21.591],[103.5306,21.5867],[103.5303,21.5813],[103.5329,21.58],[103.532,21.5714],[103.5341,21.5686],[103.5317,21.5666],[103.5284,21.5676],[103.5273,21.5653],[103.5238,21.5652],[103.5215,21.5673],[103.5192,21.565],[103.5184,21.5625],[103.5226,21.548],[103.5225,21.543],[103.5195,21.5398],[103.5171,21.5328],[103.5154,21.5332],[103.5031,21.5337],[103.4991,21.5324],[103.4891,21.5272],[103.4849,21.5207],[103.4742,21.5205],[103.4706,21.5168],[103.4636,21.5197],[103.4595,21.5179],[103.4534,21.5233],[103.4615,21.5155],[103.4619,21.5122],[103.4573,21.5091],[103.4517,21.5018],[103.4511,21.4917],[103.4479,21.487],[103.4478,21.4856],[103.4542,21.4802],[103.4536,21.471],[103.4568,21.4576],[103.4464,21.4431],[103.4491,21.4383],[103.4409,21.4312],[103.4391,21.4323],[103.4299,21.4304],[103.4236,21.4309],[103.4203,21.4299],[103.4178,21.4266],[103.4146,21.4285],[103.4129,21.4278],[103.4146,21.4345]]]}},{"type":"Feature","properties":{"admin_code":"DB-23","name":"Mường Mùn","unit_type":"xã","former_units":["Mùn Chung","Pú Xi","Mường Mùn"],"source":"GADM 4.1 + Resolution 1661/NQ-UBTVQH15","FID":23,"NAME_1":"Điện Biên","NAME_3":"Mường Mùn","TYPE_3":"Xã"},"geometry":{"type":"Polygon","coordinates":[[[103.1829,21.7186],[103.1915,21.7162],[103.1974,21.7195],[103.2041,21.7162],[103.2111,21.7163],[103.2156,21.7123],[103.2198,21.7142],[103.2354,21.7256],[103.2359,21.7323],[103.2341,21.7375],[103.2394,21.7498],[103.2459,21.7537],[103.2628,21.7689],[103.2693,21.7791],[103.2762,21.783],[103.2781,21.786],[103.2843,21.788],[103.2844,21.79],[103.2906,21.7973],[103.2984,21.8006],[103.304,21.8057],[103.3092,21.8093],[103.3226,21.8047],[103.3326,21.7944],[103.3329,21.7884],[103.3312,21.7873],[103.3359,21.785],[103.3581,21.7849],[103.35808927447002,21.784463828447496],[103.3696,21.7798],[103.3739,21.7796],[103.3805,21.7741],[103.3809,21.7693],[103.3852,21.7598],[103.383,21.7524],[103.3846,21.7475],[103.3957,21.7486],[103.3992,21.7449],[103.4048,21.746],[103.407,21.7481],[103.414,21.7469],[103.4143,21.7447],[103.4075,21.7404],[103.4039,21.7343],[103.402,21.7247],[103.4034,21.7196],[103.4078,21.7153],[103.4081,21.7113],[103.4139,21.7061],[103.415,21.6943],[103.4123,21.6954],[103.4125,21.6916],[103.4008,21.6823],[103.3896,21.6789],[103.3851,21.6904],[103.3629,21.6888],[103.3587,21.6866],[103.3455,21.6876],[103.3398,21.6864],[103.3367,21.6837],[103.334,21.6776],[103.3328,21.6614],[103.3296,21.6619],[103.3211,21.6534],[103.3186,21.6561],[103.3155,21.6644],[103.2982,21.6645],[103.2917,21.6706],[103.2952,21.6753],[103.2921,21.6724],[103.2768,21.6723],[103.2738,21.6784],[103.2683,21.6778],[103.2644,21.6815],[103.2544,21.6797],[103.2493,21.6723],[103.2433,21.669],[103.242,21.6732],[103.2384,21.6749],[103.2348,21.681],[103.2303,21.682],[103.2249,21.6807],[103.2167,21.6839],[103.2132,21.6826],[103.2111,21.6841],[103.2074,21.6814],[103.2067,21.6786],[103.1988,21.6734],[103.198,21.6709],[103.1924,21.6702],[103.1897,21.6648],[103.1903,21.6628],[103.1877,21.6604],[103.1848,21.6602],[103.1803,21.6554],[103.1765,21.6557],[103.1712,21.648],[103.1667,21.6475],[103.1521,21.6408],[103.1563,21.6532],[103.1533,21.6616],[103.1571,21.666],[103.1542,21.6718],[103.1634,21.6976],[103.162,21.702],[103.1634,21.7047],[103.1618,21.7077],[103.1666,21.7148],[103.1645,21.7162],[103.165,21.7173],[103.1829,21.7186]]]}},{"type":"Feature","properties":{"admin_code":"DB-24","name":"Pú Nhung","unit_type":"xã","former_units":["Rạng Đông","Ta Ma","Pú Nhung"],"source":"GADM 4.1 + Resolution 1661/NQ-UBTVQH15","FID":24,"NAME_1":"Điện Biên","NAME_3":"Pú Nhung","TYPE_3":"Xã"},"geometry":{"type":"Polygon","coordinates":[[[103.4139,21.7061],[103.4081,21.7113],[103.4078,21.7153],[103.4034,21.7196],[103.402,21.7247],[103.4039,21.7343],[103.4075,21.7404],[103.4143,21.7447],[103.414,21.7469],[103.4078,21.7593],[103.4087,21.7614],[103.4066,21.7673],[103.4116,21.7759],[103.4198,21.7759],[103.4234,21.7789],[103.4327,21.7998],[103.428,21.8067],[103.4307,21.81],[103.439,21.8046],[103.4436,21.7918],[103.4496,21.7867],[103.4501,21.7843],[103.4589,21.7789],[103.4644,21.7661],[103.4641,21.7604],[103.4619,21.7584],[103.4669,21.756],[103.4668,21.7526],[103.4751,21.7514],[103.4813,21.7477],[103.4895,21.7462],[103.4965,21.7503],[103.4994,21.7553],[103.504,21.759],[103.499,21.7648],[103.5032,21.7703],[103.5124,21.7765],[103.5276,21.7824],[103.5275,21.7882],[103.535,21.7939],[103.5319,21.7997],[103.5384,21.8018],[103.5418,21.8012],[103.5443,21.7986],[103.5475,21.7995],[103.5411,21.7774],[103.5435,21.7738],[103.5584,21.7621],[103.5614,21.7493],[103.5726,21.7396],[103.5708,21.7365],[103.5742,21.7332],[103.578,21.7205],[103.586,21.7074],[103.5838,21.7053],[103.5852,21.7018],[103.5935,21.693],[103.5951,21.6868],[103.5987,21.683],[103.5954,21.6754],[103.5918,21.6764],[103.5842,21.6852],[103.5803,21.6848],[103.5679,21.6778],[103.567,21.6721],[103.5605,21.6676],[103.5571,21.656],[103.5537,21.6532],[103.5506,21.6524],[103.549,21.6544],[103.5407,21.6533],[103.5365,21.655],[103.5238,21.6541],[103.5161,21.6568],[103.5087,21.6572],[103.5063,21.6562],[103.5046,21.6524],[103.4988,21.6601],[103.4995,21.669],[103.4969,21.6724],[103.4919,21.6743],[103.4886,21.6738],[103.4845,21.665],[103.4692,21.6561],[103.4612,21.6532],[103.4589,21.6558],[103.463,21.661],[103.4493,21.6669],[103.4468,21.672],[103.4406,21.6728],[103.437,21.6752],[103.4344,21.6901],[103.4254,21.6906],[103.415,21.6943],[103.4139,21.7061]],[[103.4788,21.7265],[103.4934,21.7168],[103.4801,21.7258],[103.478,21.7299],[103.4788,21.7265]]]}},{"type":"Feature","properties":{"admin_code":"DB-25","name":"Chiềng Sinh","unit_type":"xã","former_units":["Nà Sáy","Mường Thín","Mường Khong","Chiềng Sinh"],"source":"GADM 4.1 + Resolution 1661/NQ-UBTVQH15","FID":25,"NAME_1":"Điện Biên","NAME_3":"Chiềng Sinh","TYPE_3":"Xã"},"geometry":{"type":"Polygon","coordinates":[[[103.3533,21.5277],[103.3454,21.5316],[103.3426,21.5351],[103.3402,21.5438],[103.3358,21.5465],[103.335,21.5521],[103.3284,21.5573],[103.3265,21.5641],[103.3173,21.568],[103.3112,21.5695],[103.3109,21.5735],[103.3079,21.5768],[103.2984,21.5848],[103.2918,21.5878],[103.2855,21.5996],[103.2853,21.6078],[103.2767,21.6157],[103.26,21.6203],[103.2574,21.6186],[103.2544,21.6197],[103.2454,21.618],[103.2408,21.6217],[103.2335,21.621],[103.2278,21.6235],[103.2245,21.6226],[103.2222,21.6244],[103.2143,21.6256],[103.2036,21.6244],[103.1973,21.6209],[103.1895,21.6252],[103.1732,21.6232],[103.1616,21.6166],[103.1578,21.6174],[103.1548,21.6226],[103.1468,21.6243],[103.1397,21.6325],[103.1419,21.6355],[103.1446,21.6358],[103.1484,21.639],[103.1667,21.6475],[103.1712,21.648],[103.1765,21.6557],[103.1803,21.6554],[103.1848,21.6602],[103.1877,21.6604],[103.1903,21.6628],[103.1897,21.6648],[103.1924,21.6702],[103.198,21.6709],[103.1988,21.6734],[103.2067,21.6786],[103.2074,21.6814],[103.2111,21.6841],[103.2132,21.6826],[103.2167,21.6839],[103.2249,21.6807],[103.2303,21.682],[103.2348,21.681],[103.2384,21.6749],[103.242,21.6732],[103.2433,21.669],[103.2493,21.6723],[103.2544,21.6797],[103.2644,21.6815],[103.2683,21.6778],[103.2738,21.6784],[103.2768,21.6723],[103.2921,21.6724],[103.2917,21.6706],[103.2982,21.6645],[103.3155,21.6644],[103.3186,21.6561],[103.32058296836983,21.653958394160583],[103.3296,21.6619],[103.3328,21.6614],[103.334,21.6776],[103.3367,21.6837],[103.3398,21.6864],[103.3455,21.6876],[103.3587,21.6866],[103.3629,21.6888],[103.3851,21.6904],[103.3896,21.6789],[103.3904,21.6718],[103.3893,21.6644],[103.3916,21.6461],[103.3885,21.64],[103.3914,21.6289],[103.3902,21.6237],[103.3922,21.6202],[103.3926,21.6141],[103.3893,21.6107],[103.3895,21.6069],[103.3867,21.6039],[103.3821,21.5904],[103.3785,21.5878],[103.3923,21.576],[103.3918,21.5747],[103.3961,21.5738],[103.4031,21.5684],[103.3953,21.5649],[103.3904,21.5577],[103.3939,21.5454],[103.3939,21.526],[103.3996,21.5148],[103.3968,21.5153],[103.3937,21.5138],[103.3907,21.515],[103.3867,21.5193],[103.3839,21.5202],[103.3833,21.5253],[103.3789,21.5272],[103.3784,21.5297],[103.3721,21.5304],[103.3704,21.5336],[103.3666,21.535],[103.3643,21.5327],[103.3645,21.53],[103.3604,21.5273],[103.3614,21.5247],[103.3581,21.5215],[103.3538,21.5231],[103.3533,21.5277]],[[103.351,21.5976],[103.3467,21.5994],[103.34583205479451,21.59903112328767],[103.351,21.5976]]]}},{"type":"Feature","properties":{"admin_code":"DB-26","name":"Mường Ảng","unit_type":"xã","former_units":["Mường Ảng","Ẳng Nưa","Ẳng Cang"],"source":"GADM 4.1 + Resolution 1661/NQ-UBTVQH15","FID":26,"NAME_1":"Điện Biên","NAME_3":"Mường Ảng","TYPE_3":"Xã"},"geometry":{"type":"Polygon","coordinates":[[[103.2004,21.4289],[103.1957,21.4317],[103.1936,21.4363],[103.1878,21.4371],[103.1848,21.4403],[103.1815,21.4463],[103.1825,21.4482],[103.1785,21.4547],[103.1771,21.4671],[103.1798,21.4704],[103.1782,21.4855],[103.1702,21.4932],[103.1675,21.5123],[103.164,21.5197],[103.1645,21.5232],[103.1701,21.5266],[103.1898,21.5319],[103.1977,21.542],[103.2033,21.5441],[103.207,21.5489],[103.2133,21.5485],[103.2191,21.551],[103.22420670988943,21.52890365913229],[103.2311,21.5305],[103.2355,21.5295],[103.2378,21.5246],[103.2501,21.5201],[103.2531,21.5172],[103.2643,21.5156],[103.2673,21.5117],[103.2863,21.5024],[103.2906,21.4985],[103.28,21.4889],[103.2573,21.4869],[103.2531,21.4854],[103.2421,21.4764],[103.2407,21.4728],[103.2346,21.4693],[103.2325,21.4623],[103.2263,21.4541],[103.2258,21.4497],[103.221,21.4438],[103.2181,21.4367],[103.2101,21.4306],[103.2004,21.4289]],[[103.21910793442623,21.50504236065574],[103.2148,21.5041],[103.2084,21.5],[103.21910793442623,21.50504236065574]]]}},{"type":"Feature","properties":{"admin_code":"DB-27","name":"Nà Tấu","unit_type":"xã","former_units":["Mường Đăng","Ngối Cáy","Nà Tấu"],"source":"GADM 4.1 + Resolution 1661/NQ-UBTVQH15","FID":27,"NAME_1":"Điện Biên","NAME_3":"Nà Tấu","TYPE_3":"Xã"},"geometry":{"type":"Polygon","coordinates":[[[103.1526,21.493],[103.1503,21.4872],[103.1424,21.4857],[103.1328,21.4939],[103.122,21.4969],[103.117,21.5],[103.1173,21.5028],[103.1135,21.5056],[103.114,21.508],[103.1117,21.5112],[103.1141,21.5128],[103.113,21.5158],[103.1021,21.515],[103.1007,21.516],[103.1006,21.5202],[103.1065,21.5277],[103.1041,21.5341],[103.1065,21.5391],[103.1065,21.5436],[103.1037,21.5537],[103.1017,21.5537],[103.097,21.5492],[103.0899,21.5456],[103.0798,21.5533],[103.0776,21.5587],[103.0637,21.5632],[103.0652,21.564],[103.0651,21.5665],[103.0624,21.5662],[103.0621,21.5739],[103.0608,21.5745],[103.0632,21.5769],[103.061,21.5814],[103.0625,21.5855],[103.0698,21.5875],[103.0773,21.5926],[103.083,21.6013],[103.0848,21.6082],[103.0913,21.6147],[103.1054,21.6136],[103.1087,21.6163],[103.1343,21.6263],[103.1397,21.6325],[103.1468,21.6243],[103.1548,21.6226],[103.1578,21.6174],[103.1616,21.6166],[103.1732,21.6232],[103.1895,21.6252],[103.1973,21.6209],[103.2036,21.6244],[103.2143,21.6256],[103.2222,21.6244],[103.2245,21.6226],[103.2278,21.6235],[103.2335,21.621],[103.2408,21.6217],[103.2454,21.618],[103.2544,21.6197],[103.2574,21.6186],[103.26,21.6203],[103.2684,21.617],[103.2703,21.6126],[103.2692,21.6072],[103.2628,21.6013],[103.2577,21.6004],[103.2442,21.5909],[103.2364,21.5803],[103.23,21.5759],[103.2279,21.5674],[103.2226,21.5609],[103.2213,21.5532],[103.2191,21.551],[103.2133,21.5485],[103.2106,21.5495],[103.207,21.5489],[103.2033,21.5441],[103.1977,21.542],[103.1898,21.5319],[103.1671,21.5248],[103.1645,21.5232],[103.164,21.5197],[103.1675,21.5123],[103.1702,21.4932],[103.1526,21.493]],[[103.1887,21.5986],[103.1853,21.6047],[103.1909,21.5927],[103.1887,21.5986]],[[103.1794,21.5775],[103.1885,21.5805],[103.1807,21.5787],[103.1794,21.5775]]]}},{"type":"Feature","properties":{"admin_code":"DB-28","name":"Búng Lao","unit_type":"xã","former_units":["Ẳng Tở","Chiềng Đông","Búng Lao"],"source":"GADM 4.1 + Resolution 1661/NQ-UBTVQH15","FID":28,"NAME_1":"Điện Biên","NAME_3":"Búng Lao","TYPE_3":"Xã"},"geometry":{"type":"Polygon","coordinates":[[[103.3588,21.5229],[103.3614,21.5247],[103.3604,21.5273],[103.3645,21.53],[103.3643,21.5327],[103.3666,21.535],[103.3704,21.5336],[103.3721,21.5304],[103.3784,21.5297],[103.3789,21.5272],[103.3833,21.5253],[103.3839,21.5202],[103.3867,21.5193],[103.3907,21.515],[103.3937,21.5138],[103.3968,21.5153],[103.3996,21.5148],[103.4098,21.4914],[103.4099,21.48],[103.4028,21.4818],[103.3821,21.48],[103.3608,21.4729],[103.3542,21.4745],[103.3491,21.4783],[103.3492994140911,21.487173927054343],[103.3459,21.4866],[103.3375,21.4954],[103.335,21.4963],[103.3336,21.5001],[103.3276,21.5003],[103.3194,21.4971],[103.3139,21.4995],[103.3107,21.4996],[103.3097,21.4978],[103.3035,21.498],[103.2997,21.501],[103.2906,21.4985],[103.2863,21.5024],[103.2673,21.5117],[103.2643,21.5156],[103.2531,21.5172],[103.2501,21.5201],[103.2378,21.5246],[103.2355,21.5295],[103.2311,21.5305],[103.2243,21.5285],[103.2191,21.551],[103.2213,21.5532],[103.2226,21.5609],[103.2279,21.5674],[103.23,21.5759],[103.2364,21.5803],[103.2442,21.5909],[103.2577,21.6004],[103.2628,21.6013],[103.2692,21.6072],[103.2703,21.6126],[103.2684,21.617],[103.2702,21.6173],[103.2795,21.6143],[103.2837,21.6102],[103.2883,21.5929],[103.2918,21.5878],[103.2984,21.5848],[103.3079,21.5768],[103.3109,21.5735],[103.3112,21.5695],[103.3265,21.5641],[103.3284,21.5573],[103.335,21.5521],[103.3358,21.5465],[103.3402,21.5438],[103.3426,21.5351],[103.3454,21.5316],[103.3533,21.5277],[103.3538,21.5231],[103.35806391752577,21.52151342603692],[103.3588,21.5229]],[[103.3480106557377,21.506512021857908],[103.3468,21.5019],[103.3469,21.4997],[103.3480106557377,21.506512021857908]],[[103.3564,21.5118],[103.3489,21.5099],[103.34866247625627,21.508995147642896],[103.3564,21.5118]]]}},{"type":"Feature","properties":{"admin_code":"DB-29","name":"Mường Lạn","unit_type":"xã","former_units":["Nặm Lịch","Xuân Lao","Mường Lạn"],"source":"GADM 4.1 + Resolution 1661/NQ-UBTVQH15","FID":29,"NAME_1":"Điện Biên","NAME_3":"Mường Lạn","TYPE_3":"Xã"},"geometry":{"type":"Polygon","coordinates":[[[103.2482,21.4272],[103.2417,21.429],[103.2367,21.424],[103.2313,21.423],[103.2256,21.4268],[103.2164,21.426],[103.2101,21.4306],[103.2181,21.4367],[103.221,21.4438],[103.2258,21.4497],[103.2263,21.4541],[103.2325,21.4623],[103.2346,21.4693],[103.2407,21.4728],[103.2421,21.4764],[103.2531,21.4854],[103.2698,21.4888],[103.2746,21.4876],[103.28,21.4889],[103.2869,21.4938],[103.288,21.4974],[103.2941,21.5],[103.2997,21.501],[103.3035,21.498],[103.3097,21.4978],[103.3107,21.4996],[103.3139,21.4995],[103.3172,21.4975],[103.3276,21.5003],[103.3336,21.5001],[103.335,21.4963],[103.3375,21.4954],[103.3459,21.4866],[103.3493,21.4872],[103.3491,21.4783],[103.3515,21.4758],[103.3608,21.4729],[103.3821,21.48],[103.4028,21.4818],[103.4109,21.4791],[103.4145,21.4649],[103.41,21.4563],[103.4094,21.449],[103.4146,21.4345],[103.4129,21.4278],[103.401,21.4316],[103.3977,21.4351],[103.3919,21.4368],[103.3857,21.4338],[103.3781,21.436],[103.3796,21.43],[103.3763,21.4279],[103.3662,21.4291],[103.354,21.4247],[103.3492,21.4284],[103.343,21.4288],[103.3377,21.4176],[103.3311,21.4154],[103.3233,21.4141],[103.3198,21.4113],[103.3165,21.4117],[103.2994,21.4079],[103.2922,21.4024],[103.2872,21.414],[103.2802,21.4178],[103.2746,21.4236],[103.2653,21.4274],[103.2622,21.4208],[103.2625,21.415],[103.2511,21.4248],[103.2482,21.4272]]]}},{"type":"Feature","properties":{"admin_code":"DB-30","name":"Mường Phăng","unit_type":"xã","former_units":["Nà Nhạn","Pá Khoang","Mường Phăng"],"source":"GADM 4.1 + Resolution 1661/NQ-UBTVQH15","FID":30,"NAME_1":"Điện Biên","NAME_3":"Mường Phăng","TYPE_3":"Xã"},"geometry":{"type":"Polygon","coordinates":[[[103.1304,21.3994],[103.1263,21.3993],[103.1223,21.394],[103.1165,21.3961],[103.1121,21.3948],[103.1088,21.3893],[103.1123,21.3822],[103.1097,21.3788],[103.0948,21.3829],[103.0948,21.3845],[103.0925,21.3837],[103.0891,21.3911],[103.0891,21.3967],[103.0857,21.4008],[103.0877,21.4026],[103.0842,21.4063],[103.0862,21.4069],[103.0874,21.4111],[103.085,21.4122],[103.0864,21.421],[103.0815,21.4216],[103.0839,21.4245],[103.0819,21.4269],[103.0828,21.4319],[103.0811,21.4373],[103.071,21.4366],[103.0617,21.4386],[103.0567,21.4432],[103.0482,21.4515],[103.0476,21.4541],[103.041,21.4586],[103.0403,21.4611],[103.0313,21.4528],[103.0269,21.452],[103.0266,21.4551],[103.0287,21.4564],[103.0258,21.459],[103.029,21.4641],[103.0279,21.4669],[103.025,21.468],[103.0363,21.4795],[103.0334,21.4876],[103.0363,21.4921],[103.0367,21.4973],[103.0443,21.4975],[103.0424,21.5006],[103.0424,21.5049],[103.0391,21.5079],[103.0413,21.514],[103.0477,21.5179],[103.045,21.5208],[103.0477,21.5236],[103.049,21.5269],[103.0481,21.5288],[103.0525,21.5269],[103.0524,21.5296],[103.0544,21.5298],[103.054,21.5345],[103.0573,21.5353],[103.0545,21.5434],[103.0559,21.5451],[103.0544,21.546],[103.0558,21.5485],[103.057,21.5476],[103.0582,21.5507],[103.0575,21.5567],[103.0614,21.557],[103.0619,21.5581],[103.0601,21.5592],[103.0625,21.5612],[103.0652,21.5607],[103.0664,21.5578],[103.068,21.5574],[103.0671,21.5619],[103.0776,21.5587],[103.0798,21.5533],[103.0899,21.5456],[103.097,21.5492],[103.1017,21.5537],[103.1037,21.5537],[103.1065,21.5436],[103.1065,21.5391],[103.1041,21.5341],[103.1065,21.5277],[103.1006,21.5202],[103.1007,21.516],[103.1021,21.515],[103.113,21.5158],[103.1141,21.5128],[103.1117,21.5112],[103.114,21.508],[103.1135,21.5056],[103.1173,21.5028],[103.117,21.5],[103.122,21.4969],[103.1328,21.4939],[103.1424,21.4857],[103.1503,21.4872],[103.1526,21.493],[103.1702,21.4932],[103.1729,21.4913],[103.1782,21.4855],[103.1798,21.4704],[103.1771,21.4671],[103.1785,21.4547],[103.1825,21.4482],[103.1815,21.4463],[103.1878,21.4371],[103.1852,21.4314],[103.1794,21.4255],[103.1781,21.4208],[103.1735,21.42],[103.1654,21.4154],[103.1583,21.4099],[103.1547,21.4048],[103.1451,21.4053],[103.1414,21.404],[103.1304,21.3994]],[[103.07321679389312,21.46208900763358],[103.0685,21.4588],[103.0593,21.4491],[103.07321679389312,21.46208900763358]],[[103.0915,21.4732],[103.087,21.4717],[103.08005916305919,21.466860173160185],[103.0915,21.4732]],[[103.1189,21.4674],[103.1165,21.4676],[103.1124,21.466],[103.1189,21.4674]],[[103.1218,21.4642],[103.1235660510592,21.464750081477458],[103.1179,21.4655],[103.1218,21.4642]],[[103.13673269098418,21.44910061940812],[103.138,21.45],[103.13774963119073,21.45078524762908],[103.13673269098418,21.44910061940812]],[[103.1281,21.4348],[103.1333,21.4424],[103.13389015429831,21.444391770756795],[103.1281,21.4348]]]}},{"type":"Feature","properties":{"admin_code":"DB-31","name":"Thanh Nưa","unit_type":"xã","former_units":["Hua Thanh","Thanh Luông","Thanh Hưng","Thanh Chăn","Thanh Nưa"],"source":"GADM 4.1 + Resolution 1661/NQ-UBTVQH15","FID":31,"NAME_1":"Điện Biên","NAME_3":"Thanh Nưa","TYPE_3":"Xã"},"geometry":{"type":"Polygon","coordinates":[[[102.9013,21.3756],[102.8979,21.3846],[102.9061,21.3913],[102.91254827586205,21.3935],[102.9109,21.3935],[102.9121,21.3998],[102.9217,21.4074],[102.92,21.4115],[102.9209,21.419],[102.924,21.4222],[102.9252,21.4306],[102.9361,21.4491],[102.9405,21.4527],[102.942,21.4563],[102.9411,21.4578],[102.9261,21.4567],[102.9217,21.4528],[102.9191,21.4527],[102.92,21.4502],[102.9137,21.4446],[102.9151,21.4424],[102.9133,21.4396],[102.9139,21.4374],[102.9054,21.4344],[102.9037,21.4313],[102.9047,21.4297],[102.9033,21.4298],[102.9027,21.4336],[102.8995,21.435],[102.8926,21.4322],[102.8906,21.4283],[102.8846,21.4253],[102.8758,21.4238],[102.873,21.4265],[102.874,21.4302],[102.8812,21.4369],[102.8803,21.4452],[102.8861,21.4468],[102.8887,21.4492],[102.8887,21.4577],[102.8867,21.4615],[102.8916,21.4654],[102.893,21.469],[102.8893,21.4759],[102.8929,21.4772],[102.905,21.4764],[102.9079,21.478],[102.9101,21.4802],[102.9096,21.4857],[102.9135,21.4874],[102.9164,21.4945],[102.924,21.4941],[102.9269,21.4925],[102.9271,21.4893],[102.9291,21.4878],[102.9424,21.4844],[102.9464,21.4859],[102.951,21.4921],[102.9657,21.4965],[102.9877,21.4869],[102.9958,21.4888],[102.9996,21.493],[103.0113,21.4956],[103.0168,21.489],[103.0215,21.4904],[103.0236,21.4932],[103.0362,21.4959],[103.0363,21.4921],[103.0334,21.4876],[103.0363,21.4795],[103.025,21.468],[103.0279,21.4669],[103.029,21.4641],[103.0258,21.459],[103.0287,21.4564],[103.0266,21.4551],[103.027,21.4493],[103.0294,21.4453],[103.0265,21.4421],[103.0247,21.4231],[103.0317,21.4159],[103.0279,21.4107],[103.0257,21.4126],[103.022,21.4102],[103.0198,21.4119],[103.0167,21.4117],[103.0148,21.4155],[103.0099,21.4162],[103.0038,21.4214],[103.0005,21.4203],[102.9987,21.4155],[102.9933,21.4125],[102.9954,21.4129],[102.9942,21.4079],[102.9924,21.4065],[102.9928,21.398],[103.0055,21.392],[103.0039,21.384],[103.0084,21.3821],[103.0094,21.3798],[103.0083076923077,21.378707692307692],[103.0117,21.3772],[103.0101,21.3725],[103.0051,21.3691],[103.0045,21.3645],[103.0046,21.3628],[103.0014,21.3619],[103.0005,21.3596],[103.0031,21.355],[102.9993,21.3537],[103.0014,21.3498],[102.989,21.3454],[102.9729,21.3526],[102.9636,21.3535],[102.9574,21.3523],[102.9515,21.3555],[102.9415,21.3521],[102.9427,21.3551],[102.9363,21.3612],[102.9313,21.3622],[102.9258,21.3609],[102.922,21.3622],[102.9189,21.3607],[102.9085,21.3651],[102.903,21.3648],[102.901,21.3661],[102.8982,21.3692],[102.9013,21.3756]],[[102.92144444444445,21.39206111111111],[102.9198,21.3935],[102.91684,21.3935],[102.92144444444445,21.39206111111111]],[[102.9466,21.3935],[102.94726320371446,21.394673360417876],[102.9441,21.3926],[102.9466,21.3935]],[[102.99755499412457,21.3829071680376],[102.9933,21.3839],[102.9818,21.384],[102.99755499412457,21.3829071680376]],[[103.00569076923077,21.37987076923077],[103.0023,21.3818],[103.0003,21.382266666666666],[103.00569076923077,21.37987076923077]]]}},{"type":"Feature","properties":{"admin_code":"DB-32","name":"Thanh An","unit_type":"xã","former_units":["Noong Hẹt","Sam Mứn","Thanh An"],"source":"GADM 4.1 + Resolution 1661/NQ-UBTVQH15","FID":32,"NAME_1":"Điện Biên","NAME_3":"Thanh An","TYPE_3":"Xã"},"geometry":{"type":"Polygon","coordinates":[[[103.063,21.2792],[103.0539,21.274],[103.0469,21.272],[103.0447,21.2696],[103.0401,21.2698],[103.0368,21.266],[103.0392,21.262],[103.034,21.2622],[103.0357,21.2612],[103.0365,21.2575],[103.034,21.2559],[103.0302,21.2573],[103.0294,21.2636],[103.0322,21.2661],[103.0293,21.267],[103.0281,21.2702],[103.0291,21.2837],[103.0277,21.2844],[103.0266,21.2905],[103.0313,21.3046],[103.03507800935772,21.305877456401532],[103.0271,21.3058],[103.0273,21.3081],[103.0238,21.3087],[103.0215,21.3068],[103.0215,21.303],[103.0105,21.3013],[103.006,21.296],[103.0022,21.2952],[103.0026,21.2963],[102.9981,21.2987],[102.9994,21.3031],[102.9968,21.3064],[103.003,21.314],[102.9986,21.3166],[103.0036,21.3187],[103.0011,21.323],[103.0032,21.3273],[103.0058,21.3274],[103.0058,21.3297],[103.0122,21.3347],[103.0131,21.3389],[103.0234,21.3403],[103.0226,21.3443],[103.0276,21.3442],[103.0278,21.3465],[103.0329,21.3455],[103.0358,21.3481],[103.0408,21.3476],[103.0435,21.3517],[103.0519,21.3503],[103.057,21.352],[103.0586,21.3464],[103.0662,21.3434],[103.0772,21.3426],[103.0798,21.3388],[103.0745,21.3339],[103.0711,21.3215],[103.0703,21.311],[103.0782,21.3054],[103.0783,21.3037],[103.063,21.2792]]]}},{"type":"Feature","properties":{"admin_code":"DB-33","name":"Thanh Yên","unit_type":"xã","former_units":["Noong Luống","Pa Thơm","Thanh Yên"],"source":"GADM 4.1 + Resolution 1661/NQ-UBTVQH15","FID":33,"NAME_1":"Điện Biên","NAME_3":"Thanh Yên","TYPE_3":"Xã"},"geometry":{"type":"Polygon","coordinates":[[[103.003,21.314],[102.9968,21.3064],[102.9994,21.3031],[102.9981,21.2987],[103.0026,21.2963],[102.9991,21.2947],[103.003,21.2873],[102.9927,21.2779],[102.9788,21.2752],[102.9774,21.2769],[102.9782,21.2797],[102.976,21.2808],[102.9712,21.2808],[102.9671,21.2788],[102.9685,21.2831],[102.9674,21.2847],[102.9606,21.2842],[102.9515,21.288],[102.9465666340748,21.287627670496214],[102.9451,21.2828],[102.9368,21.2855],[102.9273,21.2837],[102.924,21.2816],[102.9163,21.2836],[102.9086,21.2835],[102.9103,21.2788],[102.9063,21.2776],[102.905,21.2754],[102.9075,21.2678],[102.9043,21.2633],[102.9007,21.2618],[102.898,21.263],[102.8916,21.2625],[102.8841,21.2602],[102.8822,21.2579],[102.8677,21.2543],[102.863,21.2576],[102.862,21.2557],[102.8599,21.2568],[102.8596,21.2544],[102.8575,21.2545],[102.8573,21.253],[102.8483,21.2532],[102.8425,21.2471],[102.8288,21.2465],[102.8269,21.2477],[102.8266,21.2532],[102.8179,21.2526],[102.8212,21.2579],[102.8141,21.2649],[102.8157,21.267],[102.8218,21.2681],[102.8207,21.2717],[102.8327,21.278],[102.8343,21.2836],[102.8389,21.2826],[102.8393,21.2839],[102.8434,21.2841],[102.8453,21.2907],[102.849,21.2901],[102.852,21.2997],[102.8585,21.298],[102.8797,21.3019],[102.8842,21.2995],[102.892,21.3035],[102.8969,21.3032],[102.8995,21.3121],[102.8984,21.3147],[102.9001,21.3174],[102.8896,21.3327],[102.8913,21.335],[102.8911,21.3387],[102.8936,21.341],[102.8926,21.3458],[102.8945,21.3536],[102.8968,21.356],[102.894,21.3605],[102.899,21.3655],[102.9085,21.3651],[102.9189,21.3607],[102.922,21.3622],[102.9258,21.3609],[102.9313,21.3622],[102.9363,21.3612],[102.9427,21.3551],[102.9414,21.353],[102.94168771659608,21.352163823642663],[102.9515,21.3555],[102.9574,21.3523],[102.9636,21.3535],[102.9729,21.3526],[102.989,21.3454],[102.9926,21.3477],[102.9972,21.3476],[102.9967,21.3492],[103.0052,21.3501],[103.0042,21.3477],[103.0068,21.3475],[103.0041,21.3443],[103.0048,21.3367],[103.006,21.335],[103.0092,21.3353],[103.0098,21.3319],[103.0058,21.3297],[103.0058,21.3274],[103.0032,21.3273],[103.0011,21.323],[103.0036,21.3187],[102.99770261357835,21.31692270546197],[102.9986,21.3166],[103.003,21.314]],[[102.95313567977917,21.310803979756145],[102.9534,21.3095],[102.9602,21.3022],[102.95313567977917,21.310803979756145]],[[102.9527,21.3203],[102.9519,21.3169],[102.95248134920635,21.314032010582018],[102.9527,21.3203]],[[102.96012723818569,21.322174162906673],[102.9562,21.3222],[102.9527,21.3203],[102.96012723818569,21.322174162906673]],[[102.99296603337613,21.318626007702175],[102.9894,21.3209],[102.9783,21.3239],[102.99296603337613,21.318626007702175]]]}},{"type":"Feature","properties":{"admin_code":"DB-34","name":"Sam Mứn","unit_type":"xã","former_units":["Pom Lót","Na Ư"],"source":"GADM 4.1 + Resolution 1661/NQ-UBTVQH15","FID":34,"NAME_1":"Điện Biên","NAME_3":"Sam Mứn","TYPE_3":"Xã"},"geometry":{"type":"Polygon","coordinates":[[[102.9433,21.1277],[102.9432,21.1327],[102.9516,21.1386],[102.9522,21.1408],[102.947,21.1442],[102.9395,21.1584],[102.9306,21.1629],[102.9262,21.1609],[102.9234,21.1559],[102.9183,21.1616],[102.9156,21.161],[102.9045,21.1658],[102.9049,21.1746],[102.9096,21.176],[102.9106,21.1802],[102.9053,21.1908],[102.9098,21.1964],[102.9094,21.1997],[102.9127,21.2042],[102.9108,21.206],[102.9075,21.2171],[102.9078,21.2212],[102.9089,21.2254],[102.9134,21.2269],[102.9133,21.2296],[102.9041,21.2318],[102.8945,21.2433],[102.8806,21.2511],[102.8677,21.2543],[102.8822,21.2579],[102.8841,21.2602],[102.8916,21.2625],[102.898,21.263],[102.9007,21.2618],[102.9043,21.2633],[102.9075,21.2678],[102.905,21.2754],[102.9063,21.2776],[102.9103,21.2788],[102.9086,21.2835],[102.9163,21.2836],[102.924,21.2816],[102.9273,21.2837],[102.9368,21.2855],[102.9451,21.2828],[102.9462,21.2876],[102.9515,21.288],[102.9606,21.2842],[102.9674,21.2847],[102.9685,21.2831],[102.9671,21.2788],[102.9712,21.2808],[102.976,21.2808],[102.9782,21.2797],[102.9774,21.2769],[102.9788,21.2752],[102.9927,21.2779],[103.003,21.2873],[102.9991,21.2947],[103.006,21.296],[103.0105,21.3013],[103.0215,21.303],[103.0215,21.3068],[103.0238,21.3087],[103.0273,21.3081],[103.0271,21.3058],[103.0336,21.3063],[103.0304,21.3032],[103.0266,21.2905],[103.0277,21.2844],[103.0291,21.2837],[103.0281,21.2702],[103.0293,21.267],[103.0322,21.2661],[103.0294,21.2636],[103.0302,21.2573],[103.0213,21.2606],[103.0257,21.2524],[103.0226,21.2528],[103.021,21.2513],[103.0214,21.2495],[103.0188,21.2477],[103.0202,21.246],[103.019,21.24],[103.015,21.2358],[102.9981,21.2323],[102.9924,21.2285],[102.9896,21.2292],[102.9812,21.226],[102.98019304725692,21.226350244432375],[102.9832,21.2226],[102.9809,21.2206],[102.9811,21.2183],[102.9847,21.2151],[102.9868,21.2089],[102.9903,21.2053],[102.9882,21.1953],[102.9863,21.1938],[102.9885,21.1933],[102.9932,21.1809],[102.9872,21.1778],[102.989,21.1746],[102.9878,21.1694],[102.9893,21.1666],[102.988,21.1646],[102.99,21.1616],[102.9887,21.1597],[102.9873,21.1601],[102.9869,21.1565],[102.9844,21.1543],[102.9869,21.1467],[102.9841,21.1436],[102.9841,21.1408],[102.9826,21.1423],[102.9777,21.1383],[102.9772,21.1362],[102.9803,21.1344],[102.9799,21.1328],[102.9704,21.1261],[102.9628,21.1141],[102.9433,21.1277]],[[102.9478827586207,21.247421468298107],[102.9464,21.2501],[102.9422,21.2537],[102.9478827586207,21.247421468298107]],[[102.9546,21.24],[102.9529,21.2428],[102.951376,21.243562],[102.9546,21.24]],[[102.9662,21.2368],[102.9638,21.2398],[102.96301042593771,21.239817164653527],[102.9662,21.2368]]]}},{"type":"Feature","properties":{"admin_code":"DB-35","name":"Núa Ngam","unit_type":"xã","former_units":["Hẹ Muông","Na Tông","Núa Ngam"],"source":"GADM 4.1 + Resolution 1661/NQ-UBTVQH15","FID":35,"NAME_1":"Điện Biên","NAME_3":"Núa Ngam","TYPE_3":"Xã"},"geometry":{"type":"Polygon","coordinates":[[[103.0565,21.0146],[103.0507,21.0265],[103.0456,21.0314],[103.0447,21.0357],[103.0416,21.0393],[103.0417,21.0471],[103.0377,21.0517],[103.0361,21.058],[103.0276,21.0589],[103.0179,21.0645],[103.0141,21.065],[103.0124,21.0631],[103.0085,21.0643],[103.0058,21.0607],[103.0037,21.0605],[102.9966,21.0631],[102.9884,21.0622],[102.9787,21.0671],[102.975,21.0657],[102.9692,21.0704],[102.9668,21.0756],[102.9615,21.0813],[102.9668,21.0881],[102.9681,21.0948],[102.9615,21.1109],[102.9619,21.1131],[102.9704,21.1261],[102.9799,21.1328],[102.9803,21.1344],[102.9772,21.1362],[102.9777,21.1383],[102.9826,21.1423],[102.9848,21.1398],[102.9841,21.1436],[102.9869,21.1467],[102.9844,21.1543],[102.9869,21.1565],[102.9873,21.1601],[102.9887,21.1597],[102.99,21.1616],[102.988,21.1646],[102.9893,21.1666],[102.9878,21.1694],[102.989,21.1746],[102.9872,21.1778],[102.9932,21.1809],[102.9885,21.1933],[102.9863,21.1938],[102.9882,21.1953],[102.9903,21.2053],[102.9868,21.2089],[102.9847,21.2151],[102.9811,21.2183],[102.9809,21.2206],[102.9832,21.2226],[102.9812,21.226],[102.9896,21.2292],[102.9924,21.2285],[102.9981,21.2323],[103.009,21.2336],[103.015,21.2358],[103.016,21.2382],[103.0176,21.2378],[103.0202,21.246],[103.0188,21.2477],[103.0214,21.2495],[103.0226,21.2528],[103.0257,21.2524],[103.0213,21.2606],[103.034,21.2559],[103.0365,21.2575],[103.0357,21.2612],[103.034,21.2622],[103.0392,21.262],[103.0373,21.2672],[103.0388,21.2681],[103.0401,21.2698],[103.0447,21.2696],[103.0469,21.272],[103.0539,21.274],[103.063,21.2792],[103.0779,21.3025],[103.0798,21.3026],[103.087,21.2994],[103.093,21.3006],[103.0949,21.2943],[103.1002,21.2859],[103.1102,21.2865],[103.1147,21.2837],[103.119,21.2755],[103.118,21.2726],[103.1201,21.2698],[103.1217,21.2613],[103.1208,21.2579],[103.1098,21.2497],[103.1003,21.2454],[103.0934,21.2384],[103.0949,21.2191],[103.097,21.2129],[103.0912,21.2111],[103.0797,21.211],[103.0727,21.2079],[103.0703,21.2047],[103.0648,21.2036],[103.0625,21.205],[103.0574,21.2008],[103.0512,21.2011],[103.0475,21.2072],[103.0425,21.2015],[103.0374,21.1992],[103.0411,21.1935],[103.0443,21.1826],[103.04,21.1814],[103.037,21.1769],[103.0403,21.1641],[103.025,21.1506],[103.0262,21.144],[103.0299,21.1397],[103.0279,21.1343],[103.0286,21.132],[103.0572,21.1345],[103.0718,21.1398],[103.0819,21.131],[103.0863,21.1315],[103.0906,21.1292],[103.0969,21.1317],[103.0997,21.1293],[103.1014,21.1304],[103.1016,21.1281],[103.1049,21.1269],[103.1028,21.1239],[103.1031,21.1206],[103.1073,21.1184],[103.1115,21.1195],[103.1138,21.1177],[103.1132,21.1157],[103.1103,21.1149],[103.1119,21.1138],[103.1103,21.1131],[103.1104,21.109],[103.1145,21.1096],[103.113,21.1069],[103.1153,21.1054],[103.1155,21.0997],[103.1191,21.096],[103.1185,21.0937],[103.1202,21.0945],[103.121,21.0924],[103.1232,21.0934],[103.1245,21.0913],[103.1271,21.0909],[103.1262,21.0903],[103.1294,21.0858],[103.1415,21.0855],[103.1489,21.0899],[103.1618,21.0724],[103.166,21.0711],[103.1694,21.0659],[103.1672,21.0648],[103.1624,21.0666],[103.1584,21.0652],[103.1601,21.0618],[103.1478,21.0482],[103.1423,21.0446],[103.1435,21.0342],[103.1332,21.0376],[103.1321,21.0502],[103.1299,21.0541],[103.1139,21.0653],[103.1089,21.0659],[103.1053,21.0635],[103.098,21.0627],[103.094,21.0536],[103.0906,21.0348],[103.087,21.0327],[103.0793,21.032],[103.0774,21.0302],[103.0747,21.0214],[103.0678,21.0222],[103.0589,21.0144],[103.0565,21.0146]],[[103.0252,21.129],[103.0262578047042,21.129933357091947],[103.0181,21.1303],[103.0252,21.129]]]}},{"type":"Feature","properties":{"admin_code":"DB-36","name":"Mường Nhà","unit_type":"xã","former_units":["Mường Lói","Phu Luông","Mường Nhà"],"source":"GADM 4.1 + Resolution 1661/NQ-UBTVQH15","FID":36,"NAME_1":"Điện Biên","NAME_3":"Mường Nhà","TYPE_3":"Xã"},"geometry":{"type":"MultiPolygon","coordinates":[[[[103.2172,20.8955],[103.2103,20.9021],[103.2039,20.9031],[103.2014,20.902],[103.1975,20.9061],[103.1932,20.9016],[103.1821,20.9048],[103.1827,20.908],[103.1739,20.9095],[103.1706,20.9148],[103.1674,20.9158],[103.1677,20.9173],[103.1648,20.9162],[103.1649,20.9107],[103.1618,20.9074],[103.1513,20.9043],[103.1404,20.9078],[103.1374,20.907],[103.1354,20.9084],[103.1338,20.9073],[103.1329,20.9112],[103.1302,20.9121],[103.1225,20.9054],[103.1181,20.8963],[103.1148,20.8969],[103.1096,20.9015],[103.1115,20.9067],[103.1105,20.9101],[103.1124,20.9128],[103.1112,20.9167],[103.1062,20.9192],[103.1057,20.9238],[103.108,20.9253],[103.1047,20.935],[103.0953,20.9357],[103.0894,20.9408],[103.0877,20.9485],[103.0872,20.9685],[103.0854,20.9712],[103.08,20.9721],[103.078,20.9788],[103.0744,20.9818],[103.0721,20.9815],[103.0696,20.9892],[103.0707,20.9926],[103.0599,21.0017],[103.0583,21.0058],[103.0589,21.0144],[103.0678,21.0222],[103.0747,21.0214],[103.0774,21.0302],[103.0793,21.032],[103.087,21.0327],[103.0906,21.0348],[103.0965,21.0611],[103.098,21.0627],[103.1115,21.0661],[103.1299,21.0541],[103.1321,21.0502],[103.1332,21.0376],[103.1393,21.0346],[103.1451,21.0346],[103.1474,21.0324],[103.1507,21.033],[103.153,21.0304],[103.1581,21.0293],[103.1629,21.0323],[103.1797,21.0356],[103.1922,21.0369],[103.1961,21.0399],[103.2185,21.0459],[103.2276,21.0386],[103.2302,21.0397],[103.2416,21.037],[103.2442,21.0388],[103.2587,21.0363],[103.2669,21.0407],[103.2809,21.0408],[103.2814,21.0384],[103.2862,21.0352],[103.2849,21.0298],[103.2889,21.0275],[103.2867,21.0262],[103.292,21.0248],[103.2889,21.0212],[103.2919,21.0203],[103.2921,21.0172],[103.2834,21.0141],[103.2867,21.0119],[103.2869,21.01],[103.2851,21.005],[103.2806,21.005],[103.2797,21.0038],[103.281,20.9991],[103.2849,21.0],[103.2834,20.9974],[103.2898,20.9948],[103.2908,20.9915],[103.289,20.9906],[103.2941,20.9764],[103.2994,20.9703],[103.3002,20.9643],[103.2981,20.9607],[103.2978,20.9558],[103.3003,20.9469],[103.3024,20.9455],[103.2972,20.9447],[103.2894,20.9476],[103.2773,20.9379],[103.2773,20.9261],[103.2793,20.9241],[103.2784,20.9204],[103.2897,20.908],[103.2881,20.9049],[103.2811,20.9008],[103.2818,20.8962],[103.2774,20.8969],[103.2733,20.9024],[103.2671,20.9017],[103.2594,20.8966],[103.2559,20.8974],[103.2457,20.892],[103.2404,20.8946],[103.2336,20.8939],[103.2321,20.8956],[103.2209,20.8955],[103.2172,20.8955]],[[103.18066519337016,20.971485911602212],[103.1814,20.9702],[103.1924,20.9657],[103.18066519337016,20.971485911602212]],[[103.1972,21.0083],[103.19789245283019,21.011762264150942],[103.19646008064517,21.0074120967742],[103.1972,21.0083]],[[103.1984,21.0143],[103.1980316017316,21.01447619047619],[103.19822380952381,21.013419047619045],[103.1984,21.0143]]],[[[103.11,21.1944],[103.1178,21.1744],[103.1261,21.1625],[103.1319,21.1592],[103.1449,21.158],[103.1549,21.1594],[103.1625,21.1487],[103.1753,21.1498],[103.1762,21.1487],[103.1814,21.1363],[103.1772,21.1243],[103.1616,21.1198],[103.1577,21.1151],[103.1601,21.1039],[103.1656,21.0987],[103.1617,21.0863],[103.1728,21.0701],[103.1723,21.0679],[103.1694,21.0659],[103.166,21.0711],[103.1618,21.0724],[103.1489,21.0899],[103.1415,21.0855],[103.1294,21.0858],[103.1262,21.0903],[103.1271,21.0909],[103.1245,21.0913],[103.1232,21.0934],[103.121,21.0924],[103.1202,21.0945],[103.1185,21.0937],[103.1191,21.096],[103.1155,21.0997],[103.1153,21.1054],[103.113,21.1069],[103.1145,21.1096],[103.1104,21.109],[103.1103,21.1131],[103.1119,21.1138],[103.1103,21.1149],[103.1132,21.1157],[103.1138,21.1177],[103.1115,21.1195],[103.1073,21.1184],[103.1031,21.1206],[103.1028,21.1239],[103.1049,21.1269],[103.1016,21.1281],[103.1014,21.1304],[103.0997,21.1293],[103.0969,21.1317],[103.0906,21.1292],[103.0863,21.1315],[103.0819,21.131],[103.0718,21.1398],[103.0572,21.1345],[103.0286,21.132],[103.0279,21.1343],[103.0299,21.1397],[103.0262,21.144],[103.025,21.1506],[103.0403,21.1641],[103.037,21.1769],[103.04,21.1814],[103.0443,21.1826],[103.0411,21.1935],[103.0374,21.1992],[103.0425,21.2015],[103.0475,21.2072],[103.0512,21.2011],[103.0574,21.2008],[103.0625,21.205],[103.0648,21.2036],[103.0703,21.2047],[103.0727,21.2079],[103.0797,21.211],[103.0912,21.2111],[103.097,21.2129],[103.1036,21.1972],[103.11,21.1944]]]]}},{"type":"Feature","properties":{"admin_code":"DB-37","name":"Na Son","unit_type":"xã","former_units":["Điện Biên Đông","Keo Lôm","Na Son"],"source":"GADM 4.1 + Resolution 1661/NQ-UBTVQH15","FID":37,"NAME_1":"Điện Biên","NAME_3":"Na Son","TYPE_3":"Xã"},"geometry":{"type":"Polygon","coordinates":[[[103.2565,21.2773],[103.2589,21.2784],[103.2588,21.2744],[103.2605,21.2735],[103.2615,21.2695],[103.2602,21.2673],[103.2626,21.265],[103.2595,21.2612],[103.2617,21.2591],[103.2581,21.2582],[103.2588,21.2561],[103.2564,21.2532],[103.2525,21.255],[103.2511,21.2532],[103.2493,21.2538],[103.2451,21.2518],[103.242,21.2464],[103.2395,21.2472],[103.2387,21.2457],[103.2419,21.2441],[103.2391,21.2396],[103.2357,21.2423],[103.2339,21.2404],[103.2337,21.234],[103.2299,21.2308],[103.2303,21.2282],[103.2319,21.2281],[103.2311,21.2255],[103.2248,21.2201],[103.2222,21.2212],[103.2205,21.2199],[103.2161,21.2117],[103.2082,21.2098],[103.2054,21.2076],[103.2052,21.205],[103.1936,21.1932],[103.1922,21.1882],[103.1892,21.1852],[103.1887,21.1788],[103.1816,21.1768],[103.1637,21.1778],[103.1617,21.1753],[103.1594,21.1766],[103.1514,21.1755],[103.1419,21.1674],[103.1367,21.1657],[103.1219,21.1679],[103.1151,21.1801],[103.11,21.1944],[103.1036,21.1972],[103.1001,21.2042],[103.0949,21.2191],[103.0934,21.2384],[103.1003,21.2454],[103.1098,21.2497],[103.1208,21.2579],[103.1284,21.2511],[103.1377,21.2507],[103.1398,21.2524],[103.1376,21.2601],[103.1423,21.2667],[103.1456,21.2682],[103.1549,21.2814],[103.1583,21.2838],[103.165,21.2847],[103.1751,21.2918],[103.1916,21.288],[103.1766,21.292],[103.1772,21.3006],[103.1751,21.3039],[103.1766,21.3084],[103.1867,21.3181],[103.186,21.3226],[103.1891,21.3326],[103.1914,21.3342],[103.1913,21.338],[103.1937,21.3408],[103.1942,21.3442],[103.1956,21.3444],[103.1965,21.35],[103.2045,21.3619],[103.2041,21.365],[103.2172,21.4003],[103.2194,21.4031],[103.2239,21.4025],[103.2231,21.4069],[103.227,21.4151],[103.2417,21.429],[103.2482,21.4272],[103.2511,21.4248],[103.2502,21.414],[103.2552,21.4058],[103.2506,21.3942],[103.252,21.3836],[103.2495,21.3798],[103.2488,21.3727],[103.2515,21.3687],[103.2536,21.3605],[103.2475,21.3518],[103.2525,21.3466],[103.2486,21.3384],[103.265,21.337],[103.2689,21.3391],[103.2574,21.3252],[103.2584,21.3205],[103.2571,21.3184],[103.2606,21.3184],[103.2595,21.3125],[103.2511,21.2999],[103.2506,21.2983],[103.2525,21.2963],[103.2514,21.2938],[103.2542,21.2951],[103.2576,21.2926],[103.2533,21.2905],[103.2525,21.2877],[103.2555,21.2848],[103.2524,21.2827],[103.2569,21.2794],[103.2557,21.2779],[103.2456,21.281],[103.2565,21.2773]],[[103.20428629032259,21.269528225806454],[103.2074,21.2817],[103.2035,21.27],[103.20428629032259,21.269528225806454]]]}},{"type":"Feature","properties":{"admin_code":"DB-38","name":"Xa Dung","unit_type":"xã","former_units":["Phì Nhừ","Xa Dung"],"source":"GADM 4.1 + Resolution 1661/NQ-UBTVQH15","FID":38,"NAME_1":"Điện Biên","NAME_3":"Xa Dung","TYPE_3":"Xã"},"geometry":{"type":"Polygon","coordinates":[[[103.3474,21.3284],[103.342,21.3174],[103.3466,21.3166],[103.3495,21.3121],[103.3463,21.3095],[103.3503,21.2966],[103.3457,21.2964],[103.3354,21.2922],[103.3361,21.2821],[103.3277,21.2722],[103.3283,21.2677],[103.3252,21.2642],[103.3265,21.2601],[103.3243,21.2558],[103.3246,21.2518],[103.3285,21.2478],[103.3287,21.244],[103.32,21.2386],[103.3148,21.2405],[103.3147,21.2357],[103.3121,21.2349],[103.3117,21.2304],[103.3076,21.2302],[103.2945,21.2223],[103.2919,21.2182],[103.2846,21.2154],[103.279,21.2096],[103.275,21.209],[103.269,21.2145],[103.2613,21.2092],[103.2527,21.2081],[103.2486,21.2091],[103.2466,21.2126],[103.2441,21.213],[103.2414,21.2113],[103.2355,21.2157],[103.2332,21.2199],[103.2289,21.2189],[103.2293,21.2211],[103.2262,21.221],[103.232,21.2272],[103.2299,21.2308],[103.2337,21.234],[103.2339,21.2404],[103.2357,21.2423],[103.2391,21.2396],[103.2416,21.2423],[103.2419,21.2441],[103.2387,21.2457],[103.2395,21.2472],[103.242,21.2464],[103.2451,21.2518],[103.2493,21.2538],[103.2511,21.2532],[103.2525,21.255],[103.2564,21.2532],[103.2588,21.2561],[103.2581,21.2582],[103.2617,21.2591],[103.2595,21.2612],[103.2626,21.265],[103.2602,21.2673],[103.2615,21.2695],[103.2605,21.2735],[103.2588,21.2744],[103.2589,21.2784],[103.2565,21.2773],[103.2569,21.2794],[103.2524,21.2827],[103.2555,21.2848],[103.2525,21.2877],[103.2533,21.2905],[103.2576,21.2926],[103.2542,21.2951],[103.2514,21.2938],[103.2525,21.2963],[103.2506,21.2983],[103.2595,21.3125],[103.2606,21.3184],[103.2571,21.3184],[103.2584,21.3205],[103.2574,21.3252],[103.2689,21.3391],[103.265,21.337],[103.2486,21.3384],[103.2525,21.3466],[103.2475,21.3518],[103.2536,21.3605],[103.2515,21.3687],[103.2488,21.3727],[103.2495,21.3798],[103.252,21.3836],[103.2506,21.3942],[103.2552,21.4058],[103.2502,21.414],[103.2511,21.4248],[103.2625,21.415],[103.2622,21.4208],[103.2653,21.4274],[103.2746,21.4236],[103.2802,21.4178],[103.2872,21.414],[103.2922,21.4024],[103.2994,21.4079],[103.3198,21.4113],[103.3233,21.4141],[103.3311,21.4154],[103.3312,21.4129],[103.336,21.4117],[103.3402,21.3999],[103.345,21.3996],[103.3449,21.3983],[103.3586,21.3883],[103.3614,21.3777],[103.361,21.3739],[103.3626,21.3718],[103.373,21.372],[103.3758,21.37],[103.3884,21.3676],[103.388,21.3605],[103.3839,21.357],[103.3802,21.3491],[103.3716,21.3407],[103.3698,21.3316],[103.3671,21.3338],[103.3508,21.332],[103.3474,21.3284]],[[103.29465272206303,21.35692893982808],[103.2937,21.3573],[103.2842,21.3578],[103.29465272206303,21.35692893982808]]]}},{"type":"Feature","properties":{"admin_code":"DB-39","name":"Pu Nhi","unit_type":"xã","former_units":["Nong U","Pu Nhi"],"source":"GADM 4.1 + Resolution 1661/NQ-UBTVQH15","FID":39,"NAME_1":"Điện Biên","NAME_3":"Pu Nhi","TYPE_3":"Xã"},"geometry":{"type":"Polygon","coordinates":[[[103.165,21.2847],[103.1583,21.2838],[103.1549,21.2814],[103.1456,21.2682],[103.1423,21.2667],[103.1376,21.2601],[103.1398,21.2524],[103.1377,21.2507],[103.1284,21.2511],[103.1208,21.2579],[103.1217,21.2613],[103.1201,21.2698],[103.118,21.2726],[103.119,21.2755],[103.1147,21.2837],[103.1102,21.2865],[103.1002,21.2859],[103.0949,21.2943],[103.093,21.3006],[103.087,21.2994],[103.0827,21.3003],[103.0779,21.3025],[103.0782,21.3054],[103.0721,21.3085],[103.0697,21.313],[103.0724,21.3294],[103.0745,21.3339],[103.0798,21.3388],[103.0729,21.3462],[103.0725,21.356],[103.0711,21.3571],[103.0674,21.3717],[103.0688,21.3777],[103.0716,21.3783],[103.0779,21.3761],[103.0909,21.3848],[103.1097,21.3788],[103.1123,21.3822],[103.1088,21.3893],[103.1121,21.3948],[103.1165,21.3961],[103.1223,21.394],[103.1263,21.3993],[103.1366,21.4014],[103.14,21.404],[103.1451,21.4053],[103.1547,21.4048],[103.1583,21.4099],[103.1654,21.4154],[103.1735,21.42],[103.1781,21.4208],[103.1794,21.4255],[103.1852,21.4314],[103.1878,21.4371],[103.1936,21.4363],[103.1957,21.4317],[103.2004,21.4289],[103.2101,21.4306],[103.2164,21.426],[103.2256,21.4268],[103.2313,21.423],[103.2367,21.424],[103.227,21.4151],[103.2231,21.4069],[103.2239,21.4025],[103.2194,21.4031],[103.2172,21.4003],[103.2041,21.365],[103.2045,21.3619],[103.1965,21.35],[103.1956,21.3444],[103.1942,21.3442],[103.1937,21.3408],[103.1913,21.338],[103.1914,21.3342],[103.1883,21.33],[103.186,21.3226],[103.1867,21.3181],[103.1766,21.3084],[103.1751,21.3039],[103.1772,21.3006],[103.1766,21.292],[103.165,21.2847]]]}},{"type":"Feature","properties":{"admin_code":"DB-40","name":"Mường Luân","unit_type":"xã","former_units":["Chiềng Sơ","Luân Giói","Mường Luân"],"source":"GADM 4.1 + Resolution 1661/NQ-UBTVQH15","FID":40,"NAME_1":"Điện Biên","NAME_3":"Mường Luân","TYPE_3":"Xã"},"geometry":{"type":"Polygon","coordinates":[[[103.4337,21.2373],[103.4342,21.2332],[103.4316,21.2242],[103.4349,21.2205],[103.4326,21.2083],[103.436,21.2021],[103.4381,21.1917],[103.435,21.1829],[103.4338,21.1691],[103.4281,21.163],[103.415,21.1689],[103.4073,21.161],[103.4042,21.155],[103.3992,21.1664],[103.395,21.162],[103.3911,21.1685],[103.3859,21.1643],[103.3826,21.1581],[103.3739,21.1597],[103.3657,21.1674],[103.3654,21.173],[103.3636,21.1756],[103.3525,21.1832],[103.35096385264774,21.192530672806342],[103.3397,21.193],[103.3326,21.1978],[103.332,21.2016],[103.3298,21.2031],[103.3253,21.2019],[103.3188,21.2027],[103.3103,21.2093],[103.3082,21.214],[103.3091,21.218],[103.307,21.2212],[103.3079,21.2244],[103.3062,21.2288],[103.3117,21.2304],[103.3121,21.2349],[103.3147,21.2357],[103.3148,21.2405],[103.32,21.2386],[103.3287,21.244],[103.3285,21.2478],[103.3246,21.2518],[103.3243,21.2558],[103.3265,21.2601],[103.3252,21.2642],[103.3283,21.2677],[103.3277,21.2722],[103.3361,21.2821],[103.3354,21.2922],[103.3457,21.2964],[103.3503,21.2966],[103.3509793814433,21.29592061855671],[103.3463,21.3095],[103.3495,21.3121],[103.3466,21.3166],[103.342,21.3174],[103.3487,21.3305],[103.358,21.3337],[103.3617,21.3326],[103.3671,21.3338],[103.3744,21.3291],[103.3814,21.3285],[103.3974,21.3173],[103.415,21.3194],[103.4327,21.3107],[103.4328,21.3045],[103.4399,21.2869],[103.4385,21.2845],[103.4412,21.2824],[103.4404,21.2751],[103.4389,21.2739],[103.4393,21.2637],[103.4343,21.259],[103.4308,21.2519],[103.4332,21.2448],[103.4366,21.2413],[103.4337,21.2373]],[[103.4071,21.243],[103.4232,21.2365],[103.40423533632286,21.24485730941705],[103.4071,21.243]],[[103.3617,21.2915],[103.3525605633803,21.294339436619715],[103.3537,21.2932],[103.3617,21.2915]]]}},{"type":"Feature","properties":{"admin_code":"DB-41","name":"Tìa Dình","unit_type":"xã","former_units":["Háng Lìa","Tìa Dình"],"source":"GADM 4.1 + Resolution 1661/NQ-UBTVQH15","FID":41,"NAME_1":"Điện Biên","NAME_3":"Tìa Dình","TYPE_3":"Xã"},"geometry":{"type":"Polygon","coordinates":[[[103.2815,21.1318],[103.2764,21.1323],[103.2749,21.1468],[103.2821,21.1529],[103.2811,21.156],[103.283,21.1571],[103.2816,21.1609],[103.2866,21.1644],[103.2885,21.169],[103.2871,21.1711],[103.2824,21.171],[103.2836,21.1743],[103.2821,21.1778],[103.2731,21.1807],[103.2758,21.1934],[103.2819,21.1968],[103.2801,21.1994],[103.2815,21.2007],[103.2806,21.2046],[103.2825,21.2069],[103.28,21.2114],[103.2846,21.2154],[103.2919,21.2182],[103.2945,21.2223],[103.3062,21.2288],[103.3079,21.2244],[103.307,21.2212],[103.3091,21.218],[103.3088,21.2123],[103.3139,21.2059],[103.3212,21.2022],[103.3298,21.2031],[103.332,21.2016],[103.3326,21.1978],[103.3397,21.193],[103.3517,21.1925],[103.3525,21.1832],[103.3636,21.1756],[103.3654,21.173],[103.3657,21.1674],[103.3762,21.1589],[103.3826,21.1581],[103.3859,21.1643],[103.3911,21.1685],[103.395,21.162],[103.3992,21.1664],[103.4042,21.155],[103.3964,21.1511],[103.3953,21.1482],[103.4006,21.1299],[103.4021,21.1051],[103.406,21.1002],[103.4056,21.0964],[103.4087,21.0874],[103.4146,21.0823],[103.4186,21.0752],[103.4243,21.0713],[103.4251,21.0689],[103.4221,21.0649],[103.4022,21.0601],[103.3921,21.0636],[103.3825,21.062],[103.3715,21.0624],[103.3658,21.071],[103.3586,21.0721],[103.3537,21.0777],[103.3339,21.0918],[103.3249,21.0924],[103.3174,21.0958],[103.3157,21.0933],[103.3129,21.0927],[103.3094,21.0962],[103.3007,21.0958],[103.2947,21.0985],[103.2865,21.0933],[103.2928,21.084],[103.2878,21.078],[103.2859,21.0784],[103.2863,21.081],[103.2821,21.0899],[103.276,21.0952],[103.2754,21.1053],[103.2734,21.1122],[103.271,21.1148],[103.2728,21.1309],[103.2778,21.1305],[103.2774,21.1321],[103.2815,21.1318]],[[103.2993,21.1346],[103.30119647058824,21.13649647058824],[103.2867,21.1281],[103.2993,21.1346]],[[103.31360803149607,21.140456220472444],[103.3069,21.1398],[103.30567727807556,21.13909178977644],[103.31360803149607,21.140456220472444]],[[103.32677794594593,21.139840540540543],[103.3253,21.1416],[103.3231776754075,21.141392381289865],[103.32677794594593,21.139840540540543]]]}},{"type":"Feature","properties":{"admin_code":"DB-42","name":"Phình Giàng","unit_type":"xã","former_units":["Pú Hồng","Phình Giàng"],"source":"GADM 4.1 + Resolution 1661/NQ-UBTVQH15","FID":42,"NAME_1":"Điện Biên","NAME_3":"Phình Giàng","TYPE_3":"Xã"},"geometry":{"type":"Polygon","coordinates":[[[103.271,21.1209],[103.2724,21.1181],[103.271,21.1148],[103.2734,21.1122],[103.2754,21.1053],[103.276,21.0952],[103.2821,21.0899],[103.2863,21.081],[103.2859,21.0784],[103.2934,21.0753],[103.2995,21.068],[103.3019,21.0615],[103.3,21.0593],[103.2945,21.0619],[103.2894,21.0614],[103.282,21.066],[103.2805,21.0638],[103.2811,21.0606],[103.2757,21.0627],[103.2786,21.059],[103.275,21.057],[103.2739,21.0524],[103.2775,21.051],[103.2759,21.0445],[103.2809,21.0426],[103.2809,21.0408],[103.2669,21.0407],[103.2587,21.0363],[103.2442,21.0388],[103.2416,21.037],[103.2302,21.0397],[103.2276,21.0386],[103.2185,21.0459],[103.1961,21.0399],[103.1922,21.0369],[103.1758,21.0353],[103.1629,21.0323],[103.1581,21.0293],[103.153,21.0304],[103.1507,21.033],[103.1474,21.0324],[103.1451,21.0346],[103.1435,21.0342],[103.1423,21.0446],[103.1478,21.0482],[103.1601,21.0618],[103.1584,21.0652],[103.1624,21.0666],[103.1672,21.0648],[103.1723,21.0679],[103.1728,21.0701],[103.1617,21.0863],[103.1656,21.0987],[103.1601,21.1039],[103.1577,21.1151],[103.1616,21.1198],[103.1772,21.1243],[103.1814,21.1363],[103.1753,21.1498],[103.1625,21.1487],[103.1549,21.1594],[103.1449,21.158],[103.1319,21.1592],[103.1261,21.1625],[103.1219,21.1679],[103.1367,21.1657],[103.1419,21.1674],[103.1514,21.1755],[103.1594,21.1766],[103.1617,21.1753],[103.1637,21.1778],[103.1816,21.1768],[103.1887,21.1788],[103.1892,21.1852],[103.1922,21.1882],[103.1936,21.1932],[103.2052,21.205],[103.2054,21.2076],[103.2082,21.2098],[103.2161,21.2117],[103.2222,21.2212],[103.2248,21.2201],[103.2293,21.2211],[103.2289,21.2189],[103.2332,21.2199],[103.2355,21.2157],[103.2414,21.2113],[103.2441,21.213],[103.2466,21.2126],[103.2486,21.2091],[103.2527,21.2081],[103.2613,21.2092],[103.269,21.2145],[103.275,21.209],[103.279,21.2096],[103.28,21.2114],[103.2825,21.2069],[103.2806,21.2046],[103.2815,21.2007],[103.2801,21.1994],[103.2819,21.1968],[103.2758,21.1934],[103.2731,21.1807],[103.2821,21.1778],[103.2836,21.1743],[103.2824,21.171],[103.2871,21.1711],[103.2885,21.169],[103.2866,21.1644],[103.2816,21.1609],[103.283,21.1571],[103.2811,21.156],[103.2821,21.1529],[103.2749,21.1468],[103.2756,21.1339],[103.2782,21.1312],[103.2728,21.1309],[103.2716,21.1274],[103.271,21.1209]]]}},{"type":"Feature","properties":{"admin_code":"DB-43","name":"Mường Lay","unit_type":"phường","former_units":["Sông Đà","Na Lay","Lay Nưa","Sá Tổng"],"source":"GADM 4.1 + Resolution 1661/NQ-UBTVQH15","FID":43,"NAME_1":"Điện Biên","NAME_3":"Mường Lay","TYPE_3":"Phường"},"geometry":{"type":"Polygon","coordinates":[[[103.2224,21.9598],[103.2195,21.9609],[103.2192,21.9661],[103.2164,21.9675],[103.2087,21.9663],[103.2021,21.9629],[103.1912,21.9621],[103.184,21.9709],[103.1765,21.9657],[103.1765,21.9615],[103.1706,21.962],[103.1662,21.9571],[103.1586,21.9612],[103.1555,21.9648],[103.1503,21.9663],[103.1508,21.9705],[103.1467,21.9683],[103.1378,21.9699],[103.1353,21.9679],[103.1347,21.9713],[103.1316,21.974],[103.1288,21.9742],[103.1258,21.9802],[103.1152,21.9809],[103.1078,21.9876],[103.1014,21.9889],[103.0989,22.0018],[103.1004,22.0102],[103.0905,22.022],[103.0838,22.0278],[103.0799,22.0287],[103.0654,22.0388],[103.0553,22.039],[103.0462,22.0487],[103.0561,22.0533],[103.0592,22.0614],[103.0642,22.063],[103.0713,22.0588],[103.077,22.0575],[103.09504609665427,22.058306939281287],[103.0956,22.0656],[103.0897,22.0703],[103.0951,22.0762],[103.0959,22.0833],[103.0997,22.0871],[103.1026,22.1018],[103.1131,22.0995],[103.1213,22.0954],[103.1333,22.0739],[103.1445,22.0677],[103.1491,22.0677],[103.1507,22.0751],[103.1586,22.0765],[103.1666,22.0745],[103.1672,22.0794],[103.1701,22.0815],[103.1763,22.0763],[103.1922,22.0696],[103.2,22.0679],[103.2111,22.0703],[103.2253,22.0637],[103.2437,22.0491],[103.2628,22.0452],[103.2773,22.039],[103.2885,22.0397],[103.2846,22.0301],[103.2777,22.0268],[103.2749,22.0215],[103.2682,22.0217],[103.2627,22.0161],[103.2624,22.0129],[103.267,22.0075],[103.2681,22.0014],[103.2578,21.9748],[103.2645,21.9536],[103.2636,21.9448],[103.2517,21.9349],[103.2524,21.9318],[103.25,21.9319],[103.2476,21.9375],[103.2403,21.9431],[103.2383,21.9519],[103.2233,21.9516],[103.2238,21.9569],[103.2224,21.9598]],[[103.1141,22.0434],[103.1128,22.0478],[103.11277922235723,22.047824605103273],[103.1141,22.0434]],[[103.1856,22.0478],[103.18650136986301,22.050632876712335],[103.1831,22.0454],[103.1856,22.0478]]]}},{"type":"Feature","properties":{"admin_code":"DB-44","name":"Điện Biên Phủ","unit_type":"phường","former_units":["Him Lam","Tân Thanh","Mường Thanh","Thanh Bình","Thanh Trường","Thanh Minh"],"source":"GADM 4.1 + Resolution 1661/NQ-UBTVQH15","FID":44,"NAME_1":"Điện Biên","NAME_3":"Điện Biên Phủ","TYPE_3":"Phường"},"geometry":{"type":"Polygon","coordinates":[[[103.0136,21.3764],[103.0117,21.3772],[103.0081,21.3785],[103.0094,21.3798],[103.0084,21.3821],[103.0039,21.384],[103.0055,21.392],[102.9928,21.398],[102.9924,21.4065],[102.9942,21.4079],[102.9958,21.4143],[102.9987,21.4155],[103.0005,21.4203],[103.0038,21.4214],[103.0099,21.4162],[103.0148,21.4155],[103.0167,21.4117],[103.0198,21.4119],[103.022,21.4102],[103.0257,21.4126],[103.02778324752475,21.41080083168317],[103.0317,21.4159],[103.0247,21.4231],[103.0253,21.4399],[103.0294,21.4453],[103.0269,21.452],[103.0313,21.4528],[103.0403,21.4611],[103.041,21.4586],[103.0476,21.4541],[103.0482,21.4515],[103.0617,21.4386],[103.071,21.4366],[103.0811,21.4373],[103.0828,21.4319],[103.0819,21.4269],[103.0839,21.4245],[103.0782,21.4184],[103.0815,21.4216],[103.0864,21.421],[103.085,21.4122],[103.0874,21.4111],[103.0875,21.4089],[103.0842,21.4063],[103.0877,21.4026],[103.0857,21.4008],[103.0891,21.3967],[103.0909,21.3848],[103.0779,21.3761],[103.0716,21.3783],[103.0688,21.3777],[103.068,21.3738],[103.0648,21.3738],[103.0623,21.3717],[103.0592,21.3716],[103.0534,21.3752],[103.0467,21.3758],[103.0395,21.3736],[103.0364,21.3753],[103.0395,21.3759],[103.0407,21.3836],[103.0389,21.3851],[103.0433,21.3859],[103.0422,21.391],[103.0451,21.3918],[103.0431,21.3924],[103.0435,21.3938],[103.0342,21.3977],[103.0311,21.3957],[103.0298,21.3923],[103.0275,21.3917],[103.027,21.3861],[103.0253,21.3829],[103.0211,21.3808],[103.0164,21.3798],[103.0136,21.3764]],[[103.0115,21.3866],[103.013,21.3903],[103.0128849484536,21.392294226804133],[103.01083005780347,21.38638641618497],[103.01147070457354,21.385457478368366],[103.0115,21.3866]],[[103.0079,21.3985],[103.0102,21.3873],[103.01075284552846,21.386498373983734],[103.0079,21.3985]],[[103.0137,21.3978],[103.0103,21.4046],[103.0117,21.4016],[103.0137,21.3978]],[[103.01279916054564,21.393781217208815],[103.0127,21.3955],[103.0112,21.3961],[103.01279916054564,21.393781217208815]],[[103.0518,21.4039],[103.05120456621005,21.4034348173516],[103.05253514774495,21.403646500777604],[103.0518,21.4039]],[[103.0663,21.3989],[103.0556237037037,21.40258148148148],[103.0596,21.4003],[103.0663,21.3989]],[[103.0264,21.409],[103.02733819875775,21.410221428571415],[103.02573661593554,21.408857117278423],[103.0264,21.409]]]}},{"type":"Feature","properties":{"admin_code":"DB-45","name":"Mường Thanh","unit_type":"phường","former_units":["Noong Bua","Nam Thanh","Thanh Xương"],"source":"GADM 4.1 + Resolution 1661/NQ-UBTVQH15","FID":45,"NAME_1":"Điện Biên","NAME_3":"Mường Thanh","TYPE_3":"Phường"},"geometry":{"type":"Polygon","coordinates":[[[103.0725,21.356],[103.0729,21.3462],[103.0772,21.3426],[103.0662,21.3434],[103.0586,21.3464],[103.057,21.352],[103.0519,21.3503],[103.0435,21.3517],[103.0408,21.3476],[103.0358,21.3481],[103.0329,21.3455],[103.0278,21.3465],[103.0276,21.3442],[103.0226,21.3443],[103.0234,21.3403],[103.0131,21.3389],[103.0122,21.3347],[103.0094,21.3331],[103.0092,21.3353],[103.006,21.335],[103.0048,21.3367],[103.0041,21.3443],[103.0068,21.3475],[103.0042,21.3477],[103.0052,21.3501],[103.0001,21.3511],[102.9993,21.3537],[103.0031,21.355],[103.0005,21.3596],[103.0014,21.3619],[103.0046,21.3628],[103.0045,21.3645],[103.0051,21.3691],[103.0101,21.3725],[103.0117,21.3772],[103.0136,21.3764],[103.0164,21.3798],[103.0211,21.3808],[103.0253,21.3829],[103.0275,21.3917],[103.0298,21.3923],[103.0311,21.3957],[103.032,21.3972],[103.0356,21.3974],[103.0451,21.3918],[103.0422,21.391],[103.0433,21.3859],[103.0389,21.3851],[103.0407,21.3836],[103.0395,21.3759],[103.0366432781457,21.375347086092717],[103.0395,21.3736],[103.0467,21.3758],[103.0534,21.3752],[103.0592,21.3716],[103.068,21.3738],[103.0677,21.3693],[103.0725,21.356]]]}}]}